CRASH_RECORD_ID,CRASH_DATE,WEATHER_CONDITION,LIGHTING_CONDITION,TRAFFICWAY_TYPE,ROADWAY_SURFACE_COND,STREET_NO,STREET_DIRECTION,STREET_NAME,CRASH_HOUR,CRASH_DAY_OF_WEEK,CRASH_MONTH,LATITUDE,LONGITUDE,LOCATION
20473fd2a575f59f90d599913a7b13651ed7c372a914f4275d50bf1a00ec017f350d2fb9e0bc5282476569e8587a0e0cbbd48abaf800c1a108094418158ada32,2/11/2026 15:55,CLEAR,DAYLIGHT,CENTER TURN LANE,DRY,65,W,KINZIE ST,15,4,2,41.88910913,-87.63054063,POINT (-87.63054062863 41.889109128178)
eab50da38a723fe186e11661102242763bf72601959509158f37c5fad99d0bdd65ee74933007d16096fd6e12b9e5ce78e47982885224f24acd164fa0e8d1e50f,2/11/2026 9:02,CLEAR,DAYLIGHT,ONE-WAY,DRY,70,E,MADISON ST,9,4,2,41.8822068,-87.62529132,POINT (-87.625291317727 41.882206795974)
2df8f28a5d9eee59442a9fd2ba22e61de1ee5743e462eb1994e148e40953b89b348d8a67fa8c06ef1651f724f847da8642155248c729765b17a47ac2ed6b2f4f,2/11/2026 8:53,CLEAR,DAYLIGHT,FOUR WAY,DRY,298,S,COLUMBUS DR,8,4,2,41.87838431,-87.62083163,POINT (-87.620831634157 41.87838430551)
39da01b737754373ad30f69d960f0b055f0f48486ab5fdc91cbf83910090011c6a676c571a59cd1e7931b95e8c100a90efc8291963f832fc4c9ebc0f3ba1a3e5,2/11/2026 8:05,CLEAR,DAYLIGHT,NOT DIVIDED,DRY,301,S,COLUMBUS DR,8,4,2,41.87826992,-87.62052861,POINT (-87.620528612011 41.87826991907)
c10958b3ee45f42df1490c7243e6c301ab7ef66a709be92b02a7defa4525863a0861ab84d82ec4eb7453b3b02f9e1a2addfa4fe150911844ccea94ae4e9c498a,2/11/2026 7:47,CLEAR,DAYLIGHT,FOUR WAY,DRY,525,N,ST CLAIR ST,7,4,2,41.89171652,-87.62252387,POINT (-87.62252387079 41.891716520338)
8e2865b7be3184cc3c6b54905ae348a342c3b56075323f2fb5a4a41673602010f0507d3bef6e5bbb983282a631bf6748abd4f6cda5b1bb27203ebb9da446faad,2/11/2026 7:00,UNKNOWN,UNKNOWN,PARKING LOT,UNKNOWN,210,N,WELLS ST,7,4,2,41.8860284,-87.63408498,POINT (-87.63408498312 41.886028398061)
aae4bdad76f9baef2e04f6439029b7724e7217ba161d169e3ab69cc5c53536bb3bf440fb3353e85c76b82ac4f5efc55b393df589194af1189be42dba5be8de5b,2/10/2026 18:00,CLEAR,DUSK,DIVIDED - W/MEDIAN (NOT RAISED),DRY,9,W,KINZIE ST,18,3,2,41.88913727,-87.62843006,POINT (-87.628430059843 41.889137270566)
1b1200dc4767295d4432035b6307da4c7c7c7cef668646f6fea4591fb0b6453d6055c256be3277b6fef36f19500cf1a606d18f61ca935ad9836c7d339ea247dd,2/10/2026 10:30,CLEAR,DAYLIGHT,FOUR WAY,DRY,130,E,IDA B WELLS DR,10,3,2,41.87584944,-87.6231539,POINT (-87.623153896353 41.875849441478)
cf7462a408208e654d2d8dc1b3ec2a0674689a2fb74413db4c5055a9f3326337e5a1ed441be8c64bf3e8fe1294e94a015d10e942fbb6558e659c08c2bb96c727,2/10/2026 9:36,CLEAR,DAYLIGHT,FOUR WAY,DRY,291,S,COLUMBUS DR,9,3,2,41.87840575,-87.62053929,POINT (-87.620539289382 41.878405745325)
0ad67f0657f74b01b74bfa5d64208c396bea929bea270b84ffa2ac659febacfe413d5ce04f392aae2fa1350e1782363b6f3d248caa92cbeff3cd57334ee379d8,2/10/2026 9:08,CLEAR,DAYLIGHT,T-INTERSECTION,DRY,128,E,RANDOLPH ST,9,3,2,41.88458029,-87.62333572,POINT (-87.623335717595 41.884580286799)
3c01db5028033d9e9466f875ab71b7275c52f25c37f6e5b3f9737b6e05c84d90766d0898844699f4287d9cc06c3a1685c11855e3232e5fed2116187a5ce61aaf,2/10/2026 9:00,CLEAR,DAYLIGHT,NOT DIVIDED,DRY,198,S,LA SALLE ST,9,3,2,41.87943076,-87.63243937,POINT (-87.63243936944 41.879430756163)
410aa3931352d84e53fce2f8ade176ba4f06a45cb190c03c5d0768cfa6bfe077eb196e9eef5306dc0a482df396f7f3ce02c215538d11a501f4517593b718c2e5,2/10/2026 9:00,CLEAR,DAYLIGHT,NOT DIVIDED,DRY,401,N,COLUMBUS DR,9,3,2,41.88862397,-87.62039215,POINT (-87.620392146972 41.888623966571)
dd4c14eb1a88f058a14457bad95388e12e4f44b31df0fd8d6f2c2075c7a732c278db523c9311f23de55d85e12c492172217de586885459ea23a1d2bfb7ca28b1,2/10/2026 8:35,CLEAR,DAYLIGHT,OTHER,DRY,299,S,LAKE SHORE DR SB,8,3,2,41.87844452,-87.61705509,POINT (-87.617055092582 41.878444515253)
063ae836e773b39ac60a1448168d26891c27053ecb503c114eef489341d041b8b53f065bc766f0f95890b13d04a25c06601f7bbc7a6632f6b6c3fec97c06bea3,2/9/2026 19:55,CLEAR,"DARKNESS, LIGHTED ROAD",FOUR WAY,DRY,99,W,LOWER WACKER DR,19,2,2,41.88668006,-87.63095894,POINT (-87.630958944637 41.886680062744)
ed38c70277f3fc86c3d78bafac99f54dc246bf81d57fee756adb8a8bfbd0a93a4bd0ab0552da4af08b97b4e3f17f791be0a2dacce78943843026eac6a1de8ab8,2/9/2026 14:20,UNKNOWN,UNKNOWN,PARKING LOT,OTHER,181,N,DEARBORN ST,14,2,2,41.88535046,-87.62933739,POINT (-87.62933739296 41.88535046357)
2f6723ae1001445d169dc265b1e10be02e9662b3b311d240e40673aa6abd0cd2abb70b74b67c818beefbb5f4bb47aad735493697d88ef3372a6a84468ef6b1f2,2/9/2026 11:15,CLEAR,"DARKNESS, LIGHTED ROAD",PARKING LOT,DRY,131,S,DEARBORN ST,11,2,2,41.87988544,-87.62921159,POINT (-87.629211594803 41.879885440301)
0c58c3346939ebfd60f89ab51591baf6932dde22cdceb3a35bddf76793aaf1468a35c3ba14b85eb648d660be8bd201a70a9cdbc3822e5a117d3e348cece6d3b4,2/9/2026 8:40,CLEAR,DAYLIGHT,NOT DIVIDED,DRY,430,N,LOWER MICHIGAN AVE,8,2,2,41.8903,-87.62428965,POINT (-87.624289644961 41.890299998107)
3a39586eea920e5642a91c7f30286f3ca722ef0fed2bf594ef233739675ce0f864c80695ea533180a0ab85d6889e80223328ff34e76b6df5b37c0923ebc1e517,2/9/2026 0:45,CLEAR,"DARKNESS, LIGHTED ROAD",FOUR WAY,DRY,1,E,GRAND AVE,0,2,2,41.89156576,-87.62799288,POINT (-87.62799288322 41.891565762144)
9cb9391b6cec5bacfb22b68e8a18162d7196e54f7bab08e3c06dc11601fece49a0f3344ffcf2d7f8a2a4e6e3310f83a7862a35108cacee843be6c3c4dfd9e6bb,2/8/2026 18:42,SNOW,"DARKNESS, LIGHTED ROAD",T-INTERSECTION,SNOW OR SLUSH,301,W,MADISON ST,18,1,2,41.88182314,-87.63538203,POINT (-87.635382025048 41.881823139635)
ae05befe32d8c8778c972cfe161aa67f506f5de17f260264bcfd3a2dc4a9ed60cd3c046fcb38793f5780f299888bbf3ea18288a5397e9b3db195313278b46316,2/8/2026 16:20,CLEAR,DAYLIGHT,ONE-WAY,DRY,190,S,WELLS ST,16,1,2,41.87942118,-87.63389941,POINT (-87.63389941393 41.879421180569)
d566d3095e4312c6ff320928aecd7133420e7fea122f7478339b7cedbb1b5338630659edea9bc7717938ad457d02bced64813dde30938231f7d1d3fd69bad72c,2/8/2026 14:20,CLEAR,DAYLIGHT,ONE-WAY,UNKNOWN,100,W,VAN BUREN ST,14,1,2,41.87699341,-87.63080248,POINT (-87.630802482505 41.87699341363)
bba14f0f2deaf1a20a530e833c07ceb6d675b4d885d187ffc80b5a6388f8d9e49f21fdfba9398ca65c961e9473d81ee1f54462de12dc2fb2c50abc14d621783e,2/8/2026 13:40,CLEAR,DAYLIGHT,NOT DIVIDED,WET,148,N,STATE ST,13,1,2,41.88445703,-87.62805681,POINT (-87.628056808092 41.884457026305)
7427878dd89e07a4687d5cf6beb4d5c6e16d49c77f55fa857629d547d978e894e485f2ae9ef9d38b94cefc7f5dc316154e7001f3e773b6534128506bf75db3cb,2/8/2026 13:10,CLEAR,DAYLIGHT,NOT DIVIDED,DRY,76,E,LAKE ST,13,1,2,41.88584463,-87.62521192,POINT (-87.625211923964 41.885844632772)
75eb0c282fc92003d842a23e4ea14b9783cb9fd3e41f2e9c8775b96252e5e0eb4d5aa75889b8aa078222f5824781395daed56cd84aa08f719bfde3b50a8fd17d,2/8/2026 9:45,UNKNOWN,UNKNOWN,UNKNOWN,UNKNOWN,100,W,MONROE ST,9,1,2,41.88080528,-87.63092933,POINT (-87.630929332143 41.880805278204)
8c2ef1c8de01fc6510e86e004c0ed378fdca52bfac2b8cb58474097cbea1173866ba4c0e3cdcc7b87198f899f9ab33f49674f15f60de6fc9d2e1abde687046f0,2/8/2026 2:00,SNOW,"DARKNESS, LIGHTED ROAD",NOT DIVIDED,SNOW OR SLUSH,500,N,LA SALLE DR,2,1,2,41.89084146,-87.63270628,POINT (-87.632706277654 41.890841457198)
83edffcd65e2a4ca8e069374bc23575b50c242cadbabe14bed3aee1f72252d47a035f43f8f327c15ab19e1e445a022266e9594d9f80a96a9a9b6cb07b1467b18,2/8/2026 0:15,SNOW,"DARKNESS, LIGHTED ROAD",DIVIDED - W/MEDIAN BARRIER,SNOW OR SLUSH,333,E,WACKER DR,0,1,2,41.88752179,-87.61920538,POINT (-87.619205380781 41.887521788495)
e0054c03f5821ac88fae8f8e13c10eeb15095f648c7809cd6c9b7ce3bace658b587121a1a726ce8479f2e5be3e07febfec97b668b79e46155934fa2ef9a3eee4,2/7/2026 23:45,CLEAR,"DARKNESS, LIGHTED ROAD",DIVIDED - W/MEDIAN (NOT RAISED),DRY,502,N,LA SALLE DR,23,7,2,41.89091242,-87.63270803,POINT (-87.632708026017 41.890912418169)
d6c1e2502406591933d1cf9d35d6d0332a10faba2feb128f51a3f55a12411d3e5ac79908f079f4dcf799f564b13330420045d5864e5503b37b75096d68975f52,2/7/2026 21:45,CLEAR,"DARKNESS, LIGHTED ROAD",FOUR WAY,DRY,200,E,GRAND AVE,21,7,2,41.8918717,-87.62261013,POINT (-87.622610130843 41.891871695093)
a9f791123fae8760bbfed0c1f4d8bacb5f50da644fe0983edcccbdeaeeafbe1a708c2266a163c744fc650a98063f86f73286ffd0a944eee78b02222844dd6d0f,2/7/2026 21:30,UNKNOWN,UNKNOWN,PARKING LOT,UNKNOWN,200,E,RANDOLPH ST,21,7,2,41.88463208,-87.62224799,POINT (-87.622247991089 41.884632075767)
6920a7c576b7123ed71498fe3da8c7004f1d60006d34ed7736f784110190ecf229fb6465ec93092116ed40637d92ccabe7677ec7dd74dfab40f9e8382ff4be37,2/7/2026 17:05,UNKNOWN,UNKNOWN,ONE-WAY,UNKNOWN,51,S,WELLS ST,17,7,2,41.88069513,-87.63365246,POINT (-87.633652458606 41.880695129523)
c351f4dbb3ca68bbf039469ae8f61babd54ed6007b80a1e532808f5e260ca17a281db66ed7d55e86956356288f3df426ac7cb1e3bd653047256daf6967a45b8b,2/7/2026 14:15,CLEAR,DAYLIGHT,DIVIDED - W/MEDIAN BARRIER,DRY,115,S,LAKE SHORE DR NB,14,7,2,41.880539,-87.61710276,POINT (-87.617102761368 41.880539001579)
79920b9a857c5b9acaec97cf3c89ed727cd2575d8d762d4f7b223b09e9b3d2cb8d030b25ba4053f24727df474a10b5ca6940865aa0ac5a0ff8c6a68e28aa1060,2/7/2026 13:13,CLEAR,DAYLIGHT,ONE-WAY,DRY,401,S,WABASH AVE,13,7,2,41.87690977,-87.62590891,POINT (-87.62590891449 41.876909774323)
535ec46898cd75d6fe00e72a230b79fb8140c7b10fe25c00c77a1230f446ff6c2f36e25464f7a5cc552fa1695a0200dd095811d97253183f238d038a70ae90b1,2/7/2026 13:00,UNKNOWN,UNKNOWN,PARKING LOT,UNKNOWN,318,S,FEDERAL ST,13,7,2,41.87762624,-87.62986197,POINT (-87.629861971218 41.877626240947)
f95160edd56c6f9bb65811ea16b4717055ab107e6d2dfe02cf1bb583c453d7041078515cf9041c5c9fd52ec3e2059fed1d2558dc3493e6bc5d77bcbf5a06bdde,2/7/2026 11:15,CLEAR,DAYLIGHT,NOT DIVIDED,DRY,54,E,LAKE ST,11,7,2,41.88583616,-87.62607362,POINT (-87.626073624903 41.88583615942)
8e5ac54b2d0527732f724fcebf65087c40ba2a01372f880e0e6b8587e2a134dc584f30143e8c4164461f492731985572faaa186a1486da4f8ce9906b279ec6bc,2/6/2026 18:04,CLEAR,DAYLIGHT,NOT DIVIDED,DRY,44,S,WABASH AVE,18,6,2,41.880996,-87.62632305,POINT (-87.626323050407 41.880995997143)
d120cc4508c1a6b29a5e8a53fd7902a9c310a527ddcfc33e173a05a78d5b1f4ccb0b642a96a3a0f86007d1df8da06458462c675a1986c6fbbc72447b39f2313e,2/6/2026 18:00,CLOUDY/OVERCAST,"DARKNESS, LIGHTED ROAD",DIVIDED - W/MEDIAN BARRIER,WET,200,S,LAKE SHORE DR NB,18,6,2,41.87958346,-87.61760712,POINT (-87.617607116909 41.879583457474)
40c6dffaec54e888c02b40728b9fdf888df14547ab13e82e960b3e73fbea55cc7b481a12bec39bd49069ae80a1b3117571a5481945e6b137e58544b398d06435,2/6/2026 12:30,CLEAR,DAYLIGHT,ONE-WAY,DRY,180,W,COURT PL,12,6,2,41.88395691,-87.63347672,POINT (-87.633476718474 41.883956905681)
4d4eca8edf5f7b58af78a444fe856a7376f25365d61e3d8706318ff2489bfa9dfc3879573770f8aad60121112e5aedb2382a4162aae617aaa83be8954f7e0787,2/6/2026 9:22,CLEAR,DAYLIGHT,ALLEY,DRY,203,N,LA SALLE ST,9,6,2,41.88582205,-87.63230374,POINT (-87.632303735086 41.885822047853)
2ad91293cf881cf1f714ea63f9844dc58bd51d649475d89a36e602513b49010bf5652df1bfc894564538de6c305b65c9dc9e7eff4020a7e3fa92039ba77756ba,2/6/2026 9:05,CLEAR,DAYLIGHT,FOUR WAY,WET,235,N,MICHIGAN AVE,9,6,2,41.88661486,-87.62438542,POINT (-87.624385420638 41.886614862056)
58ee0adf7f70770f840cd8a342744ee8751058c6033f8fcb65800a432cbda3d530d06d5a23061299028f64566632e5a8a29bbb1fa1b45a43692c7601ab468939,2/6/2026 6:30,SNOW,DAYLIGHT,NOT DIVIDED,SNOW OR SLUSH,50,E,IDA B WELLS DR,6,6,2,41.8758026,-87.62573441,POINT (-87.625734412266 41.875802599285)
91eb6c1ab2f8be8e20495120b1126b236931a66d245b4b63c18dbcceac7413d8f8bb8f24c2da4c61c87ec1f7db437970643fa5666621e54f99dd3bbb98b5492d,2/5/2026 23:55,CLEAR,"DARKNESS, LIGHTED ROAD",RAMP,UNKNOWN,499,E,LOWER WACKER DR,23,5,2,41.88726183,-87.61586441,POINT (-87.615864407125 41.887261828845)
cdc0ca91492ab7194a8ffe9d5e9d258dd4f6fd3201985cdb69216432d1b96dc7db28c5bf800aba1f76f1d99b61b79d03e8c189238d66a36cc8e5704ef6673a37,2/5/2026 18:15,CLEAR,"DARKNESS, LIGHTED ROAD",FOUR WAY,DRY,400,E,NORTH WATER ST,18,5,2,41.88962283,-87.6175116,POINT (-87.617511597796 41.889622827227)
7ff8727e0ec6863d1cdbbc7d94fcf659866476046e234386a212753ce185e3e1546e70b5024e39c8de1f834c30e2e4c72a15d820085709e49987b42a1c05a6b0,2/5/2026 16:15,CLEAR,DAWN,NOT DIVIDED,DRY,21,W,LOWER WACKER DR,16,5,2,41.88668003,-87.62879847,POINT (-87.628798474436 41.886680028875)
654eb3bbd66a0f0226c4312a1d8af3840e2cbd0dd19b79be18d39060a7079c81c6ab1086f729ffb655572ed6eceaa24b955dfd41ed1c9fab0645351f0f7f084f,2/5/2026 8:21,CLEAR,DAYLIGHT,ONE-WAY,DRY,60,E,RANDOLPH ST,8,5,2,41.88460798,-87.6256946,POINT (-87.625694595968 41.88460798342)
266b1f7273e029cb0db2933913d9155a0e9935027f4f90a9676f16d57fd2364e1b3059687830d22d1857a1024e4aeec006f182e62222067701c2cdf7f1467889,2/4/2026 17:30,CLEAR,DARKNESS,ONE-WAY,DRY,51,W,JACKSON BLVD,17,4,2,41.87805171,-87.62970681,POINT (-87.629706805879 41.87805170921)
05abdc91e543d464245eebd06f1b3a3e8ab9dbff12c444f2c3208e9202da7a18a4ffc741a81a5b99566037b83e2bee5d6ed7d99d58066aade7e28ec50c217eaf,2/4/2026 16:35,UNKNOWN,DAYLIGHT,ONE-WAY,UNKNOWN,1,W,RANDOLPH ST,16,4,2,41.88438065,-87.62798705,POINT (-87.627987045687 41.884380650633)
bb3da90e17a970c59c7f808d91223e3c56e9808f0027117a2ae61937a2d2dae81fb329ac4a2d9324042fd791825474b81e762f51e3365a8d853e2c42b2fe8c68,2/4/2026 16:21,CLEAR,DAYLIGHT,DIVIDED - W/MEDIAN (NOT RAISED),DRY,111,W,WACKER DR,16,4,2,41.88670684,-87.63140796,POINT (-87.631407958651 41.886706842037)
6827eebf2f197521dc77492bf2fbb98f2c3d6302f9722daa038db864e6a21f393077d9ef9344ff345ccd4b5ce3888620307116126a11f834e035a73dcf5525c9,2/4/2026 14:00,CLEAR,DAYLIGHT,FOUR WAY,DRY,100,S,STATE ST,14,4,2,41.88071514,-87.62787608,POINT (-87.627876078416 41.880715137843)
f36311ba8dda5f203642d12b368bc086cb7211e69b102d4d734a3f0dfc2b0a08d9e1679697eac183064432066c82f60c7bd52ee70b84a553751093a86ad08426,2/4/2026 13:30,CLEAR,DAYLIGHT,OTHER,DRY,200,N,LAKE SHORE DR NB,13,4,2,41.88505246,-87.61421574,POINT (-87.614215739327 41.885052462405)
75df2971405a33877dcb347069869734fffecb5dae0713592db487d19c239343260b84c33e6acac47fc3d2ed2424bd2318d44862af234fb7e75179e468f9cd91,2/4/2026 12:44,UNKNOWN,UNKNOWN,FOUR WAY,UNKNOWN,122,E,MONROE DR,12,4,2,41.8809475,-87.62351742,POINT (-87.623517424877 41.880947502407)
2ad2182b42aa9af1aaa011cc8236c71507f3a78fc7c53c94de726746c10bc499cc06662008a621558150baf053131b315287ad148357883857c9fd3bee7d3239,2/4/2026 10:40,CLEAR,DAYLIGHT,DIVIDED - W/MEDIAN BARRIER,WET,50,N,LAKE SHORE DR SB,10,4,2,41.88317052,-87.61645808,POINT (-87.616458078993 41.883170518755)
c0594e467829806a4cd6323a6677e90a4e6cc538e721bfd5f43ec35d61ef87aac27e39d62cfed1d1d9ed5f7277e1bac9210d24e8e2b2b772c9dff2fe695bdad2,2/4/2026 6:23,CLEAR,DAYLIGHT,ONE-WAY,UNKNOWN,129,E,IDA B WELLS DR,6,4,2,41.87562868,-87.62324172,POINT (-87.623241719601 41.875628682814)
0e4595686d88aacdec0f02ce9866db2183405bcf33c61bd8d086394651dd65530f6b29fd0a15877d7039106f05a5fdd26164f4f838edd4aa051df26a2318150f,2/3/2026 20:00,UNKNOWN,DARKNESS,NOT DIVIDED,UNKNOWN,591,N,FAIRBANKS CT,20,3,2,41.89256144,-87.62010675,POINT (-87.620106750527 41.892561435881)
712948b291c42b8fb02d0fdff5284974854cf7666cc4649f39e854aedcb3af7fc21aacfba33a055eae91d747b207cf3498d45df6a1ed08afa9b2c0de15004229,2/3/2026 19:38,CLEAR,"DARKNESS, LIGHTED ROAD",DIVIDED - W/MEDIAN (NOT RAISED),DRY,580,N,FAIRBANKS CT,19,3,2,41.89255691,-87.6204005,POINT (-87.62040050181 41.892556905073)
02a1112650eebaa4df9f2cdf4f286d7f6c935298019b7343b870f4658f518764af357f2bfccdf5417e2b68698d69feaed8c08be36ecdb83c4ec54c8f9c10de06,2/3/2026 15:50,SNOW,DAYLIGHT,DIVIDED - W/MEDIAN BARRIER,SNOW OR SLUSH,307,N,MICHIGAN AVE,15,3,2,41.88700442,-87.62439466,POINT (-87.624394657115 41.887004423251)
affc63b0559db92882ec8526c8000f61966e53b939b4b0a76d393e91fdfcd05a40784e0b94f2f4045c541386374b8a1b2054aa1941bdd7f0b6c17f8f201880cb,2/3/2026 14:10,CLEAR,DAYLIGHT,DIVIDED - W/MEDIAN BARRIER,DRY,200,N,LAKE SHORE DR NB,14,3,2,41.88505246,-87.61421574,POINT (-87.614215739327 41.885052462405)
b464301e189030a30898826b08c975a78ea0afffb7a0df506dade8e634f98a65e0e09b39f089d7502fde274bb2d30ad6a3284e8f9e062c682e6679a5d84d5dfd,2/3/2026 12:00,CLEAR,DAYLIGHT,NOT DIVIDED,DRY,111,W,ILLINOIS ST,12,3,2,41.89070475,-87.63161066,POINT (-87.631610661651 41.890704754245)
5944ade21c049f6e3c73d84ee5f9a41b34957eea3bd84f8ed0c17e0ebc6cefff0d0891e6378c8cd1e2bdd7dd469a5343ea8e9c789b25ad1978fd62590b2f7500,2/3/2026 10:54,CLEAR,DAYLIGHT,NOT DIVIDED,DRY,338,S,MICHIGAN AVE,10,3,2,41.87734223,-87.62444434,POINT (-87.624444336933 41.877342225446)
6f87dc44f5cf126d0e10c17c9a1c202e123f014d75f795bd34f0d0549967be53ea535cf7674d46099dbef2838847bc4a610b955d2a2d1a4a1178d27c412bfd12,2/3/2026 10:50,CLEAR,DAYLIGHT,T-INTERSECTION,DRY,300,E,GRAND AVE,10,3,2,41.89191358,-87.62019153,POINT (-87.620191534695 41.891913579316)
853aa097c44b9d626d79dbcc6593463efadec6d12c72615abff7bf1a3d72cf9d0a652d14918749ca04903d14b3a24e33c18fc2fde7d79ae18a60e9ef026b07bc,2/3/2026 8:59,CLEAR,DAYLIGHT,DIVIDED - W/MEDIAN BARRIER,DRY,2,N,MICHIGAN AVE,8,3,2,41.88216417,-87.62451427,POINT (-87.624514273622 41.88216416733)
b57d18c1298717ea3aef12a06612028b06cc9a786b14e57b05bce63d55c5cb4d6f00297abcee776557b4005e95ad12279371222a3f75457937c77a97087185c7,2/3/2026 8:32,CLOUDY/OVERCAST,DAYLIGHT,ONE-WAY,DRY,300,W,WASHINGTON ST,8,3,2,41.88331491,-87.63541604,POINT (-87.635416036381 41.883314912259)
c49e38741ae3e43831fc78951528f53f9cede8b3c96ac17ea35d3e8ac27cc5920c58f6fa56c81ea94fe8dd62124d6d0b3fd3c1550963477e4ff5bed17521cb0b,2/3/2026 8:25,CLEAR,DAYLIGHT,OTHER,DRY,200,S,LAKE SHORE DR NB,8,3,2,41.87958346,-87.61760712,POINT (-87.617607116909 41.879583457474)
0f20bf14a72fa7ed783b0040797c657d4d33457f14b6333e2895c6694397e2b94bd0e5873bb3d7fd8533c515e3dbd36dd0163026d4dd998239e2efb819a8c7e5,2/3/2026 8:20,CLEAR,DAYLIGHT,DIVIDED - W/MEDIAN BARRIER,DRY,325,S,LAKE SHORE DR NB,8,3,2,41.87776505,-87.6170392,POINT (-87.61703920485 41.877765046213)
9a257f3125a37a8a92ee89e82f50764ae2de0bf36471c5ed503d0d65f3f4ae2477228316e8b89b5dfbf8a9705dc0fbe4b19df8e8635d127b7f584d108f79e487,2/3/2026 3:55,UNKNOWN,"DARKNESS, LIGHTED ROAD",ONE-WAY,UNKNOWN,200,N,WELLS ST,3,3,2,41.8857537,-87.63407776,POINT (-87.634077755706 41.885753701664)
5420cff2e5f9a4a755034adb5c27383a5b11d5dbae937c4696cadaebb537693d56d001a6ebb72a38993cd22b946c0dfe39a1dc8b175007b023bed13045270a1d,2/2/2026 21:45,UNKNOWN,DARKNESS,OTHER,UNKNOWN,38,W,KINZIE ST,21,2,2,41.88934348,-87.62951227,POINT (-87.629512274288 41.889343478416)
f5e43da984676a5ca1f981c8d6771df093bc80a2b6eaaaaf30f1496020c656e82af1a2843d5fccc62434c1e467ee6eec612ba3099be6c79235ffd12d4c779d3b,2/2/2026 18:30,CLEAR,"DARKNESS, LIGHTED ROAD",UNKNOWN INTERSECTION TYPE,DRY,134,S,WABASH AVE,18,2,2,41.87994706,-87.62629031,POINT (-87.626290310204 41.879947059909)
b0aaaae4718a9224ae9036496f6e76f9f681129d4ad461697c047aa1fa4fc868b08435832897c509f151987345f8173aa8a13e1073be867f57551b9f4ca16c5c,2/2/2026 14:20,CLEAR,DAYLIGHT,NOT DIVIDED,UNKNOWN,512,N,MC CLURG CT,14,2,2,41.89151789,-87.61783052,POINT (-87.617830522582 41.891517894531)
dc2d098add710f12225be6473e8281c947ac6b73db003e2aca95ee8f3fcf714c280b9cd71680d68d55c39aff1e27d9f636135358f6aa6da536038f4581b6104a,2/2/2026 12:50,UNKNOWN,DAYLIGHT,NOT DIVIDED,UNKNOWN,400,N,MICHIGAN AVE,12,2,2,41.88939788,-87.62439039,POINT (-87.624390394571 41.8893978833)
5bee27264f72620c321d3c1a7dc82bf483bd91143062fdf3e2d3ddb1b69032a1afd115631608399d90372e1703585d929a280179b1ab70c8216cd8bb1342be6d,2/2/2026 12:00,CLEAR,DAYLIGHT,PARKING LOT,DRY,17,E,ADAMS ST,12,2,2,41.87938733,-87.62706365,POINT (-87.627063652354 41.87938733398)
b8fbdcaa02e8fe6b255fd6dbe06528f532bd73aacc75ac6df7df6be18187be1532f1e28a3f72005548f0c3cb612a3575fd1abb4c25247f163e6fec649c147e15,2/2/2026 9:00,UNKNOWN,DAYLIGHT,FOUR WAY,UNKNOWN,285,S,COLUMBUS DR,9,2,2,41.87840575,-87.62053929,POINT (-87.620539289382 41.878405745325)
279bc0fd6d70660c2c11204210f409768e7633a87c7c0d03d497b5cb21ac90eb9532389ae0541d57283a32536ab3161a284c376be24280fc7355867e0b667096,2/2/2026 7:00,CLEAR,DAYLIGHT,ONE-WAY,DRY,201,W,MONROE ST,7,2,2,41.88054947,-87.63386943,POINT (-87.633869427027 41.880549467917)
301190ce444d2872e4f13967ca0c9c4833fc591d722df5a61cf1c86de22ec477d5abbd262dd4fcfb6884008b1593922ea076b95f9672df2c7d3f892cb4397b44,2/2/2026 1:26,CLEAR,"DARKNESS, LIGHTED ROAD",ONE-WAY,WET,1,E,WASHINGTON ST,1,2,2,41.88310816,-87.6278278,POINT (-87.627827795118 41.883108159623)
c39e08f250ab3995995220713856907333f92c4f2676b979ee3a4073bc4b768cd7a584db2f2fd7b40d63ab402adfb67d9a63081cd79819afd7284a9e0f409f4a,2/2/2026 1:14,UNKNOWN,DARKNESS,UNKNOWN INTERSECTION TYPE,UNKNOWN,145,N,DEARBORN ST,1,2,2,41.88433967,-87.62930247,POINT (-87.629302474107 41.884339671462)
6eac998564d0d1dedea2ee01564d42ee08b5683cd4887b18ca674d39503ffa3da9771040cea97ebc71dfc4dc99387835e8dac00a15b89068962772dab09ac8e0,2/2/2026 0:53,SNOW,"DARKNESS, LIGHTED ROAD",ONE-WAY,WET,260,N,WELLS ST,0,2,2,41.8872832,-87.63411652,POINT (-87.634116523738 41.887283204799)
3d163c797f52f79323ceefc827fcd0587b3a2ef9c7b5ef0ddb4331151d34def82e4e31fd30b3585f6dd76dc3e54681d1b8d684ea411510b849250440ea54cd0d,2/1/2026 22:39,UNKNOWN,DARKNESS,UNKNOWN INTERSECTION TYPE,UNKNOWN,310,S,MICHIGAN AVE,22,1,2,41.87798781,-87.6244598,POINT (-87.624459800703 41.87798780697)