CRASH_RECORD_ID,CRASH_DATE,WEATHER_CONDITION,LIGHTING_CONDITION,TRAFFICWAY_TYPE,ROADWAY_SURFACE_COND,STREET_NO,STREET_DIRECTION,STREET_NAME,CRASH_HOUR,CRASH_DAY_OF_WEEK,CRASH_MONTH,LATITUDE,LONGITUDE,LOCATION
aa812e5d6c195e79f39d947b01feed5f91a8e656d081f52dd6a92508308ff4fe437deac2ba8da5312f5e2ac214415c96092b854d8bb4cf1f9d8ae7073589dd15,2/1/2026 22:00,CLEAR,"DARKNESS, LIGHTED ROAD",PARKING LOT,DRY,30,W,MONROE ST,22,1,2,41.88083862,-87.62890194,POINT (-87.628901944452 41.880838615883)
53f88163cea2444656115b9a550c80a9dfdee40dfcb582e0e51073d7682cb1bc9cd1a1ad4a92af19e6cad2216c563dbc877497dbda673305d371a487fc7f74b0,2/1/2026 21:00,CLEAR,"DARKNESS, LIGHTED ROAD",ONE-WAY,DRY,400,N,WELLS ST,21,1,2,41.88919802,-87.6341573,POINT (-87.634157296675 41.889198021771)
b0720f392c4b6361412e082ecf2fb2fe0dcf44e523fd3d32ce33cd02cfa62ff4522c0967b46c114747ba3e01b78ad39a821ce181ef784704b5d391ccea7918b7,2/1/2026 20:10,CLEAR,DAYLIGHT,NOT DIVIDED,DRY,111,W,WACKER DR,20,1,2,41.88670684,-87.63140796,POINT (-87.631407958651 41.886706842037)
5701081c5a249f8f24b1a1982e33ae7c2661cd00989984adffc7b94be77f808c70214623c89cbf29f0f4d95b590889552e613c7750d5c024a8a7613687339d30,2/1/2026 17:30,CLEAR,DUSK,FOUR WAY,UNKNOWN,233,E,LOWER WACKER DR,17,1,2,41.88777617,-87.62135836,POINT (-87.621358362885 41.887776172574)
18b84745c58065cd3f781e29b34220c54a9bc737b3db400512753d71df61d66a3ee5b4be3010568e0ff2a8799099ec5c6103b79e798274588fd5cf8897d2f0de,2/1/2026 15:06,CLEAR,DAYLIGHT,DIVIDED - W/MEDIAN BARRIER,DRY,111,S,MICHIGAN AVE,15,1,2,41.88052782,-87.62420947,POINT (-87.624209465859 41.880527821931)
621b052a164b22c096d8e2257d98fc7a1450a9961c59fc1820778b8baa04a7531c532887c07c6acbe848e03a28ce30fa8d6e4e8198a65fe2a4462ce9b2d12f04,2/1/2026 13:00,CLOUDY/OVERCAST,"DARKNESS, LIGHTED ROAD",T-INTERSECTION,DRY,222,W,MERCHANDISE MART PLZ,13,1,2,41.88807428,-87.6349552,POINT (-87.634955202927 41.888074281066)
77012149c944b231fcc8a886d175c1a23ad83030a424dc09c708bf77ab1598b540e28a3a96636041fa8625edf5dc42b2960988a38294ce8946d2a5ddd62d1b0e,2/1/2026 13:00,CLEAR,DAYLIGHT,FOUR WAY,SNOW OR SLUSH,620,N,RUSH ST,13,1,2,41.89327291,-87.62556414,POINT (-87.625564144668 41.893272906304)
4337b104f6f478b5d3a262a534ff5ad441c0b2b9cc8f3035960758d0faab8f7563046f27697ebfab2ff6d452298fea10b243872ae5c0ba70c29f2fcee9750fcb,2/1/2026 11:38,CLEAR,DAYLIGHT,ONE-WAY,DRY,100,S,FRANKLIN ST,11,1,2,41.88057459,-87.63542615,POINT (-87.635426148449 41.880574589715)
c0003b13fc35661f59fa27b0d9bd6b9c24e90d97a71b986e21fb4105b000f3e67b2ebb8c6415f7624d5e650d9f80c735fedc9cbda906f63e938dea49c95401c5,1/31/2026 17:32,CLEAR,DARKNESS,DIVIDED - W/MEDIAN (NOT RAISED),WET,391,N,WABASH AVE,17,7,1,41.88917902,-87.62661441,POINT (-87.626614410078 41.889179022582)
ac2dfc60fd8b6c972d19b6bac3889d2f3e7275d3cb54181d84a15b08fff88b16d71cdaeb2c1a9b7e81a635cbe467e19fa44a18e849aa246aa5f1ada3ff299484,1/31/2026 16:30,CLEAR,DAYLIGHT,FOUR WAY,UNKNOWN,399,N,DEARBORN ST,16,7,1,41.88914494,-87.62943658,POINT (-87.629436577918 41.889144935303)
55df8b1a71ec3cbd4f93169738916cd588ecde1f3b98a7a149796671faf9324491a8ed6d6eceb88142a930786aa7b601f62239e2896bb340da4bc1e8707b8672,1/31/2026 15:03,CLEAR,DAYLIGHT,ONE-WAY,SNOW OR SLUSH,201,E,GRAND AVE,15,7,1,41.89165221,-87.62260381,POINT (-87.622603814088 41.89165221441)
449c0bc71a5de1bcd3b75382b51710e0e689f392eabd3efe0a0459ddff70fd7a2189cb682c90b984836074456dc50ed32a0690f63b9c29fa5f0c046db4a0019a,1/31/2026 12:50,CLEAR,DAYLIGHT,NOT DIVIDED,DRY,111,N,CLARK ST,12,7,1,41.88351265,-87.63076855,POINT (-87.630768552092 41.883512645027)
fa9578d3c9df56b20f8373a4189b7b9d593daab3ac26e631ebe34566cbc96587f6891d6d656aa70713daad54180446c0033199ecb6f81708ff2c5aecbe7066f2,1/31/2026 12:21,CLEAR,DAYLIGHT,NOT DIVIDED,DRY,505,N,LOWER MICHIGAN AVE,12,7,1,41.89112064,-87.62402044,POINT (-87.624020439189 41.891120642459)
3b06957cf384b6a1b443a964f55dbbbd92228ffafe1847bd52707ac77b4bea7efb46d77bf605f5ccaccc5840398bed8686aebd8da8a2660ac4cf871be5aef3c1,1/31/2026 11:45,CLEAR,DAYLIGHT,DIVIDED - W/MEDIAN BARRIER,SNOW OR SLUSH,148,N,STATE ST,11,7,1,41.88445703,-87.62805681,POINT (-87.628056808092 41.884457026305)
c2e60f1af8dca56f34276d20b9a6910e56d5447b651c8f71101af09059151d0c1c9d6be92476f8a57a5537b8bf5631f126f9122bcb65689b49b65351a5e3ad55,1/31/2026 11:06,SNOW,DAYLIGHT,PARKING LOT,WET,60,E,LAKE ST,11,7,1,41.88583845,-87.62584165,POINT (-87.625841645583 41.885838451759)
f5bda63ec3bed88b9b3daa9fa705c0b004d9fa4c084b69becb738e2fd85ad3dc202f5b0047ab4b3f0337fad964dfbf380de489f6588b095f653787ab5124950c,1/30/2026 21:30,CLEAR,"DARKNESS, LIGHTED ROAD",NOT DIVIDED,ICE,100,W,WASHINGTON ST,21,6,1,41.88332051,-87.63098191,POINT (-87.630981905164 41.88332051362)
400687757a93fe23915b2a142a3e676903e1b753aa12a29ccb8ff5e0db3e122e4be4487fd2203f8a5cd6892628b4142609452e8bcda275a0185e46ffe9aa9d49,1/30/2026 19:40,UNKNOWN,"DARKNESS, LIGHTED ROAD",ONE-WAY,UNKNOWN,111,E,IDA B WELLS DR,19,6,1,41.87562026,-87.62386317,POINT (-87.623863174312 41.875620256581)
94e11ec7bd0df32c156ead494d1a096f819f2779cf919da460c54c2d41f7fa67f9572347509887ce12b314d0e210a8bdb0d5a9a79d9c9ebab460cc38ea1bc9b9,1/30/2026 19:39,SNOW,DARKNESS,NOT DIVIDED,SNOW OR SLUSH,542,N,FAIRBANKS CT,19,6,1,41.89234198,-87.62039456,POINT (-87.620394556129 41.892341982402)
61aa17af0b4041407c0a3aacd888ebadf708673062f5945bed22189e3cf55c22503c6d4856a55a0989c95647ca3513085f7c33599aa6fb37041aaf8a83af76bc,1/30/2026 18:30,SNOW,"DARKNESS, LIGHTED ROAD",DIVIDED - W/MEDIAN BARRIER,SNOW OR SLUSH,210,N,LA SALLE ST,18,6,1,41.8860331,-87.63260454,POINT (-87.632604537134 41.886033099061)
eef5f829e0f05159dcbf7db2592f5a3782fbde1d29c659c07502304024c630033f30affc6dbc6d0322addbbe7b63628614a36c35a09d3cc816edf588816839e6,1/30/2026 18:30,SNOW,DARKNESS,FOUR WAY,WET,20,E,ADAMS ST,18,6,1,41.87960813,-87.62699911,POINT (-87.626999112973 41.879608125405)
56144c31a2886eed1a2a118a2a8089155ab15ecb42471c5375fa9620b1ec29c4e38a2346ba8daaa50a34cab9367deea766e226ebb247043c2aae44b44446c6f9,1/30/2026 13:55,CLEAR,DAYLIGHT,DIVIDED - W/MEDIAN BARRIER,SNOW OR SLUSH,410,S,MICHIGAN AVE,13,6,1,41.87670765,-87.62442948,POINT (-87.624429479503 41.876707651835)
3a30bf146abc586b3648a5acb7563a62e9a97a91a708854ce1fdd4b45d25afdce839246dfe101aa758db4099181179fff97231cb97667fc5c6cc7c6537ad8a01,1/30/2026 12:30,SNOW,DAYLIGHT,ONE-WAY,WET,120,W,RANDOLPH ST,12,6,1,41.88458464,-87.6315734,POINT (-87.631573395843 41.884584644739)
56d8efdcad64b2cf4350720f59caf35348940d4bd6f3d5c33347a1098e7e36bf87cca1c978062d97febd9d5e35a5bcb78e4a8c2d89dbff18db70f32ff0718dd9,1/30/2026 12:00,SNOW,DAYLIGHT,ONE-WAY,SNOW OR SLUSH,125,N,DEARBORN ST,12,6,1,41.88377995,-87.6292884,POINT (-87.629288400104 41.883779954531)
4531416510871cb4fc8d14075be540141ec37b2cab1f6d4e0db71802981ceebb40a418b20c4d5ccea46adb4b942b405b6d2f13b24559a75e66b6102d5872d785,1/30/2026 11:05,CLEAR,DAYLIGHT,FOUR WAY,SNOW OR SLUSH,201,N,LA SALLE ST,11,6,1,41.88576786,-87.63230151,POINT (-87.632301508418 41.885767863878)
d0859c7a2eb21859d28bee9c4086829eeb2515947c1615be5a4c41179eb79f3a1cf361a45d971d6ea4377d57cdc74fd8d3acce4a2fb58edc95f46adf07d103cd,1/30/2026 11:05,SNOW,DAYLIGHT,ALLEY,ICE,73,E,LAKE ST,11,6,1,41.8856235,-87.62537382,POINT (-87.62537382137 41.88562349782)
99ef66c112315d1ca8a86567d1e59a896e943fe3370aca0c5ace3c2487840e46644a1a6695060f47f6d6bc4d6ced669fbc40ea7c268c3d69e53224cc89b791dc,1/30/2026 8:30,UNKNOWN,DAYLIGHT,ONE-WAY,UNKNOWN,156,N,WABASH AVE,8,6,1,41.88471488,-87.62640013,POINT (-87.626400132256 41.884714876887)
24877b52184fa942066273be3ab75b7db0c12a4bf24c12e252c74c253703015f7cc5acb84184bd8eaca19feefe757c96759eca10a793f9e640aabbec28c8bf5f,1/30/2026 8:14,CLEAR,DAYLIGHT,FOUR WAY,DRY,220,E,LOWER WACKER DR,8,6,1,41.88822449,-87.62162338,POINT (-87.621623379218 41.888224486546)
dc8cbe469cbd9591bf510d4f908dc0eadbafa39f640e99ed652d5cc33dffe2125f8c5403fbada1aad33e58a504367ab1d05a2757c16a93e0266c1c1f167dfa79,1/30/2026 7:15,CLEAR,DAYLIGHT,FOUR WAY,UNKNOWN,100,N,CLARK ST,7,6,1,41.88327066,-87.63105629,POINT (-87.631056284971 41.883270662247)
0aa57b024b2480009d66d97f5ff90c29fb230175b8343e911259a077a4e7b9629e627acd508a3f1a8c5747e57be040380a6c4aa4a6fbe61a41d26322aa70c63b,1/30/2026 7:14,SNOW,DAYLIGHT,ONE-WAY,SNOW OR SLUSH,125,S,FRANKLIN ST,7,6,1,41.88003065,-87.63511242,POINT (-87.635112420623 41.880030651655)
59a8aae942ea0f5ecd2895b973df249a0ce82a2b7043526dc229d408fbfafc015dc8fff30827c06d64a880fd8a036b0d236dec1192e187f37c1379f9d2ad542f,1/29/2026 22:00,UNKNOWN,"DARKNESS, LIGHTED ROAD",ONE-WAY,UNKNOWN,108,W,RANDOLPH ST,22,5,1,41.88458572,-87.63123549,POINT (-87.631235485029 41.884585720938)
bfed96b8a3b8ba398d228a66c781d8ed3753b744d3cc45ab846985fb3376388774eaa7a447f3f0195792db54833a9f26d81948918f4523811293657aafb6cb08,1/29/2026 11:05,CLEAR,DAYLIGHT,NOT DIVIDED,DRY,522,N,RUSH ST,11,5,1,41.89167324,-87.62551853,POINT (-87.625518526412 41.891673235519)
ef513b2467cf5cf2beae83be7c78d47b88072b13972066411e8bb119bfd9d6819943e86a4f8c675aef3b328f3b70a388b628e983ce8c817cffd397382cb3f7c5,1/29/2026 9:50,CLEAR,DAYLIGHT,ONE-WAY,DRY,100,E,GRAND AVE,9,5,1,41.89182349,-87.62531771,POINT (-87.625317709668 41.891823490173)
49fcb8eba14cfb3498bf9ffa726014d367bca8f335693ab1d47d6c3c1a1bc1d97c4722c5bda462007c76c3a858098e9eb2aaafba0e3cbad65dbd9b56db29a8cd,1/29/2026 4:30,CLEAR,"DARKNESS, LIGHTED ROAD",ONE-WAY,DRY,355,S,DEARBORN ST,4,5,1,41.87696414,-87.62911691,POINT (-87.629116905256 41.876964144249)
000114309f7c89bf0eb6976c67fb13c0d6f9912117fa40f0686510f4ecc0593618446bf1abd2f3ddc88ab221aa962b8e9704d3049d3c988899abd35cc4f44d5e,1/28/2026 22:00,CLEAR,DAYLIGHT,FOUR WAY,DRY,97,E,LOWER WACKER DR,22,4,1,41.88807516,-87.62481241,POINT (-87.624812407891 41.888075160575)
025046969a32f4f8052524866a9737d4b426d42819ba80fffb241a4bdc943fab9ce8b79c8cc218c08d612e48d752bb9b0441ed44558cce3f91ea8cea9af2c89f,1/28/2026 17:15,SNOW,DAWN,DIVIDED - W/MEDIAN BARRIER,WET,300,S,MICHIGAN AVE,17,4,1,41.87821735,-87.62445584,POINT (-87.624455840297 41.878217345311)
b912a30f0c21eebf122665c99dee373dd33561e0037358e173d823fe8f49c98b17543d57041b1465b5230032018d94f5027f6fd0f70800170ec1e6cf7f0bb5de,1/28/2026 16:00,CLEAR,DAYLIGHT,DIVIDED - W/MEDIAN BARRIER,DRY,150,N,LAKE SHORE DR SB,16,4,1,41.88434876,-87.61454978,POINT (-87.614549778133 41.884348763505)
eadcaddfcd1c9f5c0056c3e87ef76565cd49860bda6fd8221e22bfb1c90202dc0dc2aa5d80f95612061071e1cbcad7564a490f347960ff415f0ec7d83b302c91,1/28/2026 12:42,SNOW,DAYLIGHT,FOUR WAY,SNOW OR SLUSH,98,S,STATE ST,12,4,1,41.88081262,-87.62787053,POINT (-87.627870529942 41.880812615283)
2b017620bc719ecdc4b02d5c98946d17ecf1877565722a368ce23d3aeaa9eabede094d56ea6d00d8b69e8e40bd167a4ae9a8f9ba9edaae1e1388dcd7997e2cfb,1/28/2026 11:00,CLEAR,DAYLIGHT,ONE-WAY,SNOW OR SLUSH,110,W,LAKE ST,11,4,1,41.88585099,-87.63132537,POINT (-87.631325365498 41.885850988925)
19d718170a2a91588a93088a1512b8eab0277aca412547b4c222cbe2b16d06eb34cc80efb19c954a628f8a4bc056cdc4e74c09937374767273e043f53e5fcf38,1/28/2026 9:40,SNOW,DAYLIGHT,NOT DIVIDED,WET,145,N,DEARBORN ST,9,4,1,41.88433967,-87.62930247,POINT (-87.629302474107 41.884339671462)
dc69f86c300302a83c0919ae022e3bd22b4a71e597bd544749282a63108bc287469a300dfde00221a27dfdd2a2f87f9b9f62edd0452907944f956dba2b425097,1/28/2026 9:28,CLEAR,DAYLIGHT,FOUR WAY,DRY,36,W,WACKER DR,9,4,1,41.88704448,-87.62930844,POINT (-87.629308443553 41.887044478059)
501d0a9ff344ad589466d29370c13e623f8d4f49fff60b94401ab4096ee32d3dd1524c24ee110ab2b6ab525edc8189c89437749e71298389293e2b7caf056c07,1/28/2026 9:27,CLEAR,DAYLIGHT,DIVIDED - W/MEDIAN BARRIER,SNOW OR SLUSH,100,E,IDA B WELLS DR,9,4,1,41.87583508,-87.62421289,POINT (-87.624212886292 41.875835081627)
9612e9989ef6d212071f44cdd32e1ca3cfd5144b44e3b95f223fa675860c99fbb3b7ae4592d93be610ee47b08271c692acc6799030cb1833c247d9d65f80e507,1/28/2026 9:26,CLEAR,DAYLIGHT,NOT DIVIDED,DRY,35,W,WACKER DR,9,4,1,41.88670967,-87.62930303,POINT (-87.629303030993 41.886709666707)
d02d86d832fffb4b55dee2b941e06441ca41e913e35d5b933e6d1283e11b9c813be376cc19dba16eeb3195494567d5ce4c168bb39273e0799018e642d5973a00,1/28/2026 0:42,CLEAR,DAYLIGHT,FOUR WAY,DRY,300,W,MONROE ST,0,4,1,41.88074982,-87.63535575,POINT (-87.635355745793 41.880749815573)
6661e1af6edf05bb98d1c19fec49c27d3b6deb791214a1c387c247faaac346b4cc7ad3a28efe50c10d20ad340997afd8d2dca618ca59980704ec7c37e1d1d245,1/27/2026 19:45,CLEAR,DARKNESS,NOT DIVIDED,DRY,81,E,WACKER PL,19,3,1,41.88669971,-87.6246285,POINT (-87.624628502631 41.886699712787)
5586b8f22ec2e8cb0700ea98167db609f71a0593b58ed6aff202d711284c67e2c19dbabdc0fd18d327d92225e6ffe24ae0d98ebb9de516dff345eb95693781bd,1/27/2026 18:05,CLEAR,"DARKNESS, LIGHTED ROAD",ONE-WAY,SNOW OR SLUSH,29,E,MADISON ST,18,3,1,41.88196533,-87.62679322,POINT (-87.626793221594 41.881965330253)
e663871c28e9471fc0ff4fa8ac018e0305e32e84b4120fd1cb20b4383f9bd940c354fa7339d5e980b3920731b2eae8a07b6f01be4abd34f725b0ef9b165f41e2,1/27/2026 17:25,CLEAR,DAYLIGHT,NOT DIVIDED,SNOW OR SLUSH,205,N,WELLS ST,17,3,1,41.88586834,-87.63378741,POINT (-87.633787410229 41.885868344749)
1d90ed62a773e596a1e54d27977c5e27e0ba4521550d7614f624e6b32241152cbd320d235265fe8e54bfd94a141550e537d4abfab6ccf87fbc0ae993b86fd245,1/27/2026 17:05,CLEAR,"DARKNESS, LIGHTED ROAD",T-INTERSECTION,DRY,101,E,IDA B WELLS DR,17,3,1,41.87561559,-87.62420756,POINT (-87.624207555961 41.875615585698)
4764c276bf0a4b39316731257a2ee6fa6f27743dc16b3acd55b0d875b611d11f614d4f5d09a300bcf18690470995b76c7aad71a8f16473780ba359a9a1af659e,1/27/2026 17:00,CLEAR,DAWN,ONE-WAY,DRY,161,N,CLARK ST,17,3,1,41.8847797,-87.63080067,POINT (-87.630800667486 41.884779704626)
ed50a3d7a0ff7ef5c2b3b21c8ab47864ff8f5ccaffebc6642e17797c121cf02f968948ff9bbfed9620bf3221729e96f26472e3f175baea88e085f3a495c3339b,1/27/2026 16:03,CLEAR,DAYLIGHT,NOT DIVIDED,OTHER,225,N,WABASH AVE,16,3,1,41.88642433,-87.62616828,POINT (-87.626168281709 41.886424332564)
d833a4d2da27612064671b56c9cdd0bac70716425910037a13d9fea2434c976364f4d82602269d1a2876d12a315414677566f7948664f52c3c6002216a176cdc,1/27/2026 15:00,CLEAR,DAYLIGHT,FOUR WAY,SNOW OR SLUSH,109,W,HUBBARD ST,15,3,1,41.88990548,-87.63150402,POINT (-87.631504016536 41.889905476667)
04d644213c56eaa38bd36c8a31f4a31fd19de9a99fbcae1443f3628c204db49eefd5c0b2589fb0f18048420c08fbb2f2c2703fbf688c04ca81c928332cbc7b6b,1/27/2026 14:45,UNKNOWN,UNKNOWN,DIVIDED - W/MEDIAN (NOT RAISED),UNKNOWN,34,E,IDA B WELLS DR,14,3,1,41.87579313,-87.62635087,POINT (-87.626350874927 41.875793126868)
2514696c63ef2ea5151467665a3810a12490e7ecda8fe1be29a7796222804771bba52073b3f5ed35fa842d7af6e0c9323b64b40c159beefea273332f6b76915d,1/27/2026 14:34,CLEAR,DAYLIGHT,FOUR WAY,SNOW OR SLUSH,1,N,DEARBORN ST,14,3,1,41.88202981,-87.62925644,POINT (-87.629256444463 41.882029806449)
dbc684b489bc335f62f30766f49819881b931e0ca7a03a94fde60661ed996a0e489fb46a6253ac6cf1a43320060c7cd4a34fe0bb2b257f5b64f5877b75549555,1/27/2026 14:01,CLEAR,DAYLIGHT,UNKNOWN INTERSECTION TYPE,SNOW OR SLUSH,191,N,CLARK ST,14,3,1,41.88549078,-87.63082227,POINT (-87.630822271774 41.885490784288)
bcecbdbb3eedcf78fa25ae58a2a00a20bfaf62259e32a1ad5d423323c3d1094f0238a0aae94e9c4263afa2bcf99e71bdf5ecf40556df283bd4b3360abf3dd80e,1/27/2026 13:30,CLEAR,DAYLIGHT,FOUR WAY,UNKNOWN,74,W,ILLINOIS ST,13,3,1,41.8909354,-87.6309448,POINT (-87.630944801164 41.890935404061)
1bc0fcc8c164628473e167a35c293146f1b1a81e9ec9c3231f47323d40ab3ca1b7786d10e1752ab500da9e84b50461a89c3c3a82101137b5c103c3edfeaa8972,1/27/2026 13:27,SNOW,DAYLIGHT,NOT DIVIDED,SNOW OR SLUSH,449,N,CLARK ST,13,3,1,41.89071401,-87.63095644,POINT (-87.630956438825 41.890714009817)
3aae63c40835cc4bb366f3c88e2c39afe833c289c308ac14d8f9e3c11b62b1f7a57fbff3c5d3f6bbad2b0a9fd07224df213fb832f73bdc82f943bcd0424ad486,1/27/2026 12:10,UNKNOWN,DAYLIGHT,NOT DIVIDED,UNKNOWN,55,W,MONROE ST,12,3,1,41.88059896,-87.62990739,POINT (-87.629907390518 41.880598955013)
26f910fc643709dd286b5502fb3098121b194f40cede5ba4bfc1b89fd0738203df30b4ca7f5e8976cbee023ce67ad2622e3b3638b6949480e89b8522665a59c7,1/27/2026 9:00,CLEAR,DAYLIGHT,FOUR WAY,DRY,498,S,MICHIGAN AVE,9,3,1,41.87578624,-87.62440868,POINT (-87.624408678665 41.875786239706)
1b66400a2860cd2395dbbf5f5cbabb546a5eef848879b3fe5b29da979a16963347bad26850700b98c8cb141c1906d59463bfeccf2d25bc2caca686a70f877fa9,1/27/2026 8:03,OTHER,UNKNOWN,OTHER,DRY,218,W,LAKE ST,8,3,1,41.8858412,-87.63465132,POINT (-87.634651317566 41.885841199831)
a36162ff096903faee8f5a3d6179b560afe6c4d54a8654bf42842a5bafa0e43f982c96b5d9756701d3de61aabba7fdc451a18a489f11a4a0247df44ec68e20ed,1/26/2026 22:10,CLEAR,"DARKNESS, LIGHTED ROAD",ONE-WAY,UNKNOWN,33,E,WASHINGTON ST,22,2,1,41.88311016,-87.62666019,POINT (-87.62666018878 41.883110163051)
b850b7f2aafa4615b021c614dc6c61dc93450a651dbbfe98b8b00db246a210554be469bd036aa0081241c2d866b890f73c2a20a79c0f192d70ee5c3f9ff19920,1/26/2026 19:25,UNKNOWN,UNKNOWN,DIVIDED - W/MEDIAN BARRIER,UNKNOWN,154,N,LAKE SHORE DR NB,19,2,1,41.88434876,-87.61454978,POINT (-87.614549778133 41.884348763505)
0084fd4d8d0c4d1b0f253cc08c27e786a1649a021bc93ae70369d44e651769a7fbb22779121109bd602af6fa1ff58d5aec5b63d773e87bac1f8791c7e068eedf,1/26/2026 15:05,UNKNOWN,DAYLIGHT,FOUR WAY,UNKNOWN,200,S,MICHIGAN AVE,15,2,1,41.87948933,-87.62449812,POINT (-87.624498124934 41.879489328698)
62eaa9d06f482cb6968d2f4a2d5549f43bed554f7b02bf09e3a5ed27bbaa697ce20595e9e8007f8e6d1bb78249c8a21115af5e9f9bdf075011d79939ca8c8eca,1/26/2026 10:31,CLEAR,DAYLIGHT,ONE-WAY,SNOW OR SLUSH,97,E,VAN BUREN ST,10,2,1,41.87690007,-87.62437662,POINT (-87.624376615583 41.876900068979)
e05927b6f8d618febfac1ec1308e16f4b3769bae24097de17242f3ce55e180b77582aa2f9a5ccf102ad195ef27290841e266bb7d954a88dca86f4a45128b3019,1/26/2026 10:05,SNOW,DAYLIGHT,DIVIDED - W/MEDIAN BARRIER,WET,300,S,LAKE SHORE DR SB,10,2,1,41.87831013,-87.6175759,POINT (-87.617575903416 41.878310134581)
fd33c5516e55a3a92d3ce37c0f684284b807aab66b689283088f118d7ba7635dfd3f5844b8786e850f1c2ba2b374af2117dd8250df9a4a1c4f971f3234d2572f,1/26/2026 8:05,CLEAR,DAYLIGHT,ONE-WAY,DRY,201,N,FRANKLIN ST,8,2,1,41.88578469,-87.63526314,POINT (-87.635263141109 41.885784690122)
d6264a4b7791b716f998e59eb7b76246b270a6a93c0dc77c8dc62b059443860ae4481d459cfd49534a5e86db99e3e7931cc4b0a9b7eaae1a67ea7f7599595f3b,1/25/2026 18:52,SNOW,"DARKNESS, LIGHTED ROAD",NOT DIVIDED,SNOW OR SLUSH,100,S,COLUMBUS DR,18,1,1,41.88080566,-87.62093499,POINT (-87.620934991819 41.880805655312)
a7baafdeb95102bd16a8ed1c088115085629b12c24c55a29e769b32fa4f4fb80eabdbdbb2f3e867f7fc37b71b41097f0d7143f8b9f747c5d7c9fc815925acf2a,1/25/2026 13:35,SNOW,DAYLIGHT,DIVIDED - W/MEDIAN BARRIER,SNOW OR SLUSH,302,E,ILLINOIS ST,13,1,1,41.89111636,-87.62006596,POINT (-87.620065957381 41.891116359631)
a472dcac68ff40f7d0ffbd74bb31927a82d99185930789794e7afe7c1b4c46899a75b1148757b52ffa3b556408f1cfd3da57c697294f71c4b6a1bea465d26c95,1/25/2026 12:04,SNOW,DAYLIGHT,ONE-WAY,SNOW OR SLUSH,118,N,WABASH AVE,12,1,1,41.88371406,-87.62637997,POINT (-87.626379974298 41.88371405872)
e0027586789e387b26e22d4accc43da998a0b05c4ad954c454bd1c65857766e089220e92f853e1fe0f2316ae90778d8630d36391f8d4fbc18fd8a181b9a036fe,1/24/2026 23:09,SNOW,"DARKNESS, LIGHTED ROAD",FOUR WAY,SNOW OR SLUSH,101,W,KINZIE ST,23,7,1,41.88910215,-87.63113303,POINT (-87.631133025904 41.889102154106)
71798ebbe286b4fc1ac23a0d6696e897cff68eb0834f5f399c1d9e87f67a4b3bb148e27d9cc13f356d942194ed832e30a9a9392cb8181b924cbe1f61db4effc5,1/24/2026 23:00,UNKNOWN,"DARKNESS, LIGHTED ROAD",NOT DIVIDED,UNKNOWN,343,S,PLYMOUTH CT,23,7,1,41.87702238,-87.62856975,POINT (-87.628569753806 41.877022377493)
aec2623e68edc521876378ca6fe43a5814b38ee6af353e6512c90d938b3cc59a2539590229a6147078b83937ac214de6dd65f25b1e32ff19898a86e5df6b7bce,1/24/2026 22:27,SNOW,"DARKNESS, LIGHTED ROAD",FOUR WAY,WET,189,N,LA SALLE ST,22,7,1,41.88570859,-87.63229907,POINT (-87.632299072183 41.885708588775)
49cb5e100bc6c50aee94bb8b3f3c73eb8860edb988f81c2a5f603b64d464292ad9446e35ab59f2d2b51cfec301eacbd3b642b750b9b7550feda68e0aae0b0743,1/24/2026 19:30,SNOW,"DARKNESS, LIGHTED ROAD",NOT DIVIDED,SNOW OR SLUSH,300,S,COLUMBUS DR,19,7,1,41.87826558,-87.6208223,POINT (-87.620822302974 41.878265577833)
854d7e2f871084b791919b941b13166b634b7ce0eff330bae6ef8ea3ac35912515b88ec9c9e48053c78f7baa2512389ac8fc4c100d8c4fa57886e7708d070f46,1/24/2026 8:45,SNOW,DARKNESS,NOT DIVIDED,WET,501,N,LA SALLE DR,8,7,1,41.89084384,-87.63241249,POINT (-87.632412488489 41.890843837159)
b658a0a90b510db8fe6b91ca30bbb935d8e2865cb148e28ecbb0e9f33549a90667a510980c0c25d52869fc1cbe15ae5db71bcdea441243a57880eaede105a536,1/24/2026 8:43,CLEAR,DAYLIGHT,DIVIDED - W/MEDIAN (NOT RAISED),DRY,190,N,STATE ST,8,7,1,41.88555517,-87.62808273,POINT (-87.628082725161 41.885555169503)
906897f8634817ec036eb3771562aa13d214b5e40a26e8ed972f93ea6ab81155f2250dea6d3fc5b16d1284ed776c610ea0d260abba9f6dd47135edfb4e952435,1/23/2026 22:30,CLEAR,DARKNESS,DIVIDED - W/MEDIAN (NOT RAISED),DRY,236,S,CLARK ST,22,6,1,41.87844542,-87.63094035,POINT (-87.630940346846 41.878445418078)
ffd11774b1a54cf2763a368493aeeee1192a0d1785db09e0158ef140c8adbed0181caad34ab7fd7b422814f477d5786574347999f8a862f89dc5eceb366a8da5,1/23/2026 17:00,UNKNOWN,"DARKNESS, LIGHTED ROAD",ONE-WAY,UNKNOWN,555,N,MICHIGAN AVE,17,6,1,41.89252048,-87.62403741,POINT (-87.624037409786 41.892520480718)