CRASH_RECORD_ID,CRASH_DATE,WEATHER_CONDITION,LIGHTING_CONDITION,TRAFFICWAY_TYPE,ROADWAY_SURFACE_COND,STREET_NO,STREET_DIRECTION,STREET_NAME,CRASH_HOUR,CRASH_DAY_OF_WEEK,CRASH_MONTH,LATITUDE,LONGITUDE,LOCATION
29ebb2ba6494572f94edfb43f3d8bcd2232f332056a12293c5fc764fbaf8ea6be9d430d1b12738773f8e8b2ec26f4ae2d10e9809acf396f9fe9675121cf6ecc0,1/23/2026 12:40,CLEAR,DAYLIGHT,FOUR WAY,UNKNOWN,137,N,DEARBORN ST,12,6,1,41.88411362,-87.62929679,POINT (-87.629296794476 41.88411362013)
513cf11f73f2154e6e066fb688fbbfe9b0f3ba9d52e0d4a58a00946e54538088597fc6ca386ae8d187aff9aa2ba07ffe92ac4537769d6d108301dfcd462a5751,1/23/2026 12:00,CLEAR,DAYLIGHT,NOT DIVIDED,DRY,77,W,WACKER DR,12,6,1,41.88670774,-87.63079458,POINT (-87.630794577794 41.886707737973)
8ec81938eaddb60e993f5a298f08ee26ae2ac8ce06ec75fd4fa9a804ff7a06aeb92ea0d115f6bfc0f0c0991c10f226030f000f1b5ea6db23e9b4a8c3aa6b0174,1/23/2026 10:45,CLEAR,DAYLIGHT,NOT REPORTED,DRY,550,N,STATE ST,10,6,1,41.89242137,-87.62823487,POINT (-87.628234871137 41.892421366131)
3794ef75245cbbae72de6cff880189cc3cb4e8ac918b1931ccb9d1ba23620f4c601072b313ee6b44f578851eef6da2e90159bd757563c070d7cf60f45447893e,1/22/2026 23:50,CLOUDY/OVERCAST,"DARKNESS, LIGHTED ROAD",DIVIDED - W/MEDIAN (NOT RAISED),UNKNOWN,80,E,LAKE ST,23,5,1,41.88584721,-87.62509486,POINT (-87.625094857363 41.885847208705)
714f5e81df7a03e3943c8ab7465e5815c504b256a8333f97d3a479684928a0a77ce19443117412d2217bc955b9762b5f66976d63a4712aec1524c0cad3a13556,1/22/2026 22:35,CLEAR,"DARKNESS, LIGHTED ROAD",T-INTERSECTION,DRY,100,S,LAKE SHORE DR SB,22,5,1,41.88085605,-87.61763589,POINT (-87.617635891755 41.880856047671)
2780518aff00417bf154ee6d7d74f444b28f81b7d309cc5f879349cacf71354d8b6d2a92f359d79ffed7b2c939bf5d82d64235d36ff6d509c1c4c537ccb375f1,1/22/2026 19:30,CLEAR,DAYLIGHT,NOT DIVIDED,DRY,600,N,FAIRBANKS CT,19,5,1,41.89263706,-87.62040272,POINT (-87.620402716759 41.89263706484)
da169b4d5874faaab82563ada1009d57d9fcb56261103a206bdc8525e5325058e1ba83e91dc44b2b05a5ad9d72a67d263c63230fcae22ef08e61411b213277d6,1/22/2026 19:06,CLEAR,"DARKNESS, LIGHTED ROAD",DIVIDED - W/MEDIAN (NOT RAISED),UNKNOWN,139,N,STATE ST,19,5,1,41.88417475,-87.62775491,POINT (-87.62775490518 41.88417475105)
6ebb8ec8a03fe1d9a1de64b95e9e9d719e3b4aacd5661bf0647a4821a7601e781d1b97482e2108319786928dbd9cf9de7404b3aee8d2fb1d7cc8715abfab4179,1/22/2026 17:45,UNKNOWN,"DARKNESS, LIGHTED ROAD",DIVIDED - W/MEDIAN BARRIER,UNKNOWN,605,N,MICHIGAN AVE,17,5,1,41.89271559,-87.62404433,POINT (-87.624044333609 41.892715590941)
005c7f440d9a530a520ca6289d5beb423015a2474e7d24a6e705832cdd437ce419927c5352f12091ddd68415130a9932483a5673c49c01104651d21baf3e0e8d,1/22/2026 11:45,CLEAR,DAYLIGHT,NOT DIVIDED,DRY,10,E,WASHINGTON ST,11,5,1,41.88332732,-87.6275479,POINT (-87.627547904528 41.883327319202)
f277ef5e68c997c9bbe66d73517851f46f624dcfcf7bcab44cb6414ccda4b14df1622933d35f05f1bbeb59989bfa93ebe98d657e03f10953934b804b5ed7f369,1/22/2026 9:25,CLEAR,DAYLIGHT,FOUR WAY,DRY,35,N,STATE ST,9,5,1,41.88285248,-87.62771366,POINT (-87.627713657955 41.882852478279)
f0b84f0c06deda558fe1b96bfb0715989812dcc095bd8d2a9af01fb390dccd081222318f1cfe0e707db31594df7b6b30c458002f5efff448723fb72e6ff23eb5,1/22/2026 9:17,CLOUDY/OVERCAST,DAYLIGHT,ONE-WAY,DRY,70,W,MADISON ST,9,5,1,41.88209337,-87.63039164,POINT (-87.630391644627 41.882093367301)
c832a8aa6a48430178c0593ef3a655671d91cbfce588ab17ad88f20fd8d5fa66f1f96b0ed2a423f77b9c662eb0864893408be0a805f433214c5eacf92e217f3f,1/22/2026 8:04,CLEAR,DAYLIGHT,NOT DIVIDED,DRY,201,N,POST PL,8,5,1,41.88575881,-87.63462168,POINT (-87.634621681343 41.88575881296)
046a34ebdb93bc48f8328e8f81a5e5540f8c8ed67ee72470937a30eda74709aff3b3c0f4c1d22a5cd705aadd199c8d6d47e1dbb1c98463a66d339d20b3606eb0,1/22/2026 7:30,CLEAR,DAYLIGHT,ONE-WAY,DRY,6,E,RANDOLPH ST,7,5,1,41.88460166,-87.62768603,POINT (-87.627686028457 41.884601658215)
81bc58541d029e33f2b266cb8d37c1329d2d350eb7c52f47131372879f3265abd85c5a0e788ace4ae4d53670c6ae2eaaf0bf3a62bae7ac8b570425e049461367,1/22/2026 1:41,CLEAR,"DARKNESS, LIGHTED ROAD",DIVIDED - W/MEDIAN BARRIER,DRY,119,E,LOWER SOUTH WATER ST,1,5,1,41.88670642,-87.62380097,POINT (-87.623800972938 41.886706416959)
f68e9dbeefd8384590fba14655c2ad9fe7d07ada8bdbf6c62a07aa3c16df6299cd3dc41860fb169b2d43a123f9d28ae08482d0f8abb261d50abb5f3c4a622d29,1/21/2026 18:11,CLEAR,"DARKNESS, LIGHTED ROAD",NOT DIVIDED,UNKNOWN,55,W,WACKER DR,18,4,1,41.88670693,-87.63006619,POINT (-87.630066190146 41.886706932286)
567df883a7760d5a17ab6f13e54fdd286e363373f26bbb961e5ee56fa0f772515226c6b1ec5462498f1852277d2be71970a6240beca2402df0037175e85b7d0e,1/21/2026 16:34,CLEAR,DAWN,NOT DIVIDED,DRY,180,N,WABASH AVE,16,4,1,41.8853537,-87.62641329,POINT (-87.626413285407 41.885353703983)
6a311e48a6f85efa395ba45aa5530e119d135be7a6e9c70e61cd78013f896a1da4e4bfe9490ea793b07a0b33e06ba07fbc2754f692875481c543ab0eeabec235,1/21/2026 12:45,CLEAR,DAYLIGHT,NOT DIVIDED,DRY,157,N,STETSON AVE,12,4,1,41.8848926,-87.62213273,POINT (-87.622132727509 41.884892602384)
65e111bba42999a8577cc9e410ecbf7ba53c91797f35b57259ad6ecf1296ec87fd774e45b0e08b8e15b2cdf4be59777d7f3797e45fc3b476d7af12a9369223c5,1/21/2026 9:20,CLEAR,DAYLIGHT,NOT DIVIDED,DRY,424,E,LOWER WACKER DR,9,4,1,41.88754687,-87.61698802,POINT (-87.616988015184 41.887546872821)
b0f19de55ef26fba73e2fdbb1e969503e0f6b4ffd27b6fb301479083486e4f985e660a68621e167376b972efdd32a3ce3590e3ae81350f5d5ef1f72853352bee,1/21/2026 8:47,CLEAR,DAYLIGHT,OTHER,WET,5,S,LAKE SHORE DR NB,8,4,1,41.8819832,-87.6169558,POINT (-87.616955799603 41.881983198125)
a2cb840ec42ffcb0cc38cad41d062f7e4dba7fd88f294779297f424727e848c7067bef2f3359622d53624d234d9c0b98b2be790b6192b3ee779a5e4d0a93866f,1/21/2026 7:30,CLEAR,DAYLIGHT,DIVIDED - W/MEDIAN BARRIER,DRY,230,W,LOWER WACKER DR,7,4,1,41.88705587,-87.63498204,POINT (-87.63498203673 41.887055872445)
2594c82fce9b8585b659791633b530b91dbe65851ca11502d5144672446c82b1818ed3dd5161963c339f779005fe337ff5bc44b00235adb0226bd30d2383247b,1/20/2026 22:16,CLEAR,"DARKNESS, LIGHTED ROAD",ONE-WAY,DRY,191,N,CLARK ST,22,3,1,41.88549078,-87.63082227,POINT (-87.630822271774 41.885490784288)
c8adca7985ee0e6d43f210005763ecf558d288df26f40af1971d9d57238aa66128417ae24aa889ed1c40cd4d3679b52993e2ee8e09936b315a997442f3a92e3e,1/20/2026 18:01,CLEAR,DAYLIGHT,NOT DIVIDED,DRY,17,N,MICHIGAN AVE,18,3,1,41.88250675,-87.62423521,POINT (-87.624235207669 41.882506753727)
427ce06b660be40c8c630a72ea2163db2b4a0be472af258ca730d5239a68ae37c5a5caf1662bd46928baa15662bd87454689592ab82fd2bff4e418073c544838,1/20/2026 17:15,CLEAR,DUSK,NOT DIVIDED,DRY,333,W,WACKER DR,17,3,1,41.88602541,-87.6362977,POINT (-87.63629770323 41.886025412541)
cdf378de5a53dbb1ae60f7cbda6c88c8fe899177b8f65a6b63be309282f16f0db347ee6b50427901b3a95e1a7a48af46f98b66301a160f16f23770d42203d97a,1/20/2026 11:48,CLEAR,DAYLIGHT,PARKING LOT,DRY,255,E,GRAND AVE,11,3,1,41.89168984,-87.62044413,POINT (-87.620444134826 41.891689839807)
c1c87e2cc7da9c5865d9b0551110e55ebe6469a7a1e7f212f184f13575c2422f9924f271cf3a142dc00c46f75c40c1a3a95d6b499a65799b94267fc64ec7e864,1/20/2026 9:40,CLEAR,DARKNESS,DIVIDED - W/MEDIAN BARRIER,DRY,172,W,LOWER WACKER DR,9,3,1,41.88706782,-87.63318608,POINT (-87.633186082019 41.887067818697)
04796ce01c0c0759622b9ad1f5ab17011c09df8b3edc10f1843c0aeda44bb76e3c7bb8c5a73ed8ff180989a6bfe381de14a2fe0d21db880f685ab0e0e063677e,1/20/2026 9:08,CLEAR,DAYLIGHT,FOUR WAY,DRY,50,N,DEARBORN ST,9,3,1,41.88318672,-87.62958352,POINT (-87.629583518898 41.883186722573)
5868f6494208320644fe71dc518fd485de5f007c15cdf4e1df72f1a3802d468fd8aebc54092b493fa01721058e4a85a03049578d5fe21c807d8e56f748ee3e9b,1/20/2026 8:00,CLEAR,DAYLIGHT,PARKING LOT,DRY,322,E,ILLINOIS ST,8,3,1,41.89113317,-87.61916021,POINT (-87.619160207046 41.891133170855)
0dd0b92ca6a96b7a6289e2bed595067cda1bd80b36cc5a0b39136b3ae98fe8200a20cfbfe474ea56bd0e731feadf272cf953c1ffbc6f4da532ba557d449dd5a8,1/20/2026 7:27,CLEAR,DAYLIGHT,FOUR WAY,DRY,300,W,MADISON ST,7,3,1,41.88204264,-87.63538668,POINT (-87.635386678974 41.882042644219)
fef17669c414d799201ebac47b1ce8a44ba9c0c0954554d7860426f4bec9de91d9d34e671940d0eb07b3cd81221116b614e0feb34db335e1fed2f365c7c463ca,1/20/2026 7:15,CLEAR,DAYLIGHT,FOUR WAY,UNKNOWN,108,S,MICHIGAN AVE,7,3,1,41.88058761,-87.6244987,POINT (-87.624498702844 41.880587614527)
0203812410a4d81f831bb9c1d0978039c0fd63a9f6b173f10039e6c6a904804c0be200c01388aa6c570aa774138fb7e3651a49738b089304656408c1802f5f86,1/20/2026 6:38,CLEAR,DAWN,DIVIDED - W/MEDIAN (NOT RAISED),DRY,50,S,LAKE SHORE DR NB,6,3,1,41.88131456,-87.61762921,POINT (-87.617629213183 41.881314564097)
631c8a7631796667380f45d12caeee2993b014ea2574d416c5cf1780a1ae3ea8a8da28ee2a0a5beaec7ea25c0e01d8b5c95ba3879343f47f13c8838f6ec4883b,1/19/2026 22:18,CLEAR,"DARKNESS, LIGHTED ROAD",NOT DIVIDED,DRY,2,N,FRANKLIN ST,22,2,1,41.88196396,-87.63545917,POINT (-87.635459171235 41.881963960924)
81e9aaa3531b8fa5807fd158c62371b98f21a2943abbedda49a3bd0f6121c938d658bc051e6e450649b0fe4e21448649d52f1299c4a77a3a118184132579d06c,1/19/2026 18:23,CLEAR,DARKNESS,T-INTERSECTION,ICE,180,N,FIELD BLVD,18,2,1,41.88550434,-87.61755078,POINT (-87.617550780726 41.885504343976)
d0578f0b83b6b65670a4dab9a1775b3bd106abeee54fb7e819726778eb8b65cff24d86e3fe33270737ad83324f2a86052622aee6b7bb1135eaefe43f070f725d,1/19/2026 18:00,CLEAR,"DARKNESS, LIGHTED ROAD",T-INTERSECTION,DRY,450,E,BENTON PL,18,2,1,41.88562148,-87.61636284,POINT (-87.616362836074 41.885621484546)
2b75b201ef152abaf4b7ff3c0b50ffcaece43c50c2e07c8e4df8cd50c3f4e5974f3f562e1f74872b1e791574719f58a725c869085a835b9073614c34bb933adf,1/19/2026 13:44,CLEAR,DAYLIGHT,DIVIDED - W/MEDIAN BARRIER,DRY,99,E,LOWER WACKER DR,13,2,1,41.88806789,-87.62472503,POINT (-87.624725028631 41.888067891573)
be4fa901aa24484a13eac27cf36a20e596a65f5379143b11352a71596d0494421734ea98b20fada49b4c9f3c8e2d8456835187d6374208293e29b6b453e47404,1/19/2026 13:44,CLEAR,DAYLIGHT,DIVIDED - W/MEDIAN BARRIER,DRY,99,E,LOWER WACKER DR,13,2,1,41.88806789,-87.62472503,POINT (-87.624725028631 41.888067891573)
2936395f708e348f901e0bbad1d1ec0ec9122730fdeb817c40a4e96603445e2a855ed230da1cfe8f38b36fd5fbe7ec8d18c94a9e87bf6c998f83fb893d8a9011,1/19/2026 7:41,SNOW,DAYLIGHT,DIVIDED - W/MEDIAN BARRIER,SNOW OR SLUSH,198,N,MICHIGAN AVE,7,2,1,41.88568474,-87.62465292,POINT (-87.624652917653 41.885684738804)
5e81c41e8c3c20f1f8508144717f7da1d2eb091352b9498e5f410d7cd0e1257b20e5df68e8f479c0a69d6608ce4fa87877b3bbe0e6fad7e7073368cf6850b918,1/19/2026 4:45,FREEZING RAIN/DRIZZLE,"DARKNESS, LIGHTED ROAD",FOUR WAY,SNOW OR SLUSH,140,W,WACKER DR,4,2,1,41.88703998,-87.63218921,POINT (-87.632189214385 41.887039984032)
ff6473b171b6674c9ef1771599455a996b5e94a9fa8fb3c234594e4f7c6496319b50906ab4cc8478d3e8bd7093ccb51832fc7c5a6d2a66b77b60e4999dc6e36b,1/19/2026 3:51,SNOW,"DARKNESS, LIGHTED ROAD",FOUR WAY,SNOW OR SLUSH,98,E,LOWER WACKER DR,3,2,1,41.88844446,-87.6246567,POINT (-87.624656702139 41.88844446409)
5a48cb44625107bb5f4742af40fe913bdd1c23182d34612250c61f2c877cb39ac788d21a3eee536935e072788bb4792157971ae9dba90b7eb8f85f1fb8885a06,1/19/2026 0:05,SNOW,"DARKNESS, LIGHTED ROAD",ONE-WAY,SNOW OR SLUSH,424,N,DEARBORN ST,0,2,1,41.88999657,-87.62975251,POINT (-87.629752508556 41.88999657187)
c555970628e273408f788260daa0adef488525b145fdf00d97a291fed0a05a89983bf3c5c919d5c3837756f89b32773fe75fe66bd3d490a152152574dca067de,1/18/2026 21:43,CLEAR,"DARKNESS, LIGHTED ROAD",NOT DIVIDED,DRY,504,N,LA SALLE DR,21,1,1,41.8909846,-87.63271015,POINT (-87.632710153031 41.89098460086)
134f899e7e8ea534d3d1e05ddf47b33733aa81e3961c8c35ca89b3918795680a8bacc01f8596ab3f4918fc7b697434e6aa851169bb601df584770951a69331af,1/18/2026 21:20,SNOW,"DARKNESS, LIGHTED ROAD",NOT DIVIDED,WET,40,W,RANDOLPH ST,21,1,1,41.88459127,-87.62937873,POINT (-87.629378726528 41.884591274157)
64f806f11eb0605a4e029f2bbe855f75d2e74e93375f908145f57ab2069336c66955ed82237f4bb7008396ecd9b32264632bedfc9ea8ff48776bc4aa3dbd4558,1/18/2026 16:20,SNOW,DAYLIGHT,OTHER,WET,435,E,LOWER WACKER DR,16,1,1,41.88731982,-87.61684809,POINT (-87.616848086299 41.887319819167)
88f548edd427241ad2712dadfc3fe2ccb4cc8db3b5d57a16d71e3b93ef23e966518639f02cb615bf9f4c11acdf71c4627ebf3dd56cb173e745716751b55f6b82,1/18/2026 15:35,CLEAR,DAYLIGHT,ONE-WAY,DRY,111,W,ADAMS ST,15,1,1,41.87930128,-87.63116779,POINT (-87.631167792781 41.879301284703)
1acb92ee4b10f90fa04d9337c2c175f40dc58ec13d10e5cdc3d3ab6ea7f2cfb86f70a37b7015b164704a2c4264274aba3a3ccd6f0e8b07e1dcd3b73a2e242ba8,1/18/2026 12:39,OTHER,"DARKNESS, LIGHTED ROAD",DIVIDED - W/MEDIAN BARRIER,DRY,99,E,LOWER WACKER DR,12,1,1,41.88806789,-87.62472503,POINT (-87.624725028631 41.888067891573)
533208cd4f2b61cf1a724bee3874d8ca2ebc370583cbfd50ad0c59e961a47d121b392a17e38caee6f79a391ba48fa690406c88d74435131691db520e835ca332,1/18/2026 11:43,CLEAR,DAYLIGHT,ONE-WAY,DRY,197,W,RANDOLPH ST,11,1,1,41.88435994,-87.63382138,POINT (-87.633821382385 41.884359942311)
465ae311a2e4c4ce32b7d99a9998275fff2445a807a7fc153233bcb49295562f9cbe3217acd01afa1c570c46836ed816bdf3e730815f5a31ac167d240599ff4e,1/18/2026 10:06,CLEAR,DAYLIGHT,FOUR WAY,DRY,300,N,LOWER COLUMBUS DR,10,1,1,41.88688372,-87.62088012,POINT (-87.620880115813 41.886883717417)
ec8e634b7f7c83837ab93a9cbd2d9bd95853b90a9df808093bb3265b651a8deeb2df2ba3bac07d144a765e13a52aae8ffa8a95cf7aa37b685a43eb36290b0d41,1/18/2026 5:30,CLEAR,"DARKNESS, LIGHTED ROAD",DIVIDED - W/MEDIAN BARRIER,DRY,129,E,IDA B WELLS DR,5,1,1,41.87562868,-87.62324172,POINT (-87.623241719601 41.875628682814)
0f135f1baa6fd32b27e854d7d6d781dd3ac50862adae9906088a23b6c3b2c04e5305e499c78781863b80951c1f3df53093cdbef6bb99f5c68c35f8a887663c07,1/18/2026 5:00,CLEAR,"DARKNESS, LIGHTED ROAD",DIVIDED - W/MEDIAN BARRIER,DRY,155,S,LAKE SHORE DR SB,5,1,1,41.87971667,-87.61708502,POINT (-87.617085023372 41.879716670801)
cd2862c3bfeef5df30a521257557f849655456bc58d8407fe0e43524334ea4a8f9ca110b7938ac9ad792525d4f35a3d3ce50cbdc92e6a7ceaf0652828cb5bacd,1/18/2026 4:53,CLEAR,"DARKNESS, LIGHTED ROAD",T-INTERSECTION,DRY,300,S,LAKE SHORE DR SB,4,1,1,41.87831013,-87.6175759,POINT (-87.617575903416 41.878310134581)
34c1af0bf04a8726a4c0c7e9aa0651bd9c7e2c2e4218cc59582c6086627fec24ff9f21c23f2c72ef6805e2e005dfc74a2932298d2de43f6147685104d6166b4e,1/18/2026 1:35,CLEAR,"DARKNESS, LIGHTED ROAD",NOT DIVIDED,WET,500,N,STATE ST,1,1,1,41.89090369,-87.62818612,POINT (-87.628186123483 41.890903690741)
1444975330822a27b573b6c7155152dffd6d3ee8454cf11b55575f6f364b9faad99ab112e6a3180a619c9d70ea533eb90535992411e2040f9f314db2f5a5e9b8,1/18/2026 1:15,CLEAR,"DARKNESS, LIGHTED ROAD",FOUR WAY,UNKNOWN,2,E,MADISON ST,1,1,1,41.88215481,-87.6277843,POINT (-87.627784297955 41.882154807591)
22b9adc524de047ee02699965bba3dbf9f555e22ae0a65ff2aa92ca4b7aae4ff0f34fadd95e085d3171416bf3ad0e7bc5f240ce4e9a7506d2ce8b8edf71dcc9b,1/17/2026 22:36,BLOWING SNOW,"DARKNESS, LIGHTED ROAD",FOUR WAY,WET,99,W,HUBBARD ST,22,7,1,41.889912,-87.63100585,POINT (-87.631005851142 41.889912003853)
73cef1f1abece990d53595315ecf22afb0a95951cc23dfcb84cc7e8c033cebc534c1a22484966e599e09e6380968df7523d7f9f660988ca4c426d97b36ec84f8,1/17/2026 19:47,SNOW,"DARKNESS, LIGHTED ROAD",DIVIDED - W/MEDIAN BARRIER,SNOW OR SLUSH,111,N,MICHIGAN AVE,19,7,1,41.88352921,-87.62426639,POINT (-87.624266393898 41.883529211585)
8ea37dff4de61c6633de65816929560ced5b41e5f57e3aae1443144c4d55206860b1ab20cb2406de0d6966c66e13f63404beee7d1847b77731938a07f001ee1b,1/17/2026 15:13,CLEAR,DAYLIGHT,DIVIDED - W/MEDIAN BARRIER,DRY,298,N,LOWER MICHIGAN AVE,15,7,1,41.88672822,-87.62471769,POINT (-87.62471768792 41.886728222655)
f062f50fb76e27fa10d661f88fea87987d8b093884b32ef136bfd9520dd8d4f750bc704113b27cc1cfdfecce492d7e01f217edc5aec0429c78316c9de172457a,1/16/2026 21:35,UNKNOWN,"DARKNESS, LIGHTED ROAD",DIVIDED - W/MEDIAN (NOT RAISED),UNKNOWN,98,N,STATE ST,21,6,1,41.8831577,-87.62801553,POINT (-87.628015529251 41.883157700149)
d4d3e5bf02024a37e7deafc38639d94d89f26caeec9992702af18fe3cf0551cf79326c040fdb66b5f59a3a0d14985117403b288dd63ced2068d7149d8aa19e0a,1/16/2026 21:30,UNKNOWN,UNKNOWN,PARKING LOT,UNKNOWN,410,N,DEARBORN ST,21,6,1,41.88963425,-87.6297443,POINT (-87.629744299862 41.889634252878)
74455defaa9d306ba07980f72a6849a437b12793d246e71175257f14ad1277a1d8c48be33568030c3cec53eb239b2be1db686532e302ef9f52987b00f686ed92,1/16/2026 20:30,CLEAR,"DARKNESS, LIGHTED ROAD",DIVIDED - W/MEDIAN BARRIER,DRY,406,S,PLYMOUTH CT,20,6,1,41.8767025,-87.62887963,POINT (-87.628879628379 41.87670250348)
d0d290f72fa33e30c4ee12afb34d0e1a8ad25a6541e42d9bbab5610623119bcad389a4a608ff60410fba32420dfd276db601136b2b9461b4156e3d4808be6063,1/16/2026 16:50,CLEAR,"DARKNESS, LIGHTED ROAD",PARKING LOT,DRY,181,N,DEARBORN ST,16,6,1,41.88535046,-87.62933739,POINT (-87.62933739296 41.88535046357)
65b64467869ec177e5c9ea21755a690b5e561f039ff5c53991ce0c749caad7322ac61043c7b91ad85c885503cc09285ee7a0f7cb740abfbb92913e8818f45001,1/16/2026 10:35,SNOW,DAYLIGHT,ONE-WAY,SNOW OR SLUSH,1,W,WASHINGTON ST,10,6,1,41.88310863,-87.62794877,POINT (-87.627948770804 41.883108627267)
1b92a9b2b0f9ad8aaa4b2073685eb86a285d35c0e3d6ee39611013246197a39bc311296bb45197ce3e83558d4c46fcd48f5c30026a5b01cf9e0de84fd17ba748,1/16/2026 8:32,SNOW,DAYLIGHT,ALLEY,SNOW OR SLUSH,35,N,WELLS ST,8,6,1,41.88285169,-87.63370961,POINT (-87.633709610236 41.882851693459)
8408d4574fb4151701ae68435151f6851eed238fa306561b34973ca02253a84093fefc4973fa7f6257e8d6ec492e87c0fcde57761bc002b860c6282d57da1142,1/15/2026 18:43,CLEAR,DUSK,ONE-WAY,WET,600,N,DEARBORN ST,18,5,1,41.89248545,-87.62982444,POINT (-87.62982443971 41.892485453597)
7f5a2fbe2e49fe2ae8f95f4959895a650cb90dcac3ea234637d7a0e7c31404674d5d646d766abdd605775274034f363baa56345f74f16bb42f140ac743b25fff,1/15/2026 17:50,SNOW,DARKNESS,FOUR WAY,WET,626,N,MICHIGAN AVE,17,5,1,41.89337221,-87.62436142,POINT (-87.624361418497 41.893372214284)
f98d8ca2fbbfd74a911540b721d4a30d8c0a729d5743e1165403575900d3a3c7cae772d39ae6e51d808eeb536ccc06fe706fb62c20ca284113ab7a2406f85102,1/15/2026 11:30,CLEAR,DAYLIGHT,NOT DIVIDED,SNOW OR SLUSH,160,E,ILLINOIS ST,11,5,1,41.89106418,-87.62291792,POINT (-87.622917924914 41.891064178116)
6c084f091d51eef717ce473a1c6de4a008774dbfbf5b9e5ce9f6c4b91240ee6cde99f5de1b45458ff188b0b15674918abfa1c5c50c8ec4fbd79ba28c0dd5f94e,1/15/2026 11:00,CLEAR,DAYLIGHT,NOT DIVIDED,DRY,500,N,LA SALLE DR,11,5,1,41.89084146,-87.63270628,POINT (-87.632706277654 41.890841457198)
c172efc0a58f102c9d98c15ad0b6cbbc75448988b49dccce868a3dd3c253c5d157270433cb5225e260c80064c652f660963412a17c03d99044f813b42ace967a,1/15/2026 9:15,CLEAR,DAYLIGHT,FOUR WAY,DRY,460,S,CONGRESS PLAZA DR,9,5,1,41.87581065,-87.62341487,POINT (-87.62341486914 41.875810647643)
9c2e0806dffade0dc7ffb21a737f8fa9392601fe0bedfaa9fe57a764671f4e4d2f51872eede68137b5ed62fd6e265efa7c90eb88569cea43e74249f11f168ffe,1/15/2026 2:05,UNKNOWN,UNKNOWN,ONE-WAY,WET,66,E,OHIO ST,2,5,1,41.89263269,-87.62546935,POINT (-87.625469348514 41.89263269454)
b0f4093df8fa844314b7e81aea4485db6e53b79df47d9f32b5827c760571411ee86d25544faa8e071454d974677c507289bd04c6b90bf42143c23956ca2deeac,1/14/2026 20:44,UNKNOWN,UNKNOWN,DIVIDED - W/MEDIAN BARRIER,UNKNOWN,83,E,WACKER DR,20,4,1,41.88807183,-87.62520349,POINT (-87.625203488743 41.888071825017)
08f45d85221406b947d550787c6aad4b86cc8e27c0a5ee9e6178dbe21cb0caceb14f2f58f6fb267fe99e6f8ce6195a9102486f2193ec719c196ee762a4c98f07,1/14/2026 17:30,UNKNOWN,"DARKNESS, LIGHTED ROAD",FOUR WAY,UNKNOWN,430,N,LA SALLE DR,17,4,1,41.89004243,-87.63269468,POINT (-87.632694681299 41.890042429682)
54297d9641d95247e5c8e3bffa5446876d67f564e9cc42ef73ef56118fc6b8790999d08f8f3c12540b2f3ee61a7476a27b8bc94466249ae01800758eee7eac4f,1/14/2026 17:30,SNOW,DUSK,NOT DIVIDED,SNOW OR SLUSH,398,S,FEDERAL ST,17,4,1,41.87698763,-87.62983625,POINT (-87.629836247018 41.876987626936)
260b76ad9e08a6df7068e607583e9d3afec96d4160b604f7fe72cf637095d38efd04f08d49bd27adee233d397a3dc12c8551f8eae3d2da9bb5c93a3c02c0ef99,1/14/2026 15:20,CLEAR,DAYLIGHT,NOT DIVIDED,DRY,55,W,ILLINOIS ST,15,4,1,41.89071594,-87.63014745,POINT (-87.630147445061 41.890715938888)
bc3453fafb21c1321ec9ab61be5ac1772cd95168f7da45e5ffba8a0d3faa08916c46b5edb673e2b4085554acad14fd454457c1d0da0a89b29145a64ab173c5f9,1/14/2026 14:30,CLEAR,DAYLIGHT,DIVIDED - W/MEDIAN (NOT RAISED),DRY,100,E,GRAND AVE,14,4,1,41.89182349,-87.62531771,POINT (-87.625317709668 41.891823490173)
a37ab024bf9d32e79905e9510ffc4d4fda3805118b2e1ef1937d466cdd2a1397907cc7a7078c8b853d6081a1eeba180c83bfbce9f36a356ccc3a3b01b32f729c,1/14/2026 12:15,CLEAR,DAYLIGHT,ONE-WAY,SNOW OR SLUSH,172,W,MADISON ST,12,4,1,41.88206218,-87.63303912,POINT (-87.633039115193 41.882062182826)
8c382dad9f801e2a797fb09811e3987eb2bf290bf1ebbf73bfc1f80aed7a3df9ff71f52619aa1cc0553cbdb58fd688753c841b6fff68c1e44e325cf4c490f88b,1/14/2026 12:08,CLEAR,DAYLIGHT,OTHER,DRY,340,E,RANDOLPH ST,12,4,1,41.88462477,-87.61925432,POINT (-87.619254324027 41.884624773137)
673f1447ef7772bf7a3008412298a24e738d110d870a19808cff360a7dea94f98c99964c844e614dd4a6a466af4e4d692ff807de5a04005fb80de0e43df9df9c,1/14/2026 8:10,SNOW,DAYLIGHT,ONE-WAY,WET,190,S,CLARK ST,8,4,1,41.87944415,-87.6309677,POINT (-87.630967701832 41.879444145218)