CRASH_RECORD_ID,CRASH_DATE,WEATHER_CONDITION,LIGHTING_CONDITION,TRAFFICWAY_TYPE,ROADWAY_SURFACE_COND,STREET_NO,STREET_DIRECTION,STREET_NAME,CRASH_HOUR,CRASH_DAY_OF_WEEK,CRASH_MONTH,LATITUDE,LONGITUDE,LOCATION
c78c1406fba212b75547d10a5522ff2138d5a2f432484540cb9226c070bd81e3ea1deb58e67d1c5275de2ba9b55090090087d4d6bb190ab0c04c22a3e598eecd,1/14/2026 7:45,UNKNOWN,UNKNOWN,NOT DIVIDED,UNKNOWN,33,E,IDA B WELLS DR,7,4,1,41.87557316,-87.62637611,POINT (-87.626376111661 41.875573160461)
1ba3d18fff6a82ff045fe752d472b7ecc5dadc179c8d3e0d3b7f82da4e3d794c42bc936e35c64b8e7d876658d22dd0cb6f460485cd9faef2fd0313892d63d198,1/14/2026 7:40,SNOW,DAYLIGHT,NOT DIVIDED,SNOW OR SLUSH,37,E,HUBBARD ST,7,4,1,41.88997922,-87.62659347,POINT (-87.626593471379 41.889979215409)
9b44d2f3985984baceb382c4413eb1552d5586a19733741f8d17b39f45e60a2ab4c8a58e1ad5eb889e024ab15c77bfd2fd97ace85f1f12ec92839aa8c20e8af8,1/14/2026 7:40,SNOW,DAYLIGHT,DIVIDED - W/MEDIAN (NOT RAISED),SNOW OR SLUSH,134,N,LA SALLE ST,7,4,1,41.88411127,-87.63257639,POINT (-87.632576385239 41.884111267334)
a3ec50838f277868834d9a13a5cf0f2c0dc5c9b4cbc99745d2ba3aa480803bec9ea49b7c457ecf8b1512478a532590a8edcdd5defbc45de3014d7e76700529bf,1/13/2026 19:33,CLEAR,"DARKNESS, LIGHTED ROAD",FOUR WAY,DRY,24,E,JACKSON BLVD,19,3,1,41.87833792,-87.62681985,POINT (-87.626819847025 41.878337918432)
a86c55b82510972ebf7bebee64ea980e9f12aa9168f153e32f55b0f85758be813dfedba8d2ba2c419164e28318c5cee9dfb22b3b2e680823fe811190dffcfaff,1/13/2026 14:49,CLEAR,DAYLIGHT,OTHER,DRY,450,E,LOWER WACKER DR,14,3,1,41.88752738,-87.61659991,POINT (-87.616599909647 41.887527382373)
ccdaaaa86f4b84df35de5871633b5ebe3ea61b541c06d62c4817ad173dccad02ec411e47a91d580c05814db67a9b73f323d79a0933bf61693a66da8bfea15fbe,1/13/2026 12:30,CLEAR,DAYLIGHT,DIVIDED - W/MEDIAN (NOT RAISED),DRY,221,N,MICHIGAN AVE,12,3,1,41.88628239,-87.62438018,POINT (-87.624380179963 41.886282391851)
2d4597e64842345434f73db83a2e905bc35f955af0b11fd2f7cf58cc011f5477fa09bc6905b541a3ef9c54e96516c4ae1ac2552c333bb9083daa3f5a82adb489,1/13/2026 11:45,CLEAR,DAYLIGHT,ONE-WAY,DRY,146,W,RANDOLPH ST,11,3,1,41.88458246,-87.63230375,POINT (-87.632303749197 41.884582460995)
db53427d2407ca52a2dc97ecedf09ff1b158471c2df2231ea8104f91f39c51d9ce5f9bf97183859912d028d8eb7bc20f09c90adb81b0968d58a66b95a389f8b4,1/13/2026 10:30,CLEAR,DAYLIGHT,NOT DIVIDED,DRY,415,N,DEARBORN ST,10,3,1,41.88978309,-87.6294536,POINT (-87.629453600131 41.889783087171)
5dbc6e6bca7f6c628ed64b558deff7fb9dd7b2e3699f1b202be427d17d26d4fd0063fa602f94322c2a7cf4ff4aff6fc983fbdd7ae0f9d87700273a49b4e3837b,1/13/2026 8:20,CLEAR,DAYLIGHT,DIVIDED - W/MEDIAN BARRIER,UNKNOWN,300,N,LAKE SHORE DR NB,8,3,1,41.88614049,-87.61427411,POINT (-87.614274106164 41.8861404879)
97499a97598a954f51e6cfdf7354671339eb32919363e243086c8fce5e7dcad9686e38658837e5a30666cdd3fc3af3413f6d8e9c3e2d1c6676e832e18cdb5cdb,1/13/2026 7:50,CLEAR,DAYLIGHT,FOUR WAY,DRY,198,S,MICHIGAN AVE,7,3,1,41.87961696,-87.62449996,POINT (-87.624499957019 41.879616960921)
8d4402ae71a8ade45d8ca38595f1f2f91c9a3dadd1b5bf30cf223ce4b28c2d8bcb05426fc5ab93b9857f33e97935e29c54ef85075311025f7e301249b27fb325,1/13/2026 7:41,CLEAR,DAYLIGHT,DIVIDED - W/MEDIAN (NOT RAISED),DRY,150,N,MICHIGAN AVE,7,3,1,41.88453096,-87.62460204,POINT (-87.624602044601 41.884530963783)
6f2f1866ba23461775857a552e8a667152f10366e895663b833e8cdee391da26b26b2dd5f4b81b81ae3b0cfe8f4d16eef1aaff9df07b861c613db673238fbbbe,1/13/2026 7:13,CLOUDY/OVERCAST,DAYLIGHT,ONE-WAY,DRY,100,W,LAKE ST,7,3,1,41.88585126,-87.63104976,POINT (-87.631049758573 41.885851255687)
df27a06c170d20447bd48ef30be76fdd36f7a093282b8a5e40615c2811195351688d95c7a5df442cc31629bc7d2ec38cd9abcbf45ed73b06b2c34559d9be65ac,1/13/2026 1:17,CLEAR,"DARKNESS, LIGHTED ROAD",FOUR WAY,DRY,600,N,MICHIGAN AVE,1,3,1,41.89259323,-87.62433405,POINT (-87.624334047949 41.892593225538)
eb85b391fc94ebfee9d506b985696f1b8ceb93c847957a7521f7f5083fadab8155a19df4f1da5aadbe3690fdbedfd12e81f26446767f8ff2d334a4117ab472c0,1/12/2026 19:40,CLEAR,"DARKNESS, LIGHTED ROAD",NOT DIVIDED,DRY,100,N,STATE ST,19,2,1,41.88324838,-87.62801718,POINT (-87.628017180253 41.883248379666)
572792012ba8923ac9c96fd93ac85122e12c33aa387e4c904f453c020dd4189d6aa0e35ba2af2a76172cf129986184fce94ffdf61908025e1f8621b77db6967b,1/12/2026 16:45,CLEAR,DAYLIGHT,PARKING LOT,DRY,225,N,COLUMBUS DR,16,2,1,41.88637314,-87.62054303,POINT (-87.620543030168 41.886373138256)
482e05091d46fa90b2ad8bd4518c09ab918891605ae3d7c95dd334fbbe29483ae2838d552b2a5d5f6dfda9eb46b9ac1d5a61843470e4708a5bd245d4fc157745,1/12/2026 15:40,CLEAR,DAYLIGHT,ONE-WAY,DRY,299,S,DEARBORN ST,15,2,1,41.87823481,-87.6291555,POINT (-87.629155503628 41.878234811434)
137d378cc3dd4fda0d6c84e5eab64c1cc77ca03dcdc08c61095e3da739552685835ab7e2f199d0281a69ed57ba1db47b88df924ab5f9a8a41b0b7922282ba588,1/12/2026 12:30,CLEAR,DAYLIGHT,DIVIDED - W/MEDIAN (NOT RAISED),UNKNOWN,400,E,RANDOLPH ST,12,2,1,41.88464637,-87.6172485,POINT (-87.617248496239 41.884646365435)
b2103606662bb0729d2ec24a757754a6e3230f87ffaa5fdd060e9ba29a847e87483c8503f3d3337d3b8b03165950e1ee740134d912a2bba85021d6a38d77df20,1/12/2026 10:51,CLEAR,DAYLIGHT,ONE-WAY,DRY,118,N,WELLS ST,10,2,1,41.88370838,-87.63401868,POINT (-87.634018676487 41.883708384522)
bee7a01aec2b3b1d92213404138ffcacbab4d7368d699efb1f8a050a68a397a421b5c803c82b5827d3a6f51fc1fb9976973a0e5f633862287917556708b2f53e,1/12/2026 7:22,CLEAR,DAYLIGHT,FOUR WAY,DRY,2,S,DEARBORN ST,7,2,1,41.88193145,-87.62954716,POINT (-87.629547162334 41.881931453699)
7ae2dcb8acfaf84650ec6237ccddb083f4c0720245f323385f0b446a26284cba9f49f76daf70c842d6a5c88dbd720207dcbdd4b9aab2e249a4433132d59bdb68,1/12/2026 7:15,CLEAR,DAYLIGHT,PARKING LOT,DRY,17,E,ADAMS ST,7,2,1,41.87938733,-87.62706365,POINT (-87.627063652354 41.87938733398)
5c61338109d88f272c3da66fa452f92698da38e13dd6c1f84a66f45587c701bde3e4ca14e6db0765a41c8764e0f010933e4efa895221ec566dfca94835ed8da3,1/11/2026 5:17,CLEAR,"DARKNESS, LIGHTED ROAD",OTHER,DRY,401,N,STATE ST,5,1,1,41.88926542,-87.62786766,POINT (-87.627867657864 41.889265415961)
8452a3decfbbf176d96af2495d4a648f43efaa8b7aabc056b9ab0bad0e6e5e0e0c5bc369d208dd47ebcac69cb3265e3a41aea770bfcda9578e8d7edce92c8386,1/10/2026 22:45,CLEAR,"DARKNESS, LIGHTED ROAD",ALLEY,DRY,161,N,STATE ST,22,7,1,41.88484103,-87.62777189,POINT (-87.627771894947 41.884841031921)
8828f5401dfa73586b1c92b5450eb1bbe3b1e364975e99edd590673211000a7ac64c0de0e30fccf3f07844a710c1980d445b1560ad5ba94e4f93cc130134485c,1/10/2026 20:30,UNKNOWN,DARKNESS,OTHER,UNKNOWN,150,N,MICHIGAN AVE,20,7,1,41.88453096,-87.62460204,POINT (-87.624602044601 41.884530963783)
defe01bf28333c2dcbe773d8575abc42b2c54262e3d47d5ab04ba01bacb508413dbd42d471b135f7b312c02539271a40166b5fade6af0195dca2276536665c7c,1/10/2026 18:00,SNOW,UNKNOWN,Y-INTERSECTION,WET,58,S,LAKE SHORE DR SB,18,7,1,41.88118118,-87.61763001,POINT (-87.617630006228 41.881181181145)
4d5c1326bae7bd59be1f42c237f733e2a57b2787cbd0ebf37c554e2891ac7b0ff85f20aa7120eb8be36dce07eb042fa12751f43d5f61a9c6c727d03b9293315a,1/10/2026 17:33,UNKNOWN,"DARKNESS, LIGHTED ROAD",ONE-WAY,UNKNOWN,12,W,RANDOLPH ST,17,7,1,41.88459827,-87.62835537,POINT (-87.628355369105 41.884598273656)
b308d23483cc9adb4b96a2022b17da87679923d2a093a6e74eea0afd5541ecacb703ed31cf5e21814aee47a612c6f2ae53a721563367e9167c2be94ab39f4835,1/10/2026 4:14,CLEAR,"DARKNESS, LIGHTED ROAD",NOT DIVIDED,DRY,500,N,COLUMBUS DR,4,7,1,41.89104457,-87.62037184,POINT (-87.620371839074 41.891044569124)
be0cffe8940c8e26faedd1fd95817913e1df3ace56bcce0c4b3a2e02bcf959aea60a4fbbe6e4484817ed39028ee68c67a1323bf2b02f6f94cc89e8b34dde58d5,1/10/2026 2:40,CLEAR,"DARKNESS, LIGHTED ROAD",NOT DIVIDED,UNKNOWN,29,W,HUBBARD ST,2,7,1,41.88993752,-87.62909218,POINT (-87.629092175026 41.889937518512)
1a74f8879bc12fca72a3881dcb6f3ed006d54ace156c1370646f148d1a876c93c730448dbf7cb3a77a23074a5dff5c5cc7ef07f7f3ee0e5b972d5eec54cc36bb,1/10/2026 1:30,UNKNOWN,DARKNESS,NOT DIVIDED,UNKNOWN,72,W,HUBBARD ST,1,7,1,41.8901341,-87.63083351,POINT (-87.630833510235 41.890134098557)
3e2952d03f150f99984fe4a3487181c856b9c2f6a3333bbc84a23a55d2c840fd0339ca09e2538064eb469ca31c5ed8eb560024a9c8048d67b0335c058ec3bad9,1/10/2026 1:15,SLEET/HAIL,DAYLIGHT,TRAFFIC ROUTE,WET,111,N,CLARK ST,1,7,1,41.88351265,-87.63076855,POINT (-87.630768552092 41.883512645027)
43a08fa4de7546f3285c84d60781f72107079674dcbb0b8d2aefd74c761855988feeda2eff9102e832da92678f997ec8c6ad4137c8c1c1c7be5101318e32b698,1/9/2026 21:09,CLEAR,"DARKNESS, LIGHTED ROAD",DIVIDED - W/MEDIAN BARRIER,DRY,154,N,LAKE SHORE DR SB,21,6,1,41.88434876,-87.61454978,POINT (-87.614549778133 41.884348763505)
15dbb0cab45190f4b0dc6e36e3bf1de0f13b45430b42f35cc65a9853b9eb341375406e34f8ebca3a5aa93d3834560473871e4c569351915d6586d38700b12a93,1/9/2026 20:00,RAIN,"DARKNESS, LIGHTED ROAD",ONE-WAY,WET,1,W,GRAND AVE,20,6,1,41.89155904,-87.62813938,POINT (-87.628139375465 41.891559042321)
ee3d8e1024d317a0a6875c9e8f280f1f7d76e83893c6642c0eadea015f3b96fa8ae829f0a6541f71a3bb2939cd5aaf365bd81cb81a5118665126f42bf3faa907,1/9/2026 17:00,SNOW,"DARKNESS, LIGHTED ROAD",DIVIDED - W/MEDIAN BARRIER,WET,233,E,SOUTH WATER ST,17,6,1,41.88681376,-87.62126782,POINT (-87.621267822634 41.886813757029)
f9e276b14e3ed3c5fd4cfd28e8e64716a938f23032d4dc428abb99f6cb47f54ca8f2519c337c79b127e65824e88179f84d28bdcdcc82229c78f2dab6d2c1531a,1/9/2026 12:42,CLEAR,DAYLIGHT,NOT DIVIDED,DRY,177,N,STATE ST,12,6,1,41.88527796,-87.62778288,POINT (-87.627782875171 41.88527795661)
fcc38f66584effb22e80e962a10088f9adeb77d83eaaeb80467922851e237f34c5882254c46f0f20376062aeeab3d65ce1424eb061f92abcebf41a6a09248f87,1/9/2026 11:45,CLEAR,DAYLIGHT,NOT DIVIDED,DRY,65,E,HUBBARD ST,11,6,1,41.89000521,-87.62537213,POINT (-87.625372131587 41.890005212586)
471d51b341136dff532747aa2e094e5b14a6b36eea2d7559ecf7d9d36825903adadbee8c0513dcebb505408ef90496d53d7bdf1aa2675745e2ff2024ba958e15,1/9/2026 11:39,CLEAR,DAYLIGHT,ONE-WAY,DRY,30,S,MICHIGAN AVE,11,6,1,41.88137106,-87.62449175,POINT (-87.624491751871 41.881371061538)
3b2807868ebabc3be0c2edf4a7f562e0ab8110d95b4d1b3d403f7fe1b203aff8bb9aa4b8262666bef80c921a1ee2cd6a93507f98eba7b7efb31e1ba8c0ee6e12,1/9/2026 8:30,CLEAR,DAYLIGHT,DIVIDED - W/MEDIAN (NOT RAISED),DRY,160,N,LA SALLE ST,8,6,1,41.8848189,-87.63257696,POINT (-87.632576962473 41.884818903985)
ebf0a2125dc2749ad4b69c8eb77294d3a4a136948a1a9ec0e64b6e050244926e1e5b479da7d257c2399249f39d93a04c1d0a325a1a294786d09a32d296a53908,1/9/2026 6:59,RAIN,DAYLIGHT,FOUR WAY,WET,133,S,LAKE SHORE DR NB,6,6,1,41.88012773,-87.617094,POINT (-87.617094002965 41.880127732934)
12e06251931a2fd099f1858a765463c24194c5c07767b5f9472291af899d5bd13b3120c6deaf5a89c403882df27181cca231690eeeaf471d67f57db8d46b903f,1/9/2026 6:50,CLEAR,DAYLIGHT,NOT DIVIDED,DRY,457,S,MICHIGAN AVE,6,6,1,41.87579106,-87.62411501,POINT (-87.624115012282 41.875791059222)
8a64df0f0ff4ae22ee376e13a54b7b85a64f31ecdf30f112f14d317e6082cf3b0864cf0ff595c65a6d94b5549f071d2167a5ed3e06cef4e03b9aeef4edba5485,1/9/2026 6:21,CLEAR,DAWN,FOUR WAY,DRY,148,N,DEARBORN ST,6,6,1,41.88444608,-87.62960219,POINT (-87.629602188986 41.884446079412)
4eebd90e220e48f894dc45bfdfc3f0b899ee992c3b3038225a6f3ec6606fc53a8fbaa17a071dc5f778c11498bb2ad4921f2b62fb0f2a414c951ae723e36623d9,1/8/2026 18:30,RAIN,DARKNESS,PARKING LOT,WET,50,E,OHIO ST,18,5,1,41.89261824,-87.62616035,POINT (-87.626160348476 41.892618240004)
4977f56d63067a3d29a5e07f5eb1a49a93513d6069b1aa58ba5ee566ec2338f115ff434c634a9465d7eae3133f24136f7f356c0238af3077f71501168f76b47c,1/8/2026 18:01,RAIN,"DARKNESS, LIGHTED ROAD",ROUNDABOUT,WET,129,E,IDA B WELLS DR,18,5,1,41.87562868,-87.62324172,POINT (-87.623241719601 41.875628682814)
eb15c2bed5f12062408de0f45e4eddb4644b4d58b5671991493e33e768bd14741602b2607a6332b3457ba3149cfc22cc89449c8efed8715ecb4b2ec1f9441229,1/8/2026 17:23,RAIN,DAWN,ONE-WAY,WET,2,N,FRANKLIN ST,17,5,1,41.88196396,-87.63545917,POINT (-87.635459171235 41.881963960924)
b49d7b96b67625ff883fd05e1c29f6a010911e40e3d41f92514a893ac9a98adabfb77ff102a6e39d88e994adc445331297578b0d3a3156cd0825a7fcc2594b61,1/8/2026 17:00,CLOUDY/OVERCAST,DAYLIGHT,T-INTERSECTION,UNKNOWN,450,E,LOWER WACKER DR,17,5,1,41.88752738,-87.61659991,POINT (-87.616599909647 41.887527382373)
cbe673f33ebb7f0dec60b4bf74ab4149633b0571fb23f06d5cb2eaa1c4fd301197b3a03cac61a2741370c762fb95bf6c52f3b86707b8946a047417af69dbea1b,1/8/2026 16:35,RAIN,"DARKNESS, LIGHTED ROAD",NOT DIVIDED,WET,73,E,LAKE ST,16,5,1,41.8856235,-87.62537382,POINT (-87.62537382137 41.88562349782)
3d74c2991931673feca401aef64843e223524944b276365009af2912bf96d8d98f4d7c6f8602f712da2aa9b9865ebd10dbfb5bd04e9f2d63191d0d7932ebf597,1/8/2026 15:14,UNKNOWN,UNKNOWN,ONE-WAY,UNKNOWN,117,N,WABASH AVE,15,5,1,41.88366907,-87.62608541,POINT (-87.626085411141 41.883669066131)
f2a61c07fc5a60ae74d1ff93ad329dc58ae75192e9531f66249c5740eafd9a076a0761d537cd535d6567e28f27483b738a9484740aacd6952a76547bb95aa278,1/8/2026 13:47,CLEAR,DAYLIGHT,T-INTERSECTION,DRY,150,E,GRAND AVE,13,5,1,41.89185714,-87.62343616,POINT (-87.623436156234 41.891857137699)
d37610819f333bd2e4f8af7e391e49bd97db61299ce5dd75055234e1d79b5c29939fd777ea47ecc6c0a2f44b9a7f04eb4fbb1e810aa987f27d1a4a9f2828957d,1/8/2026 11:16,CLEAR,DAYLIGHT,FOUR WAY,DRY,342,N,COLUMBUS DR,11,5,1,41.88807627,-87.6207757,POINT (-87.620775700742 41.888076266309)
5e6e90482b916e75ecf5f2a40c7b54f4d1fe90b080648abbe1e95c069583c4f9a9acbc18f43d729fffd53a505252648ee9a7880ab1498a5fd8d9397920c5e599,1/8/2026 11:15,UNKNOWN,UNKNOWN,NOT DIVIDED,UNKNOWN,333,S,WABASH AVE,11,5,1,41.8774504,-87.62592198,POINT (-87.625921976426 41.8774504046)
058547862a7374a7b3b38d766851a0b93cfd2ddcd80f9b161ac866bc7a6997343795a57ad16fbdcd446281fad8d0c56c9f65dd7ac77c0ea03a93e2366905b22b,1/8/2026 10:48,CLEAR,DAYLIGHT,DIVIDED - W/MEDIAN BARRIER,DRY,331,S,MICHIGAN AVE,10,5,1,41.87752868,-87.62415359,POINT (-87.624153591139 41.877528683627)
f597f0f9f98a0bf81a8c0ebd47fa078a08800b3e56fbd9d1c985b39e2951a34d449c94d0d111ae2fa14a3b0867b073634d23170f1a6958104f9d1d9cd885ecd5,1/8/2026 8:43,CLEAR,DAYLIGHT,FOUR WAY,DRY,198,S,WELLS ST,8,5,1,41.87942118,-87.63389941,POINT (-87.63389941393 41.879421180569)
3552dff7c258d1cb17bf69de7ffcc2fdfdf9a3381a124cb5f6315535a6e0ffa23e10f398d9cc653dbb7989a85493322a79091d2ca3958e84d23d538ffbc0f50d,1/8/2026 7:30,CLEAR,DAYLIGHT,NOT DIVIDED,DRY,300,S,LAKE SHORE DR NB,7,5,1,41.87831013,-87.6175759,POINT (-87.617575903416 41.878310134581)
d335dd4af6e96e62af8c4c4d63173a5bb101433544c177e6b01a037143187fff060bd6ee3aee1bb7a0b79c589422e6e00cb48ad07ea5a0ac6d78b03346519c23,1/7/2026 18:55,CLEAR,DARKNESS,NOT DIVIDED,DRY,111,W,KINZIE ST,18,4,1,41.88909518,-87.63156942,POINT (-87.631569424082 41.88909517779)
df6ef40b010599c4bb83b4dfd5674e18344a48b47a5f2fee9da71b22a44a42e6d2365e88a57d94ef53e6d838b6fccce426d7d8b22cc1aa5ad9b99729657a9425,1/7/2026 17:30,CLEAR,"DARKNESS, LIGHTED ROAD",T-INTERSECTION,UNKNOWN,500,N,MICHIGAN AVE,17,4,1,41.89097123,-87.62427695,POINT (-87.624276945562 41.890971229645)
df00360b67177c21908e9f4e67d4d295678e082a576a442738c5d57f117528dce1df148180e2a9076541b82a6fea307166882c968188aa1ed2d49acf2749a252,1/7/2026 13:30,UNKNOWN,UNKNOWN,DIVIDED - W/MEDIAN BARRIER,UNKNOWN,100,E,LOWER WACKER DR,13,4,1,41.88843209,-87.62442469,POINT (-87.624424686932 41.88843209205)
e4ea1c6738e8650175e0db1c7d1d7f9a3e296f41f3a6c9375bab6fb06cb010f0cf7230855a28d7051dd7581085d36386c0dcb2f2259f9f051ff6179dbf85eec1,1/7/2026 13:15,CLEAR,DAYLIGHT,DIVIDED - W/MEDIAN BARRIER,DRY,520,N,MICHIGAN AVE,13,4,1,41.89168852,-87.62430718,POINT (-87.624307178126 41.891688517368)
c423d41f492382104c488688d4e377bae966729f88fb57f5a39f5d6d18e8a490f2e44fcfddaf4035b5f9cfd67df92f4b97776655d409460c548b7002d91d5e8e,1/7/2026 12:30,UNKNOWN,UNKNOWN,DIVIDED - W/MEDIAN (NOT RAISED),UNKNOWN,151,N,MICHIGAN AVE,12,4,1,41.88454011,-87.62430852,POINT (-87.62430852246 41.884540110592)
9fc5c80f6a21e4123da3c54dce5f4f0a868ccaae3144e93de344dd50938a1ff0612ad5598c6c5821c89ec19b8781333125e616653fab8f391a42670191ee8d61,1/7/2026 11:00,CLEAR,DAYLIGHT,NOT DIVIDED,DRY,155,N,WACKER DR,11,4,1,41.88461562,-87.63668236,POINT (-87.6366823578 41.884615617051)
5d0d8ee5b86c211c1e7f7838db7f52a49934ef2e3a91736d41fd53dcbaa86843be4ad60417e709f24bf5724dfd311b12b8a3372f50c97bf13cce76ca97ae8a0d,1/6/2026 22:10,CLEAR,"DARKNESS, LIGHTED ROAD",DIVIDED - W/MEDIAN BARRIER,WET,110,E,IDA B WELLS DR,22,3,1,41.87583975,-87.6238685,POINT (-87.623868503463 41.875839752517)
114c7d50ba504c9c7d568eaab004986ce4c3dbf6a89df66d352bdf6d7c85dbdfba45dfd9d3ea304314f84cafb71216585c107c6a87e714bfe9f54493828e4187,1/6/2026 19:38,CLEAR,"DARKNESS, LIGHTED ROAD",FOUR WAY,WET,200,W,WACKER DR,19,3,1,41.88704088,-87.63404251,POINT (-87.634042511085 41.887040881068)
a573980b8a43b0f021ae0b65b7c3afe982e7e82bd54d1823b06ae884faafb0aa17ff8d4467c8d012ac6d1724f54ae32775c087949676700a1cc3652b093a3821,1/6/2026 17:47,UNKNOWN,"DARKNESS, LIGHTED ROAD",DIVIDED - W/MEDIAN BARRIER,UNKNOWN,505,N,MICHIGAN AVE,17,3,1,41.89112059,-87.6239887,POINT (-87.623988704323 41.891120593049)
d10238f66b23395c06a3afbad462989fd436414d9e27299187e048886ea04a53fd445a2bc335df6a77ca4a40ccd36d8b2a664c62892f59894396a2a1bba2b9ec,1/6/2026 17:47,CLEAR,"DARKNESS, LIGHTED ROAD",NOT DIVIDED,WET,150,E,ILLINOIS ST,17,3,1,41.89105594,-87.62339275,POINT (-87.623392750635 41.891055937721)
0c648de4b345dc71b4006b7ed4217866fd6f905eaed25bc80ef1f8fa79e93b4fd4954a39016c2ede7e06a6bd4340d5a42f39d9b35e0d79994ebb0f768107c167,1/6/2026 12:30,CLEAR,DAYLIGHT,ONE-WAY,DRY,159,E,OHIO ST,12,3,1,41.89244383,-87.6230512,POINT (-87.623051198801 41.892443826904)
f1ce6aa7202d40698eb3c3bd6674a399919f9d4fcd79cf36a47657473c3913c36208681fad54131ed06263a6b6ffd07a737f806a68816eec75f75eb852fbb8ab,1/6/2026 11:08,CLEAR,DAYLIGHT,T-INTERSECTION,DRY,401,N,CLARK ST,11,3,1,41.88925493,-87.6309141,POINT (-87.63091410113 41.889254925249)
13ab15f38a8b2dae51aefeb862205f52d874a738786cd3642a0130ca9e50e1c5248b5f885e0d3c139431a58524fcca43aa78fbeb5cae78f215e579ac3e409144,1/5/2026 19:45,CLEAR,DARKNESS,PARKING LOT,DRY,504,N,STATE ST,19,2,1,41.89104759,-87.62819126,POINT (-87.628191258108 41.89104759083)
8bb8aca839c72e454deccfbec20143fb2efd367e34caee380fcd5973217ec8ce29e773893ec8a8a7a82855241faec7a095773d731b0db7ddde4c660d732f83b4,1/5/2026 19:00,CLEAR,DARKNESS,NOT DIVIDED,DRY,168,N,MICHIGAN AVE,19,2,1,41.88496522,-87.6246242,POINT (-87.624624198584 41.884965221497)
96b29daab796bb4fb1c9adf5bc60dd586d5dfe670b6ad23fc8cc268e6513b1ba628202d11e49da51c8c7d43578d8392b48db9392d2b4c69a767d40baac1bd280,1/5/2026 15:00,CLEAR,DAYLIGHT,ONE-WAY,DRY,21,E,ADAMS ST,15,2,1,41.87938999,-87.62692005,POINT (-87.626920054544 41.879389986865)
f644d13dfbd53550e1bb100465c8a6e9f2a1a45819fe3bfc8e3472e846e1ab3c1b3e8308d6425498a2d7277bca2068a5618b955fac679eb5aeb03414b92f5bf0,1/5/2026 14:54,CLEAR,UNKNOWN,PARKING LOT,DRY,401,N,STATE ST,14,2,1,41.88926542,-87.62786766,POINT (-87.627867657864 41.889265415961)
f3430369c1de3217f11e59972619390c3d919ab3b021d1c210b8d5e5e5481c6e63b1c0e04fd833ed6bc6a8ef60e564b565391610f4d0d14f5d0515019e16254a,1/5/2026 12:15,CLEAR,DAYLIGHT,ONE-WAY,DRY,456,N,CLARK ST,12,2,1,41.89078197,-87.63125181,POINT (-87.631251814186 41.890781971197)
48ba5804f4270eb348fe12ad50ba16248879e3724ee011aeb64120ac5c95bb10fb50c70cf05176baed681eec1cfc3b56c11017e8d4c7dd9ed46bbf75f0028e55,1/4/2026 18:06,CLEAR,"DARKNESS, LIGHTED ROAD",T-INTERSECTION,DRY,299,W,LAKE ST,18,1,1,41.88562444,-87.63538243,POINT (-87.635382429354 41.885624439117)
c1261d9cb181256d5248003e8b16184c79b3d3eef93350019a5a2ffbad3bc4082bd98c3b09c4c94c3447a1dbecfeeea91de8a06f2920dfc78bc0edb51a75450c,1/4/2026 13:30,CLEAR,DAYLIGHT,ONE-WAY,UNKNOWN,63,E,LAKE ST,13,1,1,41.8856197,-87.62576044,POINT (-87.62576043519 41.885619703216)
eeaa79e94c03bc0cae46632c858ebc9d7807c434cfe834680202b00c73da7d01a634651bf46e7b9bfedc44b4c1f36b52f49553ed6e699202851057aba213a3e6,1/4/2026 11:45,CLEAR,DAYLIGHT,NOT DIVIDED,DRY,445,S,STATE ST,11,1,1,41.87584442,-87.62747718,POINT (-87.627477184273 41.875844423592)
894b3ba4b664f7885677ba1a830aedcace609cd406e14bc77f0d20cbe1650ef6e06491dec6582365cad89e6a2633ed1c36ccbb65b1af675fe5a5827bb0464f0c,1/4/2026 1:12,CLEAR,"DARKNESS, LIGHTED ROAD",FOUR WAY,DRY,300,S,COLUMBUS DR,1,1,1,41.87826558,-87.6208223,POINT (-87.620822302974 41.878265577833)
7759b61c5507d22aba04208c7cb8e1b459e814cd61ff40e2ff734216e593cea50a5b58f11a377393477008b1b23a060dc590509786bd238be0978b99aca56659,1/3/2026 18:30,CLEAR,"DARKNESS, LIGHTED ROAD",NOT DIVIDED,DRY,400,N,STATE ST,18,7,1,41.88931871,-87.62815267,POINT (-87.6281526679 41.889318711059)
5be0041aef430cbb99db056d6fd7cf775ce03c06aee1e62dfef177d0d1f6d35c56b1798877c349398421354d2e9d9feda1fa70026ef04056a4eeb1ef00a9ab65,1/3/2026 17:52,CLEAR,DUSK,DIVIDED - W/MEDIAN (NOT RAISED),DRY,344,E,JACKSON DR,17,7,1,41.8784648,-87.61905651,POINT (-87.619056506066 41.878464799189)
246b47373b46aad9098a500a5833d05421e2c79961e020154765a2781e9ac2dbde3c94348f0c5bdd1e14aeeed0c74694272261e2a039e89534c521ef1c93ecb0,1/3/2026 13:27,CLEAR,DAYLIGHT,FOUR WAY,DRY,224,S,MICHIGAN AVE,13,7,1,41.87893738,-87.62448327,POINT (-87.62448327326 41.878937382428)