CRASH_RECORD_ID,CRASH_DATE,WEATHER_CONDITION,LIGHTING_CONDITION,TRAFFICWAY_TYPE,ROADWAY_SURFACE_COND,STREET_NO,STREET_DIRECTION,STREET_NAME,CRASH_HOUR,CRASH_DAY_OF_WEEK,CRASH_MONTH,LATITUDE,LONGITUDE,LOCATION
c69d6a48082cbdcecb51f14535cc586237699f1fac04567dd98ea3de32aa54d1ca3040ede15bc6e448f21a7bcd14666a1e5bbde3d2a22e5a1397e9ed48b283d3,1/3/2026 10:00,CLEAR,DAYLIGHT,ONE-WAY,DRY,410,N,DEARBORN ST,10,7,1,41.88963425,-87.6297443,POINT (-87.629744299862 41.889634252878)
64bfe93124be1dc53e43e79904da518956a7d7abc4591e16796b80f5a6e9b413d81f0271af57fc0372816c3d58c5faffdea099eaf0ef2bf2c21b46e12d5d9681,1/3/2026 7:30,CLEAR,DAYLIGHT,DIVIDED - W/MEDIAN (NOT RAISED),DRY,33,W,KINZIE ST,7,7,1,41.88912549,-87.62942249,POINT (-87.629422488805 41.889125488003)
b741274122bccd2271cbf474db1e90339e29a62836084ac2bc3eef1b903e14c3b0e97b1e5e2496ab3536b22d3a0c8cbab92620cf251376893f4b9942b325ad22,1/2/2026 23:10,CLEAR,"DARKNESS, LIGHTED ROAD",DIVIDED - W/MEDIAN BARRIER,DRY,35,N,MICHIGAN AVE,23,6,1,41.88288068,-87.62424146,POINT (-87.624241461856 41.882880677995)
3cd6a6075f857865f9c55b07e5d71b5a2f22d9c5df1ce5f1e0c497761c8e9b84ae14bbead09772248f55d16049b06b5eea64a9ed9d366d9208e9fc9c9f70bb3e,1/2/2026 18:30,CLEAR,DARKNESS,DIVIDED - W/MEDIAN BARRIER,DRY,239,E,LOWER RANDOLPH ST,18,6,1,41.88430733,-87.62098247,POINT (-87.620982472784 41.884307328848)
2d959c15c6b1081d9d10925e998c8b6c624a5360d128b8ce16ad8e183c2c705aafbb58798c25fdd2fe660b18782ec01893988ecf654e9fbef59eec2fa5443e7b,1/2/2026 17:25,OTHER,"DARKNESS, LIGHTED ROAD",PARKING LOT,DRY,25,N,MICHIGAN AVE,17,6,1,41.8826705,-87.62424154,POINT (-87.624241538569 41.882670496958)
c19ea68e951ba71cfe1d138aeacab3491b87fa176c0b0a79183435ea5479df49f027a6f6c80edc718618bd20fda04b12213fca344ea45934030cc4104d31318f,1/2/2026 15:30,CLEAR,DAYLIGHT,NOT DIVIDED,DRY,300,E,JACKSON DR,15,6,1,41.87844405,-87.62051796,POINT (-87.620517957578 41.878444050454)
41fd655648e07ed7c4f8bce8fddae8eeb023c6ba89c730e7aa97fb702101d21d955d4e704024c45ee600d3f4e8f78785477060c8d9000b44df112c56c895aed8,1/2/2026 14:45,CLEAR,DAYLIGHT,NOT DIVIDED,DRY,301,N,LAKE SHORE DR NB,14,6,1,41.8870733,-87.61369511,POINT (-87.61369511332 41.887073295859)
902843fa201f5356192b03d6ec1600bbf2709c6333c9ee6ef4ad84044c67fa03866b459a6e4dea3912e66ab0b51503f7d5f26ca5bbf3efd595eac0cd2ce55f00,1/2/2026 14:00,CLEAR,DAYLIGHT,ONE-WAY,DRY,22,W,WASHINGTON ST,14,6,1,41.88332783,-87.62868992,POINT (-87.628689923207 41.883327828507)
1a6cf0c3987fd78aed4d488ce297b4b6af7e1ce30d231d8d520da1c86f61895b6f8426ac85ce8856efac92312b27e6330d49a8cd38ba9f29803fdcb392e4ecf4,1/2/2026 12:20,CLEAR,DAYLIGHT,ONE-WAY,DRY,214,W,WASHINGTON ST,12,6,1,41.88331976,-87.63432403,POINT (-87.634324029873 41.883319755611)
c44ade16e52fa0e9d4c292dfad2dff9afdbf8115f0595a4a8003f8139daa3412e02b4a3e278bdf792af58726c1f866d832fe46003842b24710ec6f3ce6aacc29,1/1/2026 22:10,CLEAR,"DARKNESS, LIGHTED ROAD",NOT DIVIDED,DRY,101,S,LAKE SHORE DR SB,22,5,1,41.88085693,-87.61710338,POINT (-87.617103384378 41.880856926277)
514b30f39a9c3e35ddf71777404bb558968172057d1e05ae2d1d9ae19fcdde7d3a12b80ca1c22c73fec3174de1bf7969b43a714af12c7bb66029a287353593d8,1/1/2026 8:02,CLEAR,DAYLIGHT,FOUR WAY,DRY,300,W,WASHINGTON ST,8,5,1,41.88331491,-87.63541604,POINT (-87.635416036381 41.883314912259)
33362fc1f9ff6c3c49da1e226428124f7bf9ac97d823cd708a1fe694c635981613afe19dbab847db73a998669dd7fa1b41afa5be8162af855a7781bc9d700377,1/1/2026 3:05,CLEAR,"DARKNESS, LIGHTED ROAD",DIVIDED - W/MEDIAN BARRIER,DRY,435,N,LA SALLE DR,3,5,1,41.8901886,-87.63240298,POINT (-87.63240298198 41.890188604847)
64b87f6bf14447b2da15bb5ca2a067c5e051cae963428eefc7624e2b151da8e9c96d7124a8e41af03f7583c3427ac340d88e8524b16f022ca6ac182bd8a92073,1/1/2026 3:00,SNOW,"DARKNESS, LIGHTED ROAD",OTHER,WET,116,N,LAKE SHORE DR SB,3,5,1,41.88357002,-87.61559654,POINT (-87.615596536437 41.883570015542)
b22472cc853848b61030da190be52c77d3527acf499c0106af9cd55d0d4c5ecfc043753c1cb76ec1e48b6a35ba96e4731a4c4a6e608dc19bd6be828cafa17d05,1/1/2026 3:00,CLEAR,DAYLIGHT,NOT DIVIDED,SNOW OR SLUSH,15,E,WACKER DR,3,5,1,41.88672677,-87.62736531,POINT (-87.627365311427 41.886726771193)
a7a032805af855d0e09e29405873ef4ac0320fdef3f95c5e9a88e23b812bef2a453ad97992f51cf7787486f5a67fe7ce26acf948ed31acbcf7b7d0ffbf2deff4,1/1/2026 1:10,UNKNOWN,"DARKNESS, LIGHTED ROAD",T-INTERSECTION,UNKNOWN,341,E,ILLINOIS ST,1,5,1,41.89092472,-87.61855938,POINT (-87.618559380117 41.890924719552)
09e8c83fce999043651d7f69ce111a51612cc45f54948dc6a541b74675986a96d56a96625e372ab6908c236d58d9a27e2375d8ee18aae0b734beec357f15b2fe,1/1/2026 0:45,CLEAR,"DARKNESS, LIGHTED ROAD",ONE-WAY,DRY,320,N,DEARBORN ST,0,5,1,41.88807038,-87.62969226,POINT (-87.629692256722 41.888070377638)
bcb709a5bc92b33c1e789bf603cc3c78b677a48d3f4d4ee9a888aef12ecc75f656237e8f627cba2dce51a3eb8f33426ef6eab82047c58c3122243e8670d65869,1/1/2026 0:30,UNKNOWN,UNKNOWN,OTHER,UNKNOWN,130,N,LAKE SHORE DR SB,0,5,1,41.88386647,-87.61506888,POINT (-87.61506887841 41.883866468483)
4f8a02685c8049263da14fe314aa3c2f619c1491fab8287c8a4e5a4659ff3a706f1f38a5bca5064837d6708b31b10cc28f66fffad02296ccfb8b19ae297065d3,1/1/2026 0:18,CLEAR,"DARKNESS, LIGHTED ROAD",UNKNOWN,UNKNOWN,500,S,MICHIGAN AVE,0,5,1,41.87565854,-87.62440494,POINT (-87.624404940923 41.87565854302)
b41be2bb4d72718895a943b89886048b71190e3c67040b24026c274d397734246e7cea40364392a88c05001bb780db876ec1d9f97a768bd3160c82f1f1e30d65,12/31/2025 23:37,CLEAR,DARKNESS,NOT DIVIDED,DRY,400,N,STATE ST,23,4,12,41.88931871,-87.62815267,POINT (-87.6281526679 41.889318711059)
97dc7fbe4e175bdb91314ce236b6e0cdb2ee4ccd4d238a5fdb321e7e25d63da1b835027563f02283f287a0f5362082b133fa6101714e2c4d4c2729ad48b4a3b5,12/31/2025 23:35,CLEAR,"DARKNESS, LIGHTED ROAD",UNKNOWN,UNKNOWN,364,N,LOWER MICHIGAN AVE,23,4,12,41.88837271,-87.62467967,POINT (-87.624679671566 41.888372707646)
039849b6f6df2c6ef63a8943cebf7e114b3da75bbcc6379b338ee300978643f7e64fb435181a2044d2141e1a755f1650f32b99019e06758b0604f66802edff19,12/31/2025 23:24,OTHER,"DARKNESS, LIGHTED ROAD",DIVIDED - W/MEDIAN BARRIER,OTHER,301,S,LAKE SHORE DR NB,23,4,12,41.87831701,-87.61705213,POINT (-87.617052125371 41.878317010667)
dfd21700cf68bddeec10df9965230e19b93b5e29825dbc504b8f368d3d63c4154e6fc3d8e046cbce6552c90dec81d85df2fd4f2fd0eedd1e0f806c16290e7870,12/31/2025 23:04,CLEAR,"DARKNESS, LIGHTED ROAD",FOUR WAY,WET,98,S,WELLS ST,23,4,12,41.88068873,-87.63394609,POINT (-87.633946093765 41.880688730816)
986a3e4fa99f1731aea2d3693f5f3254d7f150918456a17e6d40d566afd953a535a04cf7c9962c872dcc5a6711b6f4dc581a4379887a21b72257de002f5582bd,12/31/2025 23:00,SNOW,"DARKNESS, LIGHTED ROAD",FOUR WAY,SNOW OR SLUSH,200,N,MICHIGAN AVE,23,4,12,41.88580155,-87.62465977,POINT (-87.624659771063 41.885801546318)
78537df7e45ac3ee93f56f30dda4b1ffab94045bc406b15880060b09bafc29e67136b8191615409d7ada92f635aaf1865b888105734cb2825130359d4a9053e1,12/31/2025 22:30,CLEAR,"DARKNESS, LIGHTED ROAD",FOUR WAY,DRY,600,N,ST CLAIR ST,22,4,12,41.89259351,-87.6228409,POINT (-87.62284090321 41.892593508354)
3fb1287bb3f54683fef688ac22eba1aa40dc26f218df99645177098049ecf551fac5c2c8e2c26515ae7f6dead8c51a597f89f1b34cfb1583e38aaafc026253a9,12/31/2025 22:01,CLEAR,"DARKNESS, LIGHTED ROAD",T-INTERSECTION,WET,151,E,WACKER DR,22,4,12,41.88799989,-87.62256513,POINT (-87.62256513256 41.887999887349)
028c459eb327639bcc1509191a4634c4f379cc18cdfa8121f3266dfa0a945e603c424292979e98c3b8abce69e1152da58dda5abf51c86960aa682b99e6553938,12/31/2025 19:15,SNOW,"DARKNESS, LIGHTED ROAD",FOUR WAY,WET,400,N,MICHIGAN AVE,19,4,12,41.88939788,-87.62439039,POINT (-87.624390394571 41.8893978833)
e2c5249e48480f7d870c0e5a06e04b9587762ff7ac367a68632bf6f4b88748adcca470aa2f9351696e83081aaa6cb7755322de9e82e9970759506305b5bbc5df,12/31/2025 17:00,CLEAR,"DARKNESS, LIGHTED ROAD",RAMP,DRY,205,N,MICHIGAN AVE,17,4,12,41.88590606,-87.62437184,POINT (-87.62437183736 41.885906059506)
784b097cc97e160fc808d429509b415e08e472ad7c968d1f4cc4bd87c3aa3480a71e289d8f149f71163e1b5c622541393c42ad35a6b7db3f9232232aaf2b03f7,12/31/2025 16:30,SNOW,"DARKNESS, LIGHTED ROAD",FOUR WAY,WET,458,S,WABASH AVE,16,4,12,41.87575071,-87.62617552,POINT (-87.626175520932 41.875750714668)
23f5f360504d76d6f6f02fd27d2997d3ad8fd495a4fcda485f4d5c155e0d86407a21df14b9c78b3bfd913fcffe82f98ff8b64215f50ee896b65717bdc593988a,12/31/2025 14:39,SNOW,DAYLIGHT,NOT DIVIDED,WET,55,W,MONROE ST,14,4,12,41.88059896,-87.62990739,POINT (-87.629907390518 41.880598955013)
59c084728e99fcde2e0cda48ffafcd02e688b807af0ef348087fa5e91d5445f8330088253b16348ad5f48d486cb381e93293d5c36182f8ad7e12b6726ab3bc30,12/31/2025 14:30,SNOW,DUSK,NOT DIVIDED,WET,35,E,LOWER WACKER DR,14,4,12,41.88679622,-87.62656228,POINT (-87.626562277964 41.886796215825)
92bc09bd1fc292da08a896363d67178064f0c108c4ede8e51d9f2bad121871a77884cd3af7932112ccad05e7724b134f8172aadcd91568ffaced163206d6ea5f,12/31/2025 12:41,CLEAR,DAYLIGHT,NOT DIVIDED,DRY,600,N,STATE ST,12,4,12,41.89250117,-87.62824274,POINT (-87.628242737819 41.89250116695)
f81c837e586e85d57fcf4764dfb46228772389e6a22d4f281acc4b55ce20ac9fda7ba2771ce040c2b909a1b1cd7c21d1de73399a6267252e87409e4dbd906b73,12/31/2025 10:35,CLEAR,"DARKNESS, LIGHTED ROAD",NOT DIVIDED,WET,111,E,LOWER WACKER DR,10,4,12,41.88805354,-87.62408265,POINT (-87.624082645153 41.888053535745)
b66fb5ee14f6f6849512e391882ee38db6830f2c946412d5d921edcc147f2f51323583cbfa3a0b854c972c4fd24cb9f8b488f80a7c1b7a749e856c8a2316e0d9,12/31/2025 6:29,RAIN,DAWN,FOUR WAY,WET,301,S,STATE ST,6,4,12,41.87811602,-87.6275284,POINT (-87.627528398524 41.878116015094)
2db52f07f26aa129b9b5db65d296050acdddd530adba800c6bf56aa287ce4c58e2e574a143a46b564dce7bc83d69c5d458faae6b57b26fc46d9261fa19f1b77c,12/31/2025 3:40,CLEAR,DAYLIGHT,ONE-WAY,UNKNOWN,125,S,WABASH AVE,3,4,12,41.8801816,-87.62600567,POINT (-87.62600567493 41.880181599353)
3db81dc4ad8347d890b7034a22e2ca28194e17fd79b06835060153c8b0a6f1403712c486260ec796fec0059d29341b15eff359b056770c08562ef8f2b20145d0,12/30/2025 22:38,SNOW,DARKNESS,ONE-WAY,SNOW OR SLUSH,50,E,OHIO ST,22,3,12,41.89261824,-87.62616035,POINT (-87.626160348476 41.892618240004)
d076fbe43c0de1325bd5bf39770d7c6918316345171591b350711527fdf1a9ccdcbd923a5fc9e91251225f5c7f6485bb2ac201380344f88fe96b0ae7865fd99e,12/30/2025 21:42,SNOW,"DARKNESS, LIGHTED ROAD",T-INTERSECTION,WET,300,S,LAKE SHORE DR NB,21,3,12,41.87831013,-87.6175759,POINT (-87.617575903416 41.878310134581)
2e855169e955f09ef9ef48e55119557502e6ff6bdc6d2b9f330b7838656363056ca3b88d195d8abad0af7751b306fba8dc3ac101abd5d7d44b5e9bd70767e6cf,12/30/2025 20:00,SNOW,"DARKNESS, LIGHTED ROAD",NOT DIVIDED,WET,530,N,STATE ST,20,3,12,41.89171125,-87.62821667,POINT (-87.628216665655 41.891711252168)
f11d958a149514ce010bc9e20594e098daeedd6a8108931962e73fae4cfbc80a0c24340e96e9678104ec9f274bb985ee86520a959869f94625ead3f949fcc3f8,12/30/2025 19:56,CLEAR,DARKNESS,FOUR WAY,WET,211,N,COLUMBUS DR,19,3,12,41.88616095,-87.62053862,POINT (-87.62053861914 41.886160954352)
124d1eae32213add5033d6180b188ba671e97a66d5705bb2bfc3a2dcc992d1accc545daa0464a72c06bbf2cc2512baf3747ef6c0805b6d71f6fb2017814837c5,12/30/2025 9:30,CLEAR,DAYLIGHT,NOT DIVIDED,DRY,225,N,COLUMBUS DR,9,3,12,41.88637314,-87.62054303,POINT (-87.620543030168 41.886373138256)
ac57cf9e47830ad9ebd793b88779b139a657d954ca8b55fd8a8b8db3c6cde6f966798116f32283fcce67a228f41a8a4344ea4acbe0c29adc60119bb7320dc3dd,12/29/2025 20:42,CLEAR,DAYLIGHT,FOUR WAY,DRY,50,W,KINZIE ST,20,2,12,41.88933851,-87.62983926,POINT (-87.629839262978 41.889338509286)
c97165ab8e732771e0215cb0c3e8d84131ed5cde9df301107671ff0a6b751a799cc757889b5a87de03bf9f1cb7ab5ad45c7a8ca759df02665df8505f6d9fd209,12/29/2025 17:10,SNOW,"DARKNESS, LIGHTED ROAD",DIVIDED - W/MEDIAN BARRIER,WET,92,S,LAKE SHORE DR SB,17,2,12,41.8809827,-87.61763334,POINT (-87.617633344219 41.88098270091)
c8c1698113c1fd14e2d36a7044597450cb4294b9aecd5cb90365a2075377f26da8fe31237b9f28716f4fa897686b334789f58ab97c698a34fe9e29643041d9ba,12/29/2025 16:10,CLEAR,DUSK,ONE-WAY,DRY,142,W,RANDOLPH ST,16,2,12,41.88458254,-87.63219196,POINT (-87.632191956276 41.884582536235)
c6d8a4667682ef8c36e18a7b5259fdb3186ac80e8cf0a0cbd0cfd296cdf5a143782f0b0c635e27477fd9e144dce56cf450f22f294eca6b8a7eb9202b14d7351f,12/29/2025 13:15,CLEAR,DAYLIGHT,NOT DIVIDED,DRY,491,N,COLUMBUS DR,13,2,12,41.89093055,-87.6200794,POINT (-87.620079402908 41.8909305471)
a6f5868b5d1dc1ddfc60f948bcee4ecbd682142b17e3db8a66c550336c4977913a380dff7296cc613e7a2c1483d070aced88cf8b5c250b584412a71574a58f5a,12/29/2025 13:00,SNOW,DAYLIGHT,NOT DIVIDED,SNOW OR SLUSH,11,S,LA SALLE ST,13,2,12,41.88164539,-87.63220954,POINT (-87.632209538389 41.881645390828)
2808024099288487b6a894a672e64f03242d92cdab204a3bbb1111f5f9fc273be3303dfde9dc4c98258b8df8b330fbff0a4fd3876267490aea1fe120bc91c388,12/29/2025 12:45,CLEAR,DAYLIGHT,DIVIDED - W/MEDIAN (NOT RAISED),SNOW OR SLUSH,204,W,ADAMS ST,12,2,12,41.87949444,-87.63394088,POINT (-87.633940883571 41.879494443644)
615f4cdd953ad222b637236e028e033bbedc7c6f3a1c7f241548023a46b6d474f23f63a8a470bb2b2a4df1bef55da3cdad587aeb3a44737d2d0d55000044e067,12/29/2025 8:00,UNKNOWN,UNKNOWN,NOT DIVIDED,UNKNOWN,600,N,MICHIGAN AVE,8,2,12,41.89259323,-87.62433405,POINT (-87.624334047949 41.892593225538)
eacec6082832c3ebba996c2777189964ddef623a6e1a0abc97a9e5ec5e09da7af656e3d7a2edab57ebe8ca18855c205906aad4b3d586ad3ad64449fb1a591d7e,12/28/2025 17:26,CLEAR,"DARKNESS, LIGHTED ROAD",ONE-WAY,WET,150,W,MADISON ST,17,1,12,41.8820695,-87.63243586,POINT (-87.632435857726 41.882069499484)
d1a5edc5acce234461b9bc4a07c03393031c020a4323fa29d8c41915f9e5b623cdd766907e948620c046fe055814cbad1579874965e63afb722c43d9282da3ea,12/28/2025 16:00,UNKNOWN,UNKNOWN,PARKING LOT,UNKNOWN,151,W,ADAMS ST,16,1,12,41.87929007,-87.63236273,POINT (-87.6323627253 41.879290073296)
c6a22f5c2c8346b85cc181965bb6a16a338f99930bf8518afe75bd7b8864a9f794dea6e1f74e0d05f81331d74ce8c1702af7b64fc7027e59c7554c54564e0495,12/28/2025 13:45,UNKNOWN,DAYLIGHT,ONE-WAY,UNKNOWN,18,W,MONROE ST,13,1,12,41.88084814,-87.62843558,POINT (-87.628435580251 41.880848142505)
9bdbca15a4fb2304cd5ce12d544d9810ceda682badda5c2d57a08d87e360b37ee840ad07fecffc14b4ba4d0ae57925c319a3047fe487b8490e5d163d52eea2e8,12/28/2025 12:00,CLEAR,DAYLIGHT,PARKING LOT,DRY,400,E,RANDOLPH ST,12,1,12,41.88464637,-87.6172485,POINT (-87.617248496239 41.884646365435)
b270a0f020bd88a9afef4c527a048e3887e05b964b707f88b22bda5f6b3bd6bd0dc3b8547d259bcdb19b693e839d3f9908ff2b96f29d35c1773615f5a4007c4e,12/28/2025 12:00,RAIN,DAYLIGHT,DIVIDED - W/MEDIAN (NOT RAISED),WET,600,N,MICHIGAN AVE,12,1,12,41.89259323,-87.62433405,POINT (-87.624334047949 41.892593225538)
606599e5470dfeb4602596711aa4d101faae0e0fc6641197be942bfd3e72e7110dd168c454aa8224ab513a637501a711787b5417a2b628f89139867ffe0b8245,12/28/2025 11:20,RAIN,DAYLIGHT,FOUR WAY,WET,148,N,DEARBORN ST,11,1,12,41.88444608,-87.62960219,POINT (-87.629602188986 41.884446079412)
ee052e11dd6d31fd11bfe877239fe4c7d6b4fbebff9308614c2721670a4c2992909afe03f1c00a40a454483b2d052b9097f48745ef07b92fa7ca75f4a12a0c7c,12/28/2025 4:07,RAIN,"DARKNESS, LIGHTED ROAD",FOUR WAY,WET,99,E,IDA B WELLS DR,4,1,12,41.87561297,-87.62434394,POINT (-87.624343942054 41.875612969826)
1cab0922ffeb2850d4907b360c560cd1178bf681bd59df799670d67fe218067626aeb2e112ab688e521f38cde7e97c79d11ae26fd359bdf1dcfec1406b21f179,12/28/2025 1:11,RAIN,DAYLIGHT,ONE-WAY,WET,1,W,MONROE ST,1,1,12,41.8806333,-87.62780997,POINT (-87.627809966918 41.880633300661)
e9b9c620934444e26180dd3cabf7193dc90d48bde31b065ed0f2b411f4d11160298db280f7684bd6e43999585e74639cc0b415435ad3170ef785435db6c9071a,12/27/2025 21:00,CLEAR,"DARKNESS, LIGHTED ROAD",ONE-WAY,DRY,300,S,DEARBORN ST,21,7,12,41.87810112,-87.62944389,POINT (-87.629443885475 41.878101118568)
de360c7b84d7f9ec7f72e9f2c3748eb0b98dc2fe64dba91e12c6e7193c11abb6489296b4d46013fb16e1edb3b5cf3371419987f6dbad749769576f9e02fe09dc,12/27/2025 20:30,CLEAR,DARKNESS,DIVIDED - W/MEDIAN (NOT RAISED),DRY,215,N,STATE ST,20,7,12,41.88616479,-87.62780232,POINT (-87.627802316732 41.88616478965)
fc9a96346b70bbdcf94ffa998a4f726902a96487cb62e7bf216a900b704f9cdde7cadcf35ea2891bf80dc1a35fefacde7872c4517002a3f97f90a570bc0d594e,12/27/2025 19:44,CLEAR,DARKNESS,FOUR WAY,DRY,415,N,DEARBORN ST,19,7,12,41.88978309,-87.6294536,POINT (-87.629453600131 41.889783087171)
a397fd8d75a9cd1ddec07e85bae1b39f20bf5956b8d5a252ccc67500bb5bbe43dbeabbb5d72c97b72feaf8e0fbd002b2a0c7ffcd1160fe76951325ebd31032ac,12/27/2025 19:30,CLEAR,"DARKNESS, LIGHTED ROAD",DIVIDED - W/MEDIAN (NOT RAISED),DRY,541,N,RUSH ST,19,7,12,41.89219497,-87.62523086,POINT (-87.625230863447 41.892194967717)
9a83f4f1941f41e17ac90e76a3a90085c26f29529ccf4ec9ccfa03edfe409dc5395d399ca2185b60644c8215ca055675664893aaa6b720cdf9d26655d554b028,12/27/2025 18:30,UNKNOWN,UNKNOWN,OTHER,UNKNOWN,47,E,OHIO ST,18,7,12,41.89239741,-87.62624128,POINT (-87.62624128049 41.892397409723)
3a0f9ff406ee7664e744a34438c7728295867f993cf1cbfb89e7d683d6c5ea60f281335e407f160899b368671d72d8db3b3e97ebcbdc019cf1d81ea2eae50405,12/27/2025 17:00,CLEAR,"DARKNESS, LIGHTED ROAD",FOUR WAY,DRY,42,E,IDA B WELLS DR,17,7,12,41.87579745,-87.62606939,POINT (-87.62606939169 41.875797452534)
5b9c184ec2469004435559e4e1c609c915adf5d1585e9e7a52cf612244986a0cd6dd56be05a47010e9f6c068069aa160a21a26105668d2de02f8d6a8be560769,12/27/2025 16:40,CLEAR,"DARKNESS, LIGHTED ROAD",ONE-WAY,DRY,13,E,GRAND AVE,16,7,12,41.89156737,-87.62748667,POINT (-87.627486671222 41.891567366792)
3cf7affa4d32c9ce2fff574d0f33ef8693cc3b02a9e389d56a86cd2217e34e0e4d4115d96aab3eb56e7f7f6bbee5e9f4de2d5d0fd747fcd641459ed148dc6102,12/27/2025 15:40,CLEAR,DAYLIGHT,PARKING LOT,DRY,20,E,RANDOLPH ST,15,7,12,41.88460285,-87.62718694,POINT (-87.627186940196 41.884602854888)
a446dcaaa98a0f509f7f41706b0c901adceadb229abb74ccf416750f83c0b21c8bffbe1b89efe960116ee75a9b39af945f4a33273d482828ca3d7ba913ec2af8,12/27/2025 11:40,CLEAR,DAYLIGHT,ONE-WAY,DRY,10,E,GRAND AVE,11,7,12,41.89179146,-87.62765774,POINT (-87.6276577412 41.891791463112)
213e7f7042f209ac5e8a18f3bae59ddae8706f352821be71e7c3915afdf7c16297ab27a472648d524c3001ec53a7a3fdb770390ea0de9468eeeb26da329f124d,12/27/2025 7:58,CLEAR,DAYLIGHT,NOT DIVIDED,DRY,320,N,COLUMBUS DR,7,7,12,41.88740074,-87.62084824,POINT (-87.620848237593 41.887400744146)
c3291d9ecd844640825251bed0459690642041749ce02512ec3690ab6445b16db4b8651a7717d1e5601c13a267dd720ed43f30201eef27864cca8187d941b275,12/27/2025 0:00,CLEAR,UNKNOWN,PARKING LOT,DRY,201,E,ILLINOIS ST,0,7,12,41.8908504,-87.62261192,POINT (-87.62261192173 41.890850397004)
79e5d9379b986b12172594d0abf9b45314262156865a42deaaf4a27dcedf844ae9bd858fba9eb1318b4086f96eae3181ae54ecd3496fbdd4b0d88a62a6316cc3,12/26/2025 23:30,CLEAR,"DARKNESS, LIGHTED ROAD",CENTER TURN LANE,DRY,11,S,LA SALLE ST,23,6,12,41.88164539,-87.63220954,POINT (-87.632209538389 41.881645390828)
9e3e987327e469af02cbf7ae13a5207daaa3d0b9c2f290c292b0ac3ce09d46f8385da7dcc0f749632dd3c4b6e0564dcd4b8eac94797257c0e14dea7a1de5741f,12/26/2025 22:30,CLEAR,"DARKNESS, LIGHTED ROAD",NOT DIVIDED,DRY,414,N,CLARK ST,22,6,12,41.8897601,-87.63122087,POINT (-87.631220872578 41.889760096589)
56385e87aeadba647584bc80541259860ef701fadcfe424ad0150a1cebeca0e14f2e07fc191a92b2aaf67fa4771c5e89f726fca4500523acaebc0c7374a41d24,12/26/2025 18:15,UNKNOWN,DAWN,FOUR WAY,UNKNOWN,300,W,WACKER DR,18,6,12,41.88688546,-87.63562182,POINT (-87.635621824237 41.886885456143)
9a41c8599a3d0da8255cf80ba5b79631180361ea91e783863dfbc181ba36384d5acec6446b5bd49e0abf12814ac7f630b8cb49a515b4f4cd383477ab290a7ee4,12/26/2025 18:06,CLEAR,"DARKNESS, LIGHTED ROAD",DIVIDED - W/MEDIAN (NOT RAISED),DRY,100,E,LOWER WACKER DR,18,6,12,41.88843209,-87.62442469,POINT (-87.624424686932 41.88843209205)
311ae9d225d71a493aa0f97bf91a5fd05171b60d077fee10f358fe2cae744b28f984cf781edfb5a12131db556f6d230cdf4a7a04c0db3d71ea0b92c9f9f143e0,12/26/2025 17:00,CLEAR,DAYLIGHT,DIVIDED - W/MEDIAN BARRIER,DRY,511,N,COLUMBUS DR,17,6,12,41.89140488,-87.62008123,POINT (-87.620081229738 41.891404880694)
6880ac61774e4babc31e4450893eeee8b0e121d8d7f61365fd72a2499bfe28e0bd73d6b337253c02bcee8c4923a418f32a5cccfb5f321de31ed5d564b9a45286,12/26/2025 14:45,UNKNOWN,DAYLIGHT,NOT DIVIDED,UNKNOWN,400,E,NORTH WATER ST,14,6,12,41.88962283,-87.6175116,POINT (-87.617511597796 41.889622827227)
70fbcfde84e96d48284376e71960e823e65744fcb3e207409f255b1d2084b61853a576af655434593cd77b9117d5f0f9ca65c15b24cf90078b98f7234ea24824,12/26/2025 13:25,OTHER,DAYLIGHT,ONE-WAY,WET,298,S,CLARK ST,13,6,12,41.87817758,-87.630933,POINT (-87.630932995417 41.878177583164)
0b7d0a7e13d5223d0ac54294530f617a8df390bc944688191ca244ef58360e01d5d99cf16f42d5466e126e8e67c99cfb3eb21ea4122e0182121284317d49778e,12/26/2025 10:30,RAIN,DAYLIGHT,ONE-WAY,WET,487,N,CITY FRONT PLAZA DR,10,6,12,41.89064856,-87.62145721,POINT (-87.621457205108 41.890648559629)
52fdad56eedea1124e1eab99555f438452a2677ee9af069c5b7be1b90e0a282eff88f122178ad2d4d346ca38ca0ae16afcc9573131b317d2898157c61c736d56,12/26/2025 9:30,CLEAR,DAYLIGHT,OTHER,WET,400,N,ST CLAIR ST,9,6,12,41.88960001,-87.62191273,POINT (-87.621912726233 41.889600011981)