CRASH_RECORD_ID,CRASH_DATE,WEATHER_CONDITION,LIGHTING_CONDITION,TRAFFICWAY_TYPE,ROADWAY_SURFACE_COND,STREET_NO,STREET_DIRECTION,STREET_NAME,CRASH_HOUR,CRASH_DAY_OF_WEEK,CRASH_MONTH,LATITUDE,LONGITUDE,LOCATION
1da15308f909d0f4472a25700942a565248ce63a5c153bf82309a52053bec62c08e18c5140b31db34bb136700b40e2b6d756e82955972f650ef0b66f6b901c69,12/24/2025 19:48,UNKNOWN,UNKNOWN,ONE-WAY,UNKNOWN,207,E,OHIO ST,19,4,12,41.8924552,-87.62233924,POINT (-87.622339238148 41.892455200827)
ef4194967872583830a8c84449e57a96376615fd0d2814d73935c14fc4def346228cd9302371e88513fe886710e980d3b20ee652a588e803501feb92a7ed1811,12/24/2025 15:27,CLEAR,DAYLIGHT,ONE-WAY,DRY,1,W,WASHINGTON ST,15,4,12,41.88310863,-87.62794877,POINT (-87.627948770804 41.883108627267)
fee1e8a35f3fce0dc9a7d049e585cd2c14f36a8c957b57d138b82ed120b8ffa9188f3eae8448283b434b0e0cdeb6e607b9d56a217416ab924eb14fb748615ca0,12/24/2025 9:41,CLEAR,"DARKNESS, LIGHTED ROAD",DIVIDED - W/MEDIAN BARRIER,DRY,106,N,LAKE SHORE DR SB,9,4,12,41.88338093,-87.61601699,POINT (-87.616016988881 41.883380931039)
94b5cd2d23a07d969e1e0fa71dc2348c2aaf976d23337f09c2edf2b0f13875257a08c8acf8f3a79436d7b01aa29c2e39949735ced5258fa05e317904a9867412,12/23/2025 19:10,CLEAR,DAYLIGHT,DIVIDED - W/MEDIAN (NOT RAISED),DRY,140,W,LOWER WACKER DR,19,3,12,41.88706706,-87.63221462,POINT (-87.632214617346 41.887067055548)
071d1411151874981d7ff68cd9a641398a7667f2768a3710a225291c1a5b8b5f026104d4bb8c766da9f0531706bc6b6ae2d6c9c71c949697bf2fe7b37e0b1695,12/23/2025 17:05,CLEAR,"DARKNESS, LIGHTED ROAD",NOT DIVIDED,DRY,360,E,LOWER WACKER DR,17,3,12,41.88790266,-87.61792719,POINT (-87.617927191282 41.887902662045)
dd77a55f5b90402d043a166f1d25e1d4a90ce76a4ef4108522d636865abe2bab83cc11e9c3c66fa7590d1c35b9513b39119c69f8789d249ca3210f802baeed9b,12/23/2025 16:00,CLEAR,DAYLIGHT,NOT DIVIDED,DRY,530,N,WABASH AVE,16,3,12,41.89172472,-87.6268666,POINT (-87.626866598748 41.891724723865)
9fefb810969b079d710af2c45a28b1efe963b30a806c61d0572f675f5cc55c0c24f8ceb190a7ba13ac58578ac7ade441044e04db70b225917d161a3e79590ca0,12/23/2025 15:15,CLEAR,DAYLIGHT,ONE-WAY,UNKNOWN,320,N,DEARBORN ST,15,3,12,41.88807038,-87.62969226,POINT (-87.629692256722 41.888070377638)
f0010d2ce7d4508fa3581e74f760791dd28a5791f075a53a9ba9f5844f1918005dfdf72f9b20139eb634e8c0ea1dc69f703642d25a1e5fa0b616a1f263ee719d,12/23/2025 15:13,CLEAR,DAYLIGHT,ONE-WAY,DRY,314,N,DEARBORN ST,15,3,12,41.88790305,-87.62968846,POINT (-87.629688462124 41.88790305453)
17f3e10377d93041a4161d14dca41d7afc1ba50499b432a95ddb13160bab059e33c74cde0bbaf4aef925304a6fe0b7df48558f21a1c037bd21a4958d23a7297c,12/23/2025 12:45,CLEAR,DAYLIGHT,ONE-WAY,DRY,55,E,GRAND AVE,12,3,12,41.89159074,-87.62586714,POINT (-87.625867137245 41.891590741084)
ff80b488247bc54245ee0682219a22eb8a04d8c56df4b714d85cfc3cf01412c7cd69efb6ef229d7838065514b2e49d6cdc361e4362697bb6f610a26ddcbacb94,12/23/2025 9:16,CLEAR,DAYLIGHT,ONE-WAY,DRY,149,N,CLARK ST,9,3,12,41.88441758,-87.63078496,POINT (-87.630784958616 41.884417584822)
ba74c48da04af3762f998ed3596774b1abd378c3073c864702338b2aa007c43b824988bc7831df637be67ae708f95f3c95f1ce6f7f0a61ec372af6e3e58e7f3e,12/23/2025 4:00,CLEAR,"DARKNESS, LIGHTED ROAD",DIVIDED - W/MEDIAN BARRIER,WET,124,N,LAKE SHORE DR SB,4,3,12,41.88372867,-87.61528304,POINT (-87.615283039381 41.883728668425)
ee8256dcb7effde82dc43cbc51c5fae50bd1549ed2e4a32581a8cc594bc0666289f62db8824bd4df56ca1e2b7bf4e189c3de5f5e42d50acde8db225ec3f0be22,12/23/2025 3:00,CLEAR,DARKNESS,FOUR WAY,DRY,32,E,GRAND AVE,3,3,12,41.89179832,-87.62678239,POINT (-87.626782391206 41.891798317499)
ab9f3cece8b14e0d079b1eff5523c453b3caa6b1411e2e63dcac1e2af7322b2e9bbaa48ce0c2017acb015eb6af909870f835d6f32a42b55a283d057edd82abe0,12/22/2025 18:57,CLEAR,"DARKNESS, LIGHTED ROAD",OTHER,DRY,10,W,RANDOLPH ST,18,2,12,41.88459868,-87.62828211,POINT (-87.628282113549 41.884598677758)
675f0b6893b2ff7dfeaaf083502c81eeac32393987eea568900977c7fbc8215ab3857ea7ff84669d780610afa4a4bb17a0538e807bef8939de71e10fb47bfc97,12/22/2025 18:31,CLEAR,DARKNESS,ONE-WAY,DRY,1,W,WASHINGTON ST,18,2,12,41.88310863,-87.62794877,POINT (-87.627948770804 41.883108627267)
c42ae04e267f6c937d70023c3876c73c73d9746e1b3cd48c6ce63d7cb1912b6418c17597f206ee4ac669d228a7a46c90df60a666caa10803d4da44926bc3c276,12/22/2025 18:00,CLEAR,DAWN,NOT DIVIDED,DRY,150,N,HARBOR DR,18,2,12,41.8846573,-87.61588529,POINT (-87.615885289417 41.884657300987)
c35289aed1d178e24df57a6504f0e145d0add3351534634fbde6908056493e93148fe5678df232c8bd060a9b5b6925a1cd1c7076ed51b3698154f1643c8d8f82,12/22/2025 16:28,CLEAR,DUSK,ONE-WAY,DRY,55,E,RANDOLPH ST,16,2,12,41.88438762,-87.62586885,POINT (-87.625868849492 41.884387618729)
4ddb778cf7676fd2d59e4c000e6ebcc0bba7cf738d164bf344bc215a0be3af7f1857c10f21104f6eeaa2d1aacd97a7b54e325e3b1e09e8c5fdf54d7b2cc3cddf,12/22/2025 14:40,CLEAR,DAYLIGHT,FOUR WAY,DRY,405,E,WACKER DR,14,2,12,41.88742633,-87.61734767,POINT (-87.617347668928 41.887426331078)
4f47d3108e9db366effc002a3f78501f9fc7ddb356c4b1316824afc5c5ef935f84157337c8c05e5d3c8e1172fd8000d60d5e1f73889c832c73712f6e96614580,12/22/2025 10:00,CLEAR,DAYLIGHT,T-INTERSECTION,UNKNOWN,435,N,RUSH ST,10,2,12,41.89030028,-87.62518084,POINT (-87.625180840602 41.890300281205)
ea3898052f7a7ca1de4a215d3a4dee27cac2474ab8a23ff383b7ef8a02cdaa5758135bddd9178c84b2cfd553b501c472ddb7effac36565b351934916d203f5bf,12/22/2025 8:21,CLEAR,DAYLIGHT,NOT DIVIDED,DRY,350,S,CLARK ST,8,2,12,41.87694514,-87.63089793,POINT (-87.630897934047 41.876945144925)
80d5cf99dee478ae16f4191b4c69c70c6db70692d92a02caa2624603b2753177d206d5ad269ba223736a4dae696fd7e2c55874875787b1692810f24ad8f84ba0,12/21/2025 18:07,CLEAR,UNKNOWN,OTHER,DRY,399,N,DEARBORN ST,18,1,12,41.88914494,-87.62943658,POINT (-87.629436577918 41.889144935303)
0a72b974ee3d36eb76352fb1a64c8d024aeb6f0be42072bec64be04f3096d7c1cef0a6cc7147bb7299478751eba45d9633fb756d86e1fe06df6435e4b6b1fa9b,12/21/2025 15:57,CLEAR,DAYLIGHT,ONE-WAY,DRY,90,E,GRAND AVE,15,1,12,41.89182003,-87.62544387,POINT (-87.625443874791 41.89182003397)
4d347e0c964d0ad4ed639c66bf6428eef35fc0a6ac6d91d3ee5382c5a4520c63e182b326753ba56be67a707dcdfbd92d40d3423d8d97d9047b85c7a2a629485f,12/21/2025 12:55,CLEAR,DAYLIGHT,DIVIDED - W/MEDIAN BARRIER,DRY,79,N,MICHIGAN AVE,12,1,12,41.88317858,-87.62425042,POINT (-87.624250416005 41.88317858382)
b908d459a0bd18ba351139d26a168753a1d995cd4c600c5ace0534016499ad5198906b6d8af9ac6eca0c10ab35dfd8809d1d27496ebd555a9296f2fde6e64b66,12/21/2025 0:00,CLEAR,"DARKNESS, LIGHTED ROAD",DIVIDED - W/MEDIAN (NOT RAISED),DRY,100,S,LAKE SHORE DR SB,0,1,12,41.88085605,-87.61763589,POINT (-87.617635891755 41.880856047671)
e3f83f87929afb0597b346fc512696815ade67bbbcbd112087a576f947119be8f7a636e2fbd68376a85634d7e8bd4ef0bb657d57840bb30152b42de4fd926b2c,12/20/2025 23:55,CLOUDY/OVERCAST,"DARKNESS, LIGHTED ROAD",PARKING LOT,UNKNOWN,401,N,STATE ST,23,7,12,41.88926542,-87.62786766,POINT (-87.627867657864 41.889265415961)
6e1fb8606c0d5cc93ef79e7ef06bfbf53c5cfae552ea8975e13743d998e980530e4e8fc1c68e737d7c72390b232f59cfb74934ffbcec36ca09ef4cccc887335d,12/20/2025 23:40,CLEAR,"DARKNESS, LIGHTED ROAD",NOT DIVIDED,DRY,415,N,DEARBORN ST,23,7,12,41.88978309,-87.6294536,POINT (-87.629453600131 41.889783087171)
08b025d6cf08f4304b9e863f03118bfbb5f3615db75e12db928c4eec35bb2c724aff2a85683f65e72be0f8f5ddf27a3420e0e1750c39f9de81ae6a098c14fa1a,12/20/2025 21:35,CLEAR,"DARKNESS, LIGHTED ROAD",NOT DIVIDED,WET,400,E,RANDOLPH ST,21,7,12,41.88464637,-87.6172485,POINT (-87.617248496239 41.884646365435)
cf193e344d4f93be58afefb1125b4411c251b9218cbd6cb4649d36b707ffadde504ea37cd8c87946dd017a4a4819e2bca397c0ad2204aad39d34327d9a253df4,12/20/2025 20:50,CLEAR,DARKNESS,NOT DIVIDED,UNKNOWN,504,N,MICHIGAN AVE,20,7,12,41.89111339,-87.62428235,POINT (-87.624282353612 41.891113392063)
5885ead8e2bdf2e6a9c7bb3674060b2aacfeca376be68b31f2e24c98294e545fd331eb572729cb85f6790ebc1d9b12c12bd7914e734ba62149d7d07f4d3282e8,12/20/2025 19:45,CLOUDY/OVERCAST,"DARKNESS, LIGHTED ROAD",FOUR WAY,UNKNOWN,100,E,IDA B WELLS DR,19,7,12,41.87583508,-87.62421289,POINT (-87.624212886292 41.875835081627)
9342de3a100d3b02c0b72757cb30ee781f2f641bca2d8e271f8c745f53df5a8b30e68c773d7c791c271845f28d148d3fda5280b7db312c00c7c00401414e2d77,12/20/2025 18:10,UNKNOWN,"DARKNESS, LIGHTED ROAD",DIVIDED - W/MEDIAN BARRIER,UNKNOWN,102,S,MICHIGAN AVE,18,7,12,41.8807249,-87.62448694,POINT (-87.624486938572 41.880724902194)
eb3e0934f22ca070f74945065d6bd44eba64965cb2f595033cf8dcffc0da1244de38ef58e1f6cc67699a6385674ab60e6f78fcb1ddcee0e248158b1265219454,12/20/2025 17:00,UNKNOWN,UNKNOWN,NOT REPORTED,UNKNOWN,38,S,MICHIGAN AVE,17,7,12,41.88117859,-87.62448806,POINT (-87.624488064514 41.881178591985)
186e727fabcd184b29c379faaff46b299da4ad6c1b9784e2298fd2cf292b80e2bb46e1074b740be28c520ad71b23bfb977a6b945344213a3a1e9d623a5440a5f,12/20/2025 16:22,CLEAR,DAYLIGHT,NOT DIVIDED,DRY,600,N,STATE ST,16,7,12,41.89250117,-87.62824274,POINT (-87.628242737819 41.89250116695)
07b391a94917b089541c5aa85298c76d0bf1870d9bef749e5c58f2dfe222c306171b852f45b2c43efd9f4d0508e2dd197db1cb6193918c5beae9ff2bdaa5fec7,12/20/2025 14:00,CLEAR,DAYLIGHT,FOUR WAY,DRY,200,N,MICHIGAN AVE,14,7,12,41.88580155,-87.62465977,POINT (-87.624659771063 41.885801546318)
ec7532f3b0e3556bbeab57eb5ce047126a700570eadd7a0cc61fe4f95aee517d3ec49bcb9cf8cc8dada2d2087d55e451e559d29fe5437c47119b27d3aac42182,12/20/2025 13:53,CLEAR,DAYLIGHT,FOUR WAY,DRY,98,S,MICHIGAN AVE,13,7,12,41.88089012,-87.62448327,POINT (-87.624483266019 41.88089011864)
90233c91dce9d5199dc06180a7bbbe2e3756bb19a7fc997881c6f89adb94609e7480ff12e20858d233ea07edcf55fbd1e25f3e210306939eeab3e8b4914490e4,12/20/2025 12:47,CLEAR,DAYLIGHT,NOT DIVIDED,DRY,65,E,WACKER DR,12,7,12,41.88759875,-87.62567672,POINT (-87.625676723888 41.887598746811)
38c8b43e27d2b9211937caf29846b9e1c5de210078674b7d8441fb992221e5b192e4f17c565622dbabd3af84ed69eae879be1ea4155baa6bcefb2cf3f516a081,12/20/2025 11:06,CLEAR,DAYLIGHT,NOT DIVIDED,UNKNOWN,185,N,FRANKLIN ST,11,7,12,41.88541737,-87.63525649,POINT (-87.63525649486 41.8854173697)
c76c7ca08a8d1544b648c3e74149e3f50de47b68e3f9d786eafa7a686744f10ae2b75352bc9932099fd2c051c9e29176d4f844c29508801d999caef5f66b0f12,12/20/2025 10:20,CLEAR,DAYLIGHT,NOT DIVIDED,DRY,18,S,MICHIGAN AVE,10,7,12,41.88165874,-87.6245001,POINT (-87.624500098561 41.88165873896)
ce80f87d9c245a50cb4babbf7b9bf83fb1690a2ec095c4f676085422aedd49c48992b085bed194bdc9ff90b6b964b023411b5279aa985cbe217cb69b92bcf59a,12/20/2025 9:50,CLEAR,DAYLIGHT,OTHER,DRY,100,N,LAKE SHORE DR NB,9,7,12,41.88326589,-87.61626953,POINT (-87.616269526281 41.883265889838)
ed92e205ea8805a0f7f353767f90ba460c42cb7e116856f957563b2005da5d9ebb7f388161acebb72776e232c0abf3752e0fc8d4e422d159be97412de6429bbb,12/20/2025 0:43,CLEAR,"DARKNESS, LIGHTED ROAD",DIVIDED - W/MEDIAN BARRIER,DRY,600,N,MICHIGAN AVE,0,7,12,41.89259323,-87.62433405,POINT (-87.624334047949 41.892593225538)
503a5709c27cb7dc819aa67070f64aa14be19c6897bb297febc41820bec9e36b2ecdf3e6bc94d1301040be249a493ca236017a7a23c5e1ff3f3311153d0ca670,12/19/2025 20:56,CLEAR,"DARKNESS, LIGHTED ROAD",ONE-WAY,DRY,50,W,WASHINGTON ST,20,6,12,41.8833222,-87.6297751,POINT (-87.629775096643 41.88332219915)
efda8b547431bdc6954f85538bbc7f711d4a2daabe065a6e24f8f17862c47e19ff0746bace69777eda1966510c7b2db69a20dd32e14d78c1aebfdcd54df177d3,12/19/2025 11:40,CLEAR,DAYLIGHT,DIVIDED - W/MEDIAN BARRIER,DRY,100,S,LAKE SHORE DR SB,11,6,12,41.88085605,-87.61763589,POINT (-87.617635891755 41.880856047671)
22c3b189939c811d4761d673d9ff40b88f3e0bda13c6254eaac4d514d8c94949780689f3232bfda4b7df13a2d5561b270d782971d04d9f88726590e2a88f2d3d,12/19/2025 8:50,CLEAR,DAYLIGHT,DIVIDED - W/MEDIAN BARRIER,DRY,100,E,LOWER WACKER DR,8,6,12,41.88843209,-87.62442469,POINT (-87.624424686932 41.88843209205)
5634d634aea762dfe18e30058d834596e53fd50fc6507e8a27776113166075fd47334702a15072c60ee0044999f89027754b5779b2f0c03e1e9678f3a6c2be5b,12/19/2025 7:10,CLEAR,DAYLIGHT,NOT DIVIDED,DRY,184,N,HARBOR DR,7,6,12,41.88593891,-87.61588855,POINT (-87.615888552602 41.885938910873)
5783b3ec1b99b19f6a42a751398fdf7ca49a309d36f97f7e4f3b1bd6454440f8c736cad26f1411aa268f5e6671bd4f1670477af4c970c9cd9b6fd5b034d7fc6d,12/19/2025 5:59,CLEAR,DAYLIGHT,FOUR WAY,DRY,99,S,MICHIGAN AVE,5,6,12,41.88089278,-87.62418953,POINT (-87.624189527131 41.880892784602)
ffb0e719f986b0a75ecb3d771f55ba94299ff3b38cb27466d6ba5f895e9f84f5f22e5ee2e9cd6255ac904e855ee89d3bbaeda093ccfda17bdcc79cdbcb46defb,12/18/2025 23:48,CLEAR,"DARKNESS, LIGHTED ROAD",ONE-WAY,DRY,230,W,WASHINGTON ST,23,5,12,41.88331786,-87.63476909,POINT (-87.634769094617 41.883317859851)
5f415f14c17a8b2120a77b6b0352d71844bf86d1a5e1181a2a3cc4a86cb96b8289a817303a70399e74ae30becec4c2327c7dd4992c8b56e74ab6effd9234954d,12/18/2025 18:50,UNKNOWN,DARKNESS,NOT DIVIDED,UNKNOWN,59,W,HUBBARD ST,18,5,12,41.8899215,-87.63029754,POINT (-87.630297536513 41.889921495112)
11cfae4ba13a0122efbd9a2e939caae1a7c5585a9f0ae54860a6158e19ed3eda7f3bbcc70eea280f3ed48e89e17733b73f867798b440fcc4dbb71ab3d4c75403,12/18/2025 17:48,RAIN,DARKNESS,DIVIDED - W/MEDIAN (NOT RAISED),WET,149,N,CLARK ST,17,5,12,41.88441758,-87.63078496,POINT (-87.630784958616 41.884417584822)
e02fa5c82fd4f281ab7dd374c84b18cceed479a2fc58394a86836af8d6e06845d7f8fdf2f43b2742eee1d5d09f43bfeebeabd803b7385c7e99e929fde6f81154,12/18/2025 15:59,RAIN,DARKNESS,T-INTERSECTION,WET,77,E,WASHINGTON ST,15,5,12,41.88311499,-87.62511209,POINT (-87.625112088007 41.883114985941)
be64d067b34f249b10906ab381b210096b3d546ae51468b0efe46ff49343992a49ff428f64900235f61383307f9ea329564b863a18542b286385549985aa2739,12/18/2025 15:06,RAIN,DAYLIGHT,RAMP,WET,488,E,LOWER WACKER DR,15,5,12,41.88747989,-87.61604712,POINT (-87.616047119018 41.88747988917)
86c8e825a76823b93a27023c3e7a19d7c28d0b4bcd7d5f8439869138e5cc8fdbf149896ee35951d13907a7acd9623a7c761d7502be2a27f6981a48c0c38982ce,12/18/2025 13:48,RAIN,DAYLIGHT,NOT DIVIDED,WET,205,N,WELLS ST,13,5,12,41.88586834,-87.63378741,POINT (-87.633787410229 41.885868344749)
f3a1d553847934cece16d8001b397625152ab18889374360bf8a94516679bf4e85e800ed3feb0486da5271669bde92ed242ccc96c3a1aed11b0eaa51aee01f39,12/18/2025 12:17,RAIN,DAYLIGHT,FOUR WAY,WET,300,S,COLUMBUS DR,12,5,12,41.87826558,-87.6208223,POINT (-87.620822302974 41.878265577833)
b464902d2d1f2a2f5196a2572de78f5484ef5283256b4fc8a6ea8fb23de28691f2276e2f048893ff2f2684573e7551ef8143445c3e4096e5183b7c2e5d47eec9,12/18/2025 9:23,CLEAR,DAYLIGHT,FOUR WAY,DRY,300,N,COLUMBUS DR,9,5,12,41.8869732,-87.62084833,POINT (-87.620848332588 41.886973200874)
16322a9650c1b688082642260825ac673b375ad01d55267632f4038e7d7d9a3431dc45b9ff15eac2d3e3d3edb48789ecc7082a31d8b7198f2b7c3ad07e80e987,12/17/2025 19:01,CLEAR,"DARKNESS, LIGHTED ROAD",DIVIDED - W/MEDIAN BARRIER,WET,100,N,LA SALLE ST,19,4,12,41.88323718,-87.63255558,POINT (-87.632555577008 41.88323717512)
50f17e308648365a5e11a6b63ea941e7df3df6a341e38c46f131bf1468053e73c5111a3b30b7006f4e5aed27c74ed30ca030362044faca92dd76085998614085,12/17/2025 18:00,CLEAR,"DARKNESS, LIGHTED ROAD",PARKING LOT,DRY,318,N,STATE ST,18,4,12,41.88804059,-87.62817066,POINT (-87.628170663404 41.888040593879)
30a352a106fd4e85318879bfb95d79a5302232143ee248bc0f732df3a6adf8f439c1fab327c61c7e4e405aca0eefe192a5fcd18b47b2aa6ac4004b790c437db6,12/17/2025 16:15,CLEAR,DAYLIGHT,NOT DIVIDED,DRY,200,N,COLUMBUS DR,16,4,12,41.88600583,-87.62082896,POINT (-87.620828956741 41.886005833425)
7d65faac6ea2ac90997730507d7b84465f9b5750baeecc314cfde0cdd6d699bb759bfed7a10dbdfcda47f0914add876fb07f516e3897d55f5b8131691777ad64,12/17/2025 16:10,CLEAR,DAYLIGHT,ONE-WAY,UNKNOWN,10,N,DEARBORN ST,16,4,12,41.8822157,-87.62955625,POINT (-87.629556253578 41.882215697948)
40f482f9506f0d450d0fee1f7c7ed790fa71c28d163261a49f822f9255f26a721558dc721fe7bd48551689c11ad35e712b31cb2e0edb72d184a1bd4c570cd3e1,12/17/2025 9:50,CLEAR,DAYLIGHT,NOT DIVIDED,DRY,521,N,RUSH ST,9,4,12,41.8916713,-87.62522473,POINT (-87.625224727853 41.891671299854)
d961d6f129492fc8c7115a173b0b5c48b5baf80e419b7c110a94ad814e69d129431d9371f4797f3e01866c1b7927f7c531031077aaea6e2b06c822c46e2afabc,12/17/2025 9:01,CLEAR,"DARKNESS, LIGHTED ROAD",ONE-WAY,UNKNOWN,35,E,LOWER WACKER DR,9,4,12,41.88679622,-87.62656228,POINT (-87.626562277964 41.886796215825)
8fbe7c93c28b3ebc85c891f1065f907b08516fc9ff37fafba40b761cfd6e30fecf3c76e61a76868ae13658acf66ce712e10ec03eab74d5c34ea96364284e45bf,12/17/2025 1:13,CLEAR,"DARKNESS, LIGHTED ROAD",T-INTERSECTION,DRY,42,W,MONROE ST,1,4,12,41.88082754,-87.62944687,POINT (-87.629446868639 41.880827541462)
d8b13415409e326170af1bc2169cc8cb7e73c9f55fbd6ff0daeef70db30c24ca1f059f4e6ed79f41fd24355568e781330f622c46378f6b8ef73a0901686ec3bc,12/16/2025 21:34,CLEAR,"DARKNESS, LIGHTED ROAD",FOUR WAY,UNKNOWN,301,W,WASHINGTON ST,21,3,12,41.88309538,-87.63541445,POINT (-87.635414446697 41.883095383386)
2dcb398995603cc60cf0492fedd8ff9e376c8e895efe33ab869ee232ebe962cc819e377e8af7582748b1a368105e551a68f3fafa65652e1d26e790b4b04377f3,12/16/2025 18:30,CLEAR,"DARKNESS, LIGHTED ROAD",ONE-WAY,DRY,111,W,WACKER DR,18,3,12,41.88670684,-87.63140796,POINT (-87.631407958651 41.886706842037)
30324332442602855485dd19e440e661d2ca7e8874bea6fa5077aebaf5296633dfd80d50b6668eff447d2a1b2546c5481ec88dfc8e3ee7eba7230a1d8c28b8ac,12/16/2025 16:40,CLEAR,DAYLIGHT,ONE-WAY,DRY,18,N,CLARK ST,16,3,12,41.88238573,-87.63103238,POINT (-87.631032381485 41.882385725884)
389446b3516fb3d3f9361c06e57def8910e4f311ed8587f6fd7f863386b93ff41f265c4b2633e7b3453a06b4d063afc2153824d536743d3bf30eda971496b485,12/16/2025 12:52,CLEAR,DAYLIGHT,ONE-WAY,DRY,219,S,DEARBORN ST,12,3,12,41.87896684,-87.62919336,POINT (-87.629193356099 41.878966836146)
d02eb209486a2ca22a4d8627f1cb6f4b0da9bd0b5547b9555c24df1bfcbf8d9c9f8b7c4f295dfb4f7bbe425c4c13c8afa6b25e55954e5e8a34e5b9ad23d32376,12/16/2025 12:00,CLEAR,DAYLIGHT,DIVIDED - W/MEDIAN (NOT RAISED),DRY,301,S,COLUMBUS DR,12,3,12,41.87826992,-87.62052861,POINT (-87.620528612011 41.87826991907)
5330409f83c8ca07717d0387e931f6dcd8be535fd157cd5c95524d6acdbbe66ca09a655bf6a585832391e6d992b635fca469cd5ad38cc10bb51eaf4e179d3c1c,12/16/2025 11:00,CLEAR,DAYLIGHT,NOT DIVIDED,DRY,118,N,CLARK ST,11,3,12,41.88370017,-87.63106512,POINT (-87.631065123099 41.883700172548)
b6f8580a51c3a7498711a8d2aed7d5773f2c98cdb50b1618293cbabfbbddd86d3ad7b2c2fb6f3cb7c242e6420f79ff526a3e518b31fdc30e82decaf0c8686cc6,12/16/2025 10:55,CLEAR,DAYLIGHT,NOT DIVIDED,DRY,225,W,LOWER WACKER DR,10,3,12,41.88668225,-87.63484868,POINT (-87.634848680286 41.886682251828)
713d499f34e29345bc384a792fe20a0b23f2e39ba1eef761705a038275a99e3da4602b4915353ea22dc8e79d443e274a4b361295c55dd63f67a35b77edd5edc6,12/16/2025 9:45,CLEAR,DAYLIGHT,DIVIDED - W/MEDIAN (NOT RAISED),SNOW OR SLUSH,323,N,MICHIGAN AVE,9,3,12,41.88733595,-87.62440249,POINT (-87.624402490931 41.887335950011)
aa2e8b9472f5905e3d6f3833171acc3dbde44747de4be245451be43e2685e44071f25fda7aea93779e11f0199a32f60adf3a968dfb263b127aa9e288615efc3f,12/16/2025 9:03,CLEAR,DAYLIGHT,FOUR WAY,UNKNOWN,100,E,IDA B WELLS DR,9,3,12,41.87583508,-87.62421289,POINT (-87.624212886292 41.875835081627)
624803040aebf42eed185859ec2a70848a29b710c472a94f89ab775e25aa890b53e45ac1bfa8216157b32ebe02845ce775b572511cf4ddad034399956d2d8d00,12/16/2025 6:10,CLEAR,"DARKNESS, LIGHTED ROAD",ONE-WAY,DRY,299,W,MONROE ST,6,3,12,41.88053167,-87.63520526,POINT (-87.635205264906 41.880531674589)
099a1ecd285c01b02aa48814e5542c532d487ac2ebf8bcacfe96eb310b806f8708059537e82d553716f50acf77a40614b2759ca0e11096c341040090452cef2a,12/15/2025 19:35,CLEAR,"DARKNESS, LIGHTED ROAD",ONE-WAY,DRY,255,E,GRAND AVE,19,2,12,41.89168984,-87.62044413,POINT (-87.620444134826 41.891689839807)
74d7c3267456406397252f305c9bc1fffda725d2f507ccc6c12b33b8d05917a7a3811ee0f003c538414974981fdf3477679729cbc264cc8dc3c6c35605e3dcd2,12/15/2025 19:33,CLEAR,"DARKNESS, LIGHTED ROAD",DIVIDED - W/MEDIAN BARRIER,DRY,101,S,LAKE SHORE DR,19,2,12,41.88085693,-87.61710338,POINT (-87.617103384378 41.880856926277)
7a497aa94cc124151cf8c2992d6b3163236b6ba57150ea4bb854f1d83bc3825503d8d70bc0d563cc317dcb9393fafca324b4169f8b50ab6f944f6a1fbc5eb6b5,12/15/2025 19:20,CLEAR,DARKNESS,NOT DIVIDED,DRY,600,N,RUSH ST,19,2,12,41.89256225,-87.6255421,POINT (-87.625542097587 41.892562252544)
c1cb0a8bf3686b1808941eb024cd5a6634bbf5a8803822887f9eee4af0f8d6aad583e12ab49b11d1def9aac800e77186b6d5feadb221318c389f35843e318465,12/15/2025 19:20,CLEAR,DARKNESS,NOT DIVIDED,DRY,540,N,RUSH ST,19,2,12,41.89218974,-87.62552459,POINT (-87.625524592411 41.892189737372)
660e40acc4a165645cc0d971d654a0026cae2bd1540e39ff0d35d67270585dc944d1567fc0df6a43b09a511a28a71a02cb0dda0e064c9e5a441036733f2f3e5d,12/15/2025 19:18,CLEAR,"DARKNESS, LIGHTED ROAD",ONE-WAY,DRY,401,S,CLARK ST,19,2,12,41.87682269,-87.63060082,POINT (-87.630600817918 41.876822691469)
63e4e8c1923d3b1db2a83f64ad2305ae9ce5f55de5af35502de380d5307ec1ff14d512f6da39d83e170a37c42487de58f67fcaf5016129a5c8d6047c54adc88a,12/15/2025 18:00,CLEAR,DUSK,ONE-WAY,DRY,192,N,PARK DR,18,2,12,41.88599278,-87.6192834,POINT (-87.619283395728 41.88599277744)