CRASH_RECORD_ID,CRASH_DATE,WEATHER_CONDITION,LIGHTING_CONDITION,TRAFFICWAY_TYPE,ROADWAY_SURFACE_COND,STREET_NO,STREET_DIRECTION,STREET_NAME,CRASH_HOUR,CRASH_DAY_OF_WEEK,CRASH_MONTH,LATITUDE,LONGITUDE,LOCATION
b887de176a2cff44e446bd1cecf1e8397be1fc1648033179ac2189f5f9e5ad2ca0aca83ad84704bef9d19e1027bbd29e444ae63f2130bd29acbd41d78057de6f,12/15/2025 16:12,CLEAR,DAYLIGHT,NOT DIVIDED,DRY,20,E,RANDOLPH ST,16,2,12,41.88460285,-87.62718694,POINT (-87.627186940196 41.884602854888)
0adea69b8e6f50b8d62bf8346eeaf8c37d37a0a464328034403e23df67e80836bc4636f2a43dc88112e0ada7eb946738187037af23788be5ff5e54a226b46126,12/15/2025 14:40,CLEAR,DAYLIGHT,ONE-WAY,DRY,33,N,DEARBORN ST,14,2,12,41.88280623,-87.6292815,POINT (-87.629281495683 41.882806226618)
26072ca6e18d3381ebff1c3d6eb5d110b7fcaba55afafe8e3d27dbdbc58ffb865db4364c660f51cf4f2e189cbe769d2e9128883db736b2472811fc1d19058839,12/15/2025 14:30,CLEAR,DAYLIGHT,ONE-WAY,DRY,33,N,DEARBORN ST,14,2,12,41.88280623,-87.6292815,POINT (-87.629281495683 41.882806226618)
f5db4f69279d19255c7db229ec85e2f592809f198b02e4ade59eb7a78c4b2f9aa9fd66801183ce059604d5bf18f7e61538ab340c51b0d9116c0ccb781782681e,12/15/2025 14:10,CLEAR,DAYLIGHT,NOT DIVIDED,DRY,65,W,ILLINOIS ST,14,2,12,41.89071888,-87.63058658,POINT (-87.630586575887 41.890718883197)
559476a8b25ed0e18f3310d0c0eb87b24f55da2365f064521af59e0a004967bec1f25229658660b0f01f99038ea710a6902cb5736e9b3cc15a21b986b6f3bd97,12/15/2025 11:48,CLEAR,DAYLIGHT,ONE-WAY,DRY,118,N,WELLS ST,11,2,12,41.88370838,-87.63401868,POINT (-87.634018676487 41.883708384522)
13a76800e964d394dc51a15f1a77793e9f94597b8eb15366a6046416d56a29f0c70ceb5925a971bb6495532a438c323d8880f0c7bcb4be99ea9083b6888cba38,12/15/2025 11:35,CLEAR,DAYLIGHT,NOT DIVIDED,DRY,600,N,FAIRBANKS CT,11,2,12,41.89263706,-87.62040272,POINT (-87.620402716759 41.89263706484)
df1c6259628e96b61a2ebd2b70769f740108426f5d925d3e54751e704eee63a8d8a190406358fd834ce7369817e974a8e3ae37205de1d8654c50929098e5f26a,12/15/2025 8:37,CLEAR,DAYLIGHT,DIVIDED - W/MEDIAN BARRIER,DRY,130,E,RANDOLPH ST,8,2,12,41.88458837,-87.62327256,POINT (-87.623272561055 41.884588371969)
e578280132f5bed029b786a6297155a62bbc55eb55033346d9af5991cda2f13e42f179681ccfdf51a0a05b1d595d11de83e3ae06b6bce60a1bb5e7f0fb471332,12/15/2025 6:45,CLEAR,DAYLIGHT,ONE-WAY,DRY,49,E,ONTARIO ST,6,2,12,41.89319256,-87.62617281,POINT (-87.626172814003 41.893192559651)
0f98395c204f30a4cefbb0822ae5f1929c774efd38621b8c7aba1102b082c312e473e012c0271039224a32290cebbfce05179a14f96cccd988325ef45a29b7cc,12/15/2025 0:17,CLEAR,"DARKNESS, LIGHTED ROAD",DIVIDED - W/MEDIAN (NOT RAISED),DRY,153,N,LAKE SHORE DR SB,0,2,12,41.88447427,-87.61356137,POINT (-87.613561367179 41.88447427434)
b918889b540833ea5fcf37a4e899ac12f4f3333652fd31ac2e38143a59d1608d39b691a2d878cf30528bfc4ee3c4f0ab3941cab806bd9a4f40bbc88ed5112498,12/14/2025 20:00,CLEAR,DARKNESS,NOT DIVIDED,DRY,615,N,WABASH AVE,20,1,12,41.89304153,-87.62660417,POINT (-87.626604165393 41.893041529381)
28c98bd9e74676e6b3fb447eb187d294b159c318c83aaaf33b5f352e132c282edc2f7308d2b50dca91072946922213d7cc508b9119555b6cc6f15c9aa16bb410,12/14/2025 16:48,UNKNOWN,DAWN,DIVIDED - W/MEDIAN BARRIER,UNKNOWN,345,N,LA SALLE DR,16,1,12,41.88867136,-87.63236325,POINT (-87.632363247916 41.88867135886)
019e3050b09ac652036a2f80c11d8f43e32fe888778ced0c70663d116eca8d4ffb149342a0bd796c33bb0bc7984f403bb7f67315a902ebb6bb53d6f067bf03dc,12/14/2025 12:04,CLEAR,DAYLIGHT,FOUR WAY,DRY,101,S,LAKE SHORE DR SB,12,1,12,41.88085693,-87.61710338,POINT (-87.617103384378 41.880856926277)
3c7dd50cb285b688bec168b3f71d79f2aec72fde2b4248d445e7d60a25900fd4cd0fbe470d5b7b580fbf519ff7dcf5c9acd1e7711a3a4f22801bd2b7584e10a2,12/14/2025 7:40,CLEAR,DAYLIGHT,FOUR WAY,UNKNOWN,100,W,RANDOLPH ST,7,1,12,41.88458627,-87.63101045,POINT (-87.631010445886 41.884586267155)
7e060c7fe02d5d73bc402bd12464f59f48366bb08067ee824d9e682b17839de251d09e2a2af83dffbb8b5e64f8767f24f222cc66432b965c9fd95c026eae0761,12/13/2025 19:46,CLEAR,"DARKNESS, LIGHTED ROAD",ONE-WAY,UNKNOWN,230,E,OHIO ST,19,7,12,41.89268963,-87.62143836,POINT (-87.621438364824 41.892689627728)
1e8dbc9b9d17620a8fe8ea10c9c93707802ec47987805077d159c926c0a634122a2acd21854ef297faa67c5a4e4c4b72c2bfa513d350eabc93f5822371887a58,12/13/2025 18:02,CLEAR,"DARKNESS, LIGHTED ROAD",ONE-WAY,UNKNOWN,66,E,OHIO ST,18,7,12,41.89263269,-87.62546935,POINT (-87.625469348514 41.89263269454)
603376a33f81c6db2e352b0af4aa15e9e736dd1f8f24dd44cbe9db3afe0712155ee5253bbefbabb9e7868cf43affa23bd495290d65712d302e27b44e0b37bc2d,12/13/2025 15:30,CLEAR,DAYLIGHT,ONE-WAY,DRY,102,E,LAKE ST,15,7,12,41.88586581,-87.62442581,POINT (-87.624425806819 41.885865813834)
bccddd8924a1a447b5aafb7434e03a404ccf142f64a6a642b79cd4c28c704934c935fb64289e2e067bdaf3e4c97764087c17d78d3fa2ba18c78d09a694e004fc,12/13/2025 15:00,CLEAR,DAYLIGHT,FOUR WAY,DRY,100,E,LOWER WACKER DR,15,7,12,41.88843209,-87.62442469,POINT (-87.624424686932 41.88843209205)
7b79504d9e41f93ab0cb309f652084aefddae008110e69acf66ef229ce33d9af0643753434e70ad4fd8e806c34b2a9d3532f20f88ca219db656c6da7f9534511,12/13/2025 11:55,CLEAR,"DARKNESS, LIGHTED ROAD",NOT DIVIDED,DRY,172,W,ADAMS ST,11,7,12,41.87950365,-87.63296974,POINT (-87.632969741567 41.879503650162)
cdb88d6a2d7e8c81ebebf0b15f0dea746e52845d028ef826700fe6047216ad7777d79938e3e2db2bdddf4eea6a978c24597371500882a09eef6de94caac491c6,12/13/2025 11:29,CLEAR,DAYLIGHT,FOUR WAY,DRY,145,N,DEARBORN ST,11,7,12,41.88433967,-87.62930247,POINT (-87.629302474107 41.884339671462)
3beb10987f2753f6e188a586660c0d23925a5b0e36095f8568eef46b74b8d4a666bbc051ac7dd269a846bd4b56c12fc5d369c7b96cbf62adc955e3a9233f615f,12/12/2025 19:00,CLEAR,"DARKNESS, LIGHTED ROAD",NOT DIVIDED,DRY,20,W,KINZIE ST,19,6,12,41.88935203,-87.62884885,POINT (-87.628848850273 41.889352033014)
820e5f3e7d297470451eef73f7b1dc14fa80f8045d30dc818e8bdffa5153855341b1c374b16dc3fab2780adc31d753f79d0fb5716a827dd949efef6c7407eb22,12/12/2025 18:23,CLEAR,"DARKNESS, LIGHTED ROAD",DIVIDED - W/MEDIAN BARRIER,DRY,500,N,MICHIGAN AVE,18,6,12,41.89097123,-87.62427695,POINT (-87.624276945562 41.890971229645)
26b9b0b19f915381c2defbe2efdec4e74410e1f51ca2e990f35a348a406e896bbdcc1a2c44f8bd1cf7c3046663f4e76ec04d8a62fda82ea99a541b59d3ccbc46,12/12/2025 18:00,CLEAR,"DARKNESS, LIGHTED ROAD",DIVIDED - W/MEDIAN BARRIER,DRY,100,S,LAKE SHORE DR SB,18,6,12,41.88085605,-87.61763589,POINT (-87.617635891755 41.880856047671)
612336b92216f5886f9d9b99a0058f019dd5385a8b393e7fe800a6bbb9e9ba9d35be53c6da843e8a522f53a235f491271653b25abcbf6b7e34dc72b431a61489,12/12/2025 17:54,CLEAR,"DARKNESS, LIGHTED ROAD",RAMP,DRY,151,E,LOWER WACKER DR,17,6,12,41.8879732,-87.62257424,POINT (-87.622574238789 41.88797320385)
ab14593bce32947e3d5c030e4514f8c95f7bfb4104dba52898ed6918b055f232c5c471f75660177fa32a43dd745b8ac7ea56f3d2825bf2c71deab9d344e515d6,12/12/2025 17:30,CLEAR,"DARKNESS, LIGHTED ROAD",DIVIDED - W/MEDIAN (NOT RAISED),DRY,401,S,STATE ST,17,6,12,41.87686736,-87.6275033,POINT (-87.627503299143 41.87686736408)
4e7104d31cba5c678411e9500c5048347e0f0296e879a9a1aeb8a1150f842cc06ea4350b6b252aa2adb9c5afabff78bf3d4d23b1ccf741676495239d0ab233b3,12/12/2025 16:00,CLEAR,DAYLIGHT,DIVIDED - W/MEDIAN BARRIER,DRY,90,S,MICHIGAN AVE,16,6,12,41.88089012,-87.62448327,POINT (-87.624483266019 41.88089011864)
5379c8a5231d64841fc5aaba278373ac882d59cb0cc58c743d5d48521eec9155e120eb50d7caa3bffca64cff78598b5588ad77e212705882d7154e92f98e2ac8,12/12/2025 15:14,UNKNOWN,DAYLIGHT,NOT DIVIDED,UNKNOWN,53,W,JACKSON BLVD,15,6,12,41.87805068,-87.62978101,POINT (-87.629781008423 41.878050680825)
8412648844ff8799b6a0facd2c41d881f31797a9c8685a6cdfc45a7459ff0e3bbbba6316c9b3930c4fdae85a552d709f02007faf93417bd0624713812de0dd87,12/12/2025 13:00,UNKNOWN,DAYLIGHT,ONE-WAY,UNKNOWN,17,E,MONROE ST,13,6,12,41.88066458,-87.62708936,POINT (-87.627089364442 41.880664578396)
9d1c4003eb9b4bec52fa708689bdd599ff547cf86d3c82e69ec5f92b1c2145a1273ac7730b322580eb77ec435b264b0ce8ff01dc684629e770c6b9679ff3d200,12/12/2025 13:00,CLEAR,DAYLIGHT,FOUR WAY,DRY,55,E,ILLINOIS ST,13,6,12,41.89079733,-87.62585722,POINT (-87.625857216996 41.890797331474)
3bb2d2d802589fd4f596626aa67eed478cd073625aa3e52a318009b9ac263cefb57b3aa1bb0bbb59e4df72e7ea618f129ea608dfbe89aff5cc98f350995ae3c4,12/12/2025 9:35,CLEAR,DAYLIGHT,ONE-WAY,DRY,148,W,LAKE ST,9,6,12,41.88584767,-87.63237501,POINT (-87.632375014466 41.885847671872)
84e73bfb446ac7e03b1414965159d7869e47841186e164e8ef43caeca4c4d75661456d6c987778e7067e8273f95801c93bddba086381058a061dfeafa5d71fa2,12/12/2025 9:20,CLEAR,DAYLIGHT,NOT DIVIDED,DRY,610,N,ST CLAIR ST,9,6,12,41.89295838,-87.62285467,POINT (-87.622854668319 41.892958374988)
f0c6b2ceecf7c0d5c4bf5190149d5a66ff01946ffe939a0320eacca19774439f549e1ca1957c71e77157466e2cb1e043aa1ad69c272a5b1f4669f713ca424b7c,12/12/2025 9:06,CLEAR,DAYLIGHT,T-INTERSECTION,UNKNOWN,1,N,MICHIGAN AVE,9,6,12,41.88216858,-87.62422057,POINT (-87.624220566705 41.882168584563)
f224879255184c87183d0e580498a6cca7bbc012679425e54df085e3cbbd52158de41aa9ce6fdcab57286356feb6e158f99b7ecfc83c2fb03ccaba1760165c58,12/12/2025 8:05,CLEAR,DAYLIGHT,NOT DIVIDED,DRY,450,E,LOWER WACKER DR,8,6,12,41.88752738,-87.61659991,POINT (-87.616599909647 41.887527382373)
df83e7c59122ccea942b105fd783b480c70be7f952c7e4f3d0b4ab3ec70711a8249fa8438e4f8570f295fa8edf70ee488432bbaa8c531703c4493a2c30bcbc22,12/12/2025 6:50,CLEAR,DAYLIGHT,DIVIDED - W/MEDIAN (NOT RAISED),DRY,2,N,MICHIGAN AVE,6,6,12,41.88216417,-87.62451427,POINT (-87.624514273622 41.88216416733)
4651f4cd61ad5bea832b0ea0cee2ff5c12c2b7e1d782010a7a1f615552826a6d95d2c1b72ba95a77d72f34d41dc59e651610d67285a0d8781ec0a3cf8fad58b4,12/11/2025 18:50,CLEAR,"DARKNESS, LIGHTED ROAD",ONE-WAY,UNKNOWN,19,E,MONROE ST,18,5,12,41.88066578,-87.62701906,POINT (-87.627019061735 41.880665781088)
f05f50baa6723c0632955fc4732fba470856a218d394f74998e90ca716f42f224e4297fde866067ab056a6333c3278d2bd72c62479f980ece8411dec4134cbc5,12/11/2025 18:35,CLEAR,"DARKNESS, LIGHTED ROAD",PARKING LOT,DRY,60,W,KINZIE ST,18,5,12,41.88933322,-87.63028247,POINT (-87.630282472199 41.889333215048)
a57d4e663144234fd47e50946143eb38e97bfc0986ec36a40d12eb1d7a73b68c76652e9c142bd1b8a7c067ddf2b1c50930e848fc1af2c530824e94329fa94c18,12/11/2025 18:24,CLEAR,"DARKNESS, LIGHTED ROAD",DIVIDED - W/MEDIAN (NOT RAISED),DRY,51,W,KINZIE ST,18,5,12,41.88911808,-87.6299233,POINT (-87.629923302785 41.889118078364)
99caa59bdeb947e8f16394a3d67029852242f7704342a507c2b473247f01cdfca163b9f40f4514631a6886c63cbbb41677ee2e55f23997de2519451824339c62,12/11/2025 17:24,CLEAR,DAYLIGHT,NOT DIVIDED,DRY,200,N,CLARK ST,17,5,12,41.88601364,-87.63113018,POINT (-87.631130181818 41.886013640229)
69733d17c686537945d93d30f10059358aa222eb430672a9d9f0cae877bbf36f910121e50a5023333f2ef5723620be28fae92328ad25b7d8c05aae40f9d88f4c,12/11/2025 15:25,CLEAR,DAYLIGHT,"FIVE POINT, OR MORE",UNKNOWN,200,S,COLUMBUS DR,15,5,12,41.87953617,-87.62089453,POINT (-87.62089452856 41.879536167659)
6b0ec97b2f4b7db866f63b5af47dd078b4cc8dc841c2e05d2d6e80f808cd1b3abb27edecd8fb2cb154f2583f123896afedaeb2c3f854996631a2edb852e2d442,12/11/2025 15:20,UNKNOWN,"DARKNESS, LIGHTED ROAD",FOUR WAY,UNKNOWN,150,N,COLUMBUS DR,15,5,12,41.88458537,-87.62079215,POINT (-87.620792152563 41.884585370634)
c4066b0df8c17b3a4e6e7a904c75133a2e6ba456d4cfd2c04246dbff734ce3d10463b7f941cdc0a8d450674ab2f98e3f8657bd2ea133f269a7fc502359dd3b8c,12/11/2025 14:53,CLOUDY/OVERCAST,DAYLIGHT,DIVIDED - W/MEDIAN BARRIER,DRY,121,N,LA SALLE ST,14,5,12,41.8837646,-87.63227535,POINT (-87.632275353537 41.883764598103)
469ced46b5d954c7d444bfac04ea518c7cca76daadb139b14089aea579ed3a0fff70ee3eb512a442de0c8793473aed6dcf12e34cb601997dfb17a5cc93e809ff,12/11/2025 14:34,CLEAR,DAYLIGHT,NOT DIVIDED,DRY,150,W,WACKER DR,14,5,12,41.88703915,-87.63255806,POINT (-87.632558056254 41.887039149781)
e14eddbd91a3c41875d23549ff0cf40e0baccb428ff06069073dfa8ef71e9e9d9afeb7f6a6b9c5d701f9c925dfebbf17481c153f9d68505053acb020a09ad560,12/11/2025 13:30,CLEAR,DAYLIGHT,FOUR WAY,SNOW OR SLUSH,205,W,MONROE ST,13,5,12,41.8805479,-87.63398067,POINT (-87.63398066695 41.880547897807)
c9f29778f91fc29e9621fd5ead0d3c0eb969b41f2e7cdfd4293776f6d376d00eb38a826e17adb88795e4cfd5f4736560eb71e7d3ef03fc4ecb40ec641a40c3d2,12/11/2025 13:15,CLEAR,DAYLIGHT,ONE-WAY,DRY,430,S,DEARBORN ST,13,5,12,41.87615233,-87.62939497,POINT (-87.62939497368 41.876152327485)
ac2a41c8116077a41af1e2554403df6f804b70babee60e644deee018ea3ce918c6336ab882c91e553c5456ae66d339069ac3f786e03da6d14594d4bd45f09026,12/11/2025 8:20,CLEAR,DAYLIGHT,ONE-WAY,DRY,429,N,CLARK ST,8,5,12,41.88998339,-87.63093338,POINT (-87.630933380238 41.889983392634)
f16a0b95fcf168a57fe090c46569bc6c6c9051828f883e4a6f8e527893466980ef2e228598bb8647cf9931ed1bda802fbc58a7c3a826673d963ffbab263ed01d,12/11/2025 8:15,CLEAR,DAYLIGHT,DIVIDED - W/MEDIAN (NOT RAISED),DRY,213,W,LAKE ST,8,5,12,41.88562079,-87.63442589,POINT (-87.634425892904 41.885620785689)
8651893bff1a20305b67b69ea4c68368f7595bec38404147541da38a15d4aeb681908ebdca04af51e5686c62e8f80a9fd8b9707c68e567b766f20c1e99f73657,12/11/2025 7:26,CLEAR,DAYLIGHT,DIVIDED - W/MEDIAN (NOT RAISED),DRY,100,S,LAKE SHORE DR SB,7,5,12,41.88085605,-87.61763589,POINT (-87.617635891755 41.880856047671)
c0e71f6130f9f9d6a0bcec5ded6e49475f2b2f8e2e67cda74930eded6c1b57009c8a693a3e54259b40b42e42d9f6ae94b0525abec7e493b1f6283dee1ae9153b,12/11/2025 4:20,CLEAR,"DARKNESS, LIGHTED ROAD",DIVIDED - W/MEDIAN BARRIER,DRY,240,S,LAKE SHORE DR SB,4,5,12,41.87866661,-87.61758508,POINT (-87.617585078783 41.87866660586)
77ce7f58035f2b4a5ebb26e2e620a9250d01b83b03565a6f47ef836ce5e6d4ead0fe0ebce784cbc88aca11015a4107e21c09f7c8b6230a141e5807dd6e5e554e,12/11/2025 3:08,CLEAR,"DARKNESS, LIGHTED ROAD",ONE-WAY,DRY,407,N,CLARK ST,3,5,12,41.88942242,-87.63091874,POINT (-87.630918744363 41.88942242358)
6cf81dc7f096ff078f23583a2f7f4550fa18261230d96617f5e391ec22be1fa7eac92639353f327b69aa76b570fa130175671a900687cd8acbe43dbc2a3123ed,12/11/2025 1:31,CLEAR,"DARKNESS, LIGHTED ROAD",FOUR WAY,WET,475,E,LOWER WACKER DR,1,5,12,41.88727415,-87.61625137,POINT (-87.616251368996 41.887274147538)
3e1c45a4aa9faf8d577121b392509eed27a910d96b3a7d61416cf4a4dfd9e4b298545c7462b6da147eefe102d71bd4ac82bd36f2ee6245e4ad4f24ac3ada73bb,12/10/2025 20:48,CLEAR,DARKNESS,ONE-WAY,DRY,31,S,DEARBORN ST,20,4,12,41.88148229,-87.62923859,POINT (-87.629238589298 41.881482293407)
32f96bf5ad635614af5429ad884b3301ddaa2cca2d3fcb538ace786c6f8f95785517650773f35202fae5b05e6a4d2926d5e3ec44cd62b17793229dc970a1d80d,12/10/2025 17:30,CLEAR,DARKNESS,DIVIDED - W/MEDIAN (NOT RAISED),DRY,205,N,COLUMBUS DR,17,4,12,41.88607017,-87.62053659,POINT (-87.620536589034 41.88607017398)
528837ff03cfea9c307110f44e0e0fa6eb84b4418821ec16591bea8eb01931e0adf5bf043c12146901a24e429f593d623b76dcdc257909aba8798586113c12fd,12/10/2025 17:13,CLEAR,"DARKNESS, LIGHTED ROAD",ONE-WAY,DRY,199,N,CLARK ST,17,4,12,41.88568054,-87.63082738,POINT (-87.630827376771 41.885680539417)
ddd12559135a28ca133a4973daa8994fece0a589ab53ec1ec537d3da51b4486b25925594b9a485b173c19362afd52773f5c333ae9d01ecc5fc78c858a96434ae,12/10/2025 17:00,SNOW,"DARKNESS, LIGHTED ROAD",DIVIDED - W/MEDIAN (NOT RAISED),WET,387,S,STATE ST,17,4,12,41.87699425,-87.62750704,POINT (-87.627507040393 41.876994246236)
ebaaeaba89c4338895d13a72a60de8fa64662f3641b09689c54804299ab793818f568f96439f19fc6f5675a0f8b1c4a0c6176dad0970ed0fee4b912b50db1e14,12/10/2025 16:20,CLEAR,DARKNESS,DIVIDED - W/MEDIAN (NOT RAISED),DRY,198,S,STATE ST,16,4,12,41.8794915,-87.62785787,POINT (-87.627857866384 41.879491501497)
8894ff0b4d84da3c8815c7d6a5964e027226abe026f977aee3e235b138f6e5c6b7cca893a0b4c5af822325987564de5b805142252cc861235ce23d59486d72b4,12/10/2025 16:00,CLEAR,DUSK,NOT DIVIDED,WET,280,S,COLUMBUS DR,16,4,12,41.87838431,-87.62083163,POINT (-87.620831634157 41.87838430551)
b71f6874a8eff4da926b363e4944e8263a29176992c36277fcf0d1ad7da89c6e88679c632f4624391120eb827590f17491b0f37a007d241eefe5215703e6153a,12/10/2025 14:20,CLEAR,DAYLIGHT,NOT DIVIDED,DRY,40,W,WACKER DR,14,4,12,41.8870437,-87.62945493,POINT (-87.629454928218 41.887043702337)
6067f00a820a1fc721e50e7bbf0e8b7797cc760eefe652895b022915b22d1de0895f1e9d49550ab3d443ae72f0ebb029b34ee4af44a5686d9b6ca86167a614e2,12/10/2025 11:40,CLEAR,DAYLIGHT,DIVIDED - W/MEDIAN BARRIER,WET,110,E,WACKER DR,11,4,12,41.8883991,-87.62402906,POINT (-87.624029056612 41.888399095334)
a11e9420bec53e5fe9c25ef3098d034fcaca70d28837903260ca5fc0fccae2344c80318bb6e833d06b38208946168489c3da7cdaac70a24c1d6e63a00eb0ac9e,12/10/2025 9:22,FREEZING RAIN/DRIZZLE,DAYLIGHT,OTHER,WET,450,E,WATERSIDE DR,9,4,12,41.88705434,-87.61546865,POINT (-87.615468649916 41.887054335542)
362fd8f6a923cd1e29db3f9ff73d1d5e4a7467bd5e858c0f454f7d50f92b9c770299f188c7a5b908134d7f51001f8df6ecc47a2c13a220336e52bfaa25c1e356,12/10/2025 7:58,RAIN,DAYLIGHT,T-INTERSECTION,SNOW OR SLUSH,298,S,CLARK ST,7,4,12,41.87817758,-87.630933,POINT (-87.630932995417 41.878177583164)
b654706da3bcef8f0e8118d62c84d012ee2e34b9fbb7494a18f18b4db4fde3b4a918adaf37d46edd85c3c348a798bf063ed72c8a455f8d5679841e2d10e15eec,12/9/2025 23:06,CLEAR,"DARKNESS, LIGHTED ROAD",DIVIDED - W/MEDIAN (NOT RAISED),WET,540,N,FAIRBANKS CT,23,3,12,41.89227036,-87.62039254,POINT (-87.620392542301 41.892270355275)
868d38f3136c8fb32ddc820b9ef459c2031eb15bc59fdc3505f119ac5afeda43cdd4941ca20abba57afd3eb32e5f48778fae4c665f145804b16cfbff4b45dab6,12/9/2025 23:00,CLEAR,DARKNESS,NOT DIVIDED,DRY,541,N,FAIRBANKS CT,23,3,12,41.89227497,-87.62009879,POINT (-87.620098794549 41.892274965647)
cb3b11acb61632c079cd143c8ff15c6a842dd35c970a434f2ca424df075c7b225e98bd37e48145ba5e528daa1b9f42bb55bdefbd3f4de9c57b7a503e5dd84ad7,12/9/2025 21:18,RAIN,UNKNOWN,UNKNOWN,UNKNOWN,10,E,OHIO ST,21,3,12,41.89258577,-87.62768243,POINT (-87.627682434739 41.892585766256)
7cc0aa28298e1174b7a36bc47712f8fb24c9e7952e22e192b2cbe832588ecab9b6ce3088a71695f61499655dc8a54e6886937ba216207653e16c9a614850c7a9,12/9/2025 18:34,FREEZING RAIN/DRIZZLE,"DARKNESS, LIGHTED ROAD",NOT DIVIDED,WET,525,N,MICHIGAN AVE,18,3,12,41.89169335,-87.62401344,POINT (-87.624013439392 41.891693353126)
a25103e8bd8e2a69572ab9547ee8390d1819a923c658ff3624685a39be6e3eae65f121befbb4d190e78ffb79f4cb04a690e4633622e18781019e8eeda7585537,12/9/2025 18:30,RAIN,DUSK,NOT DIVIDED,WET,131,S,DEARBORN ST,18,3,12,41.87988544,-87.62921159,POINT (-87.629211594803 41.879885440301)
433e24065d69841fe0cd3837cf4e661313a3ebf4d9131f647a13adbcbd903f4dc3a5879a767144f3bc3f7b7928d899e1ea471b26b3de5776b6873f0d83c2f936,12/9/2025 17:00,CLEAR,DAYLIGHT,OTHER,DRY,147,N,FRANKLIN ST,17,3,12,41.88439292,-87.63522943,POINT (-87.635229434924 41.884392919138)
a0f749c6765f553849e56b230b0a51ca0e511b1b45251874564dc865d685c7f1f59b5c942aaa407225a0f705ab0d318cd8960df6412e1ce665f0cb9aee89a4da,12/9/2025 15:56,UNKNOWN,UNKNOWN,DIVIDED - W/MEDIAN BARRIER,UNKNOWN,301,S,LAKE SHORE DR NB,15,3,12,41.87831701,-87.61705213,POINT (-87.617052125371 41.878317010667)
9fcf6f0accabe487c297c5af1d88884bce530c9f048d6aa6b757f68ba32d7c2517b7646bab412674cb01e8c5c12fca884cc3261b6ca38105b910e8f58f877e58,12/9/2025 15:00,CLEAR,DAYLIGHT,NOT DIVIDED,DRY,320,N,LOWER MICHIGAN AVE,15,3,12,41.88733869,-87.62473312,POINT (-87.624733116598 41.887338688895)
3307e4d8ca98c4aa64ee81201f1dffdd8be073485904b78a54b53190a4742bb8d1482627c380f31c30df4a7ed25b4ec4a5660e5a899083cbca213d2aab91f55f,12/9/2025 11:07,SNOW,DAYLIGHT,ONE-WAY,SNOW OR SLUSH,131,N,DEARBORN ST,11,3,12,41.88394409,-87.62929253,POINT (-87.629292532139 41.883944085813)
22d532cf96851898e412ecc39890163109f1514b29d06dfcb53045d4dbf28e704f2d02db4bb34e8753a8f89be14b2689d4b20bcae6166d1c28bf5d9bdf1e228c,12/9/2025 11:04,CLEAR,DAYLIGHT,ONE-WAY,WET,170,N,CLARK ST,11,3,12,41.88501157,-87.63110203,POINT (-87.631102026326 41.885011567808)
49ac6748caf5756e8d8da2d37f00df198f1256243fce7c090edd753699b852c6b62f1ed02978e0a065080c28e4a0074d9648b7166608dc1a0cb20bb5375018ee,12/9/2025 9:00,CLEAR,DAYLIGHT,DIVIDED - W/MEDIAN BARRIER,DRY,300,S,MICHIGAN AVE,9,3,12,41.87821735,-87.62445584,POINT (-87.624455840297 41.878217345311)
ae947886739f1d8607fb52ba054a86f7d5543676d631a9fb956029ce2a81749625696507f409a3becc6a0a3f8562c31bf5fa82332c710ccd582a633b8f127bf4,12/9/2025 0:21,CLEAR,"DARKNESS, LIGHTED ROAD",DIVIDED - W/MEDIAN BARRIER,DRY,626,N,MICHIGAN AVE,0,3,12,41.89337221,-87.62436142,POINT (-87.624361418497 41.893372214284)
0ac2f876c1ae421805af823648e729cac12b3078fc1e2c6329ca123e2c5c75920b40d656aa318bf3e57dcadcd461917c0d2bf33654c78d6600002da9cc9a889d,12/8/2025 23:00,CLEAR,"DARKNESS, LIGHTED ROAD",ONE-WAY,DRY,200,S,WELLS ST,23,2,12,41.87935629,-87.63390167,POINT (-87.633901665345 41.87935628974)
5be2226c4cb7e80ab0b2bf15944abe80dc661ba14d0f4bc1be425169cef49382eb0d283af18a6b8267e4c7ffedd6f5ba6a00d2fbba604a7bbaad65446b8e8496,12/8/2025 13:20,CLEAR,DAYLIGHT,FOUR WAY,DRY,520,N,MICHIGAN AVE,13,2,12,41.89168852,-87.62430718,POINT (-87.624307178126 41.891688517368)
7a0cb8521312100dd778d59a8521dd4359b1380db88a3b08ca614a3d50f0f6aa31de278e39e24b7fbb0f2343a0b73ababe3c166f7d4fd7f776e066ca8dd6d159,12/8/2025 10:50,CLEAR,DAYLIGHT,ONE-WAY,WET,183,W,MONROE ST,10,2,12,41.88055673,-87.63328151,POINT (-87.633281508253 41.880556729118)