CRASH_RECORD_ID,CRASH_DATE,WEATHER_CONDITION,LIGHTING_CONDITION,TRAFFICWAY_TYPE,ROADWAY_SURFACE_COND,STREET_NO,STREET_DIRECTION,STREET_NAME,CRASH_HOUR,CRASH_DAY_OF_WEEK,CRASH_MONTH,LATITUDE,LONGITUDE,LOCATION
8e40e887e7c23dfc24d7cc31c7ba502532b561270d708efe38ee9f7df76be944f1de4ee85f90854a6e04b9046d3e544f12edadab6219fca678ad1a7198877e18,12/8/2025 10:30,CLEAR,DAYLIGHT,DIVIDED - W/MEDIAN BARRIER,DRY,88,E,WASHINGTON ST,10,2,12,41.88333617,-87.62475132,POINT (-87.62475132354 41.883336170398)
d6f3f63267f1af6d6b18a690d42af8facfb59c63d10c49f26c1ee22a68013ba4597ac4481fd72fdb87e27aafe19af07a7c4ce2da4385cbc30ed9754ec474d5ab,12/8/2025 6:05,CLEAR,DAYLIGHT,ONE-WAY,SNOW OR SLUSH,298,S,CLARK ST,6,2,12,41.87817758,-87.630933,POINT (-87.630932995417 41.878177583164)
600d18c703a9ef29a2afc03749ebdb4bdcce412b38a5d4a54e62e34bb37113974d3332fbe2b18dccb3453ba4722823c769d0773e1e4fe414a7eca21a29d70f41,12/8/2025 6:00,SNOW,UNKNOWN,ALLEY,UNKNOWN,24,W,RANDOLPH ST,6,2,12,41.88459574,-87.62879501,POINT (-87.628795005363 41.884595743949)
494f3b255bfd6fca3916369032f294df362877cec9ab55a35cff9935456ac67dfdc90da85c1e07389a488a6c0a8d3f9c8b045943b228d704fbbb72cc1da94d31,12/7/2025 21:22,SNOW,"DARKNESS, LIGHTED ROAD",NOT DIVIDED,WET,100,S,LAKE SHORE DR SB,21,1,12,41.88085605,-87.61763589,POINT (-87.617635891755 41.880856047671)
c2ce6ee7c7e258591615fc7447a302fa2e7047bedaeeb789f2e3b628b2db5e2b7c0ca364db168c69b5cf86ca9ea1cb096d123a037c074a064824d6859e21977d,12/7/2025 20:00,UNKNOWN,"DARKNESS, LIGHTED ROAD",NOT DIVIDED,UNKNOWN,400,E,RANDOLPH ST,20,1,12,41.88464637,-87.6172485,POINT (-87.617248496239 41.884646365435)
d617980b27a853dbb384803da1533c8ee099c1c51cb58425ad83ab8b845d2453aed82369a62d7d1701c78ab90e0e02e1d4701bbd321eae792fc21b836a4109ad,12/7/2025 15:59,CLEAR,DAYLIGHT,ONE-WAY,SNOW OR SLUSH,148,N,STATE ST,15,1,12,41.88445703,-87.62805681,POINT (-87.628056808092 41.884457026305)
18491defe87e8dd624324e525f4f864f1fab5aec3b6b9e6c7d1951e7c9ade0cf919648cf3132feda1cb2a665351e7d8ec145a043616658b730001c6f652690af,12/7/2025 9:45,SNOW,DAYLIGHT,FOUR WAY,SNOW OR SLUSH,399,E,LOWER WACKER DR,9,1,12,41.88743254,-87.61771557,POINT (-87.61771556853 41.88743254106)
46b8981a149c1ea3622830b3f3e6e57bb8c41aa78d797d3dd74431ce330cd46fbcc7fa3b947a5a75adf70c2caa8e816ee6d79dbc6f0ca4807cbf1c4c522bd091,12/7/2025 9:30,SNOW,DAYLIGHT,PARKING LOT,WET,180,N,FRANKLIN ST,9,1,12,41.88533037,-87.63554786,POINT (-87.635547862219 41.885330374442)
a4f3644fee308ada767aff7dcdede29a43a7b3484f5da23030eb4fb43995b8d1c26f3b3b39d54a9586d9b25dd32d01b2712caee871ac6060946b1fecd8309453,12/7/2025 1:50,SNOW,DARKNESS,NOT DIVIDED,SNOW OR SLUSH,298,E,OHIO ST,1,1,12,41.89270691,-87.62037946,POINT (-87.620379457585 41.892706907075)
cd709e184f962f895655be1b5b93d7049dc2fef5482c02860579daaf6fca25fa88a8bd11e688ba109794826b16568e1d45b2ee6cc7f0363de1af8b3b6efa9d34,12/7/2025 1:45,SNOW,"DARKNESS, LIGHTED ROAD",DIVIDED - W/MEDIAN BARRIER,SNOW OR SLUSH,100,S,LAKE SHORE DR SB,1,1,12,41.88085605,-87.61763589,POINT (-87.617635891755 41.880856047671)
72af802e2112eb162f7f7604ddda1a3ee2cfdc1c4e681887b36e10993055d53adb6e4bb69525e0545c8ae3808a7fe3ef7c68dbc3a8b4f1142e1012e88cf0cc69,12/6/2025 18:00,CLEAR,DARKNESS,NOT DIVIDED,DRY,520,N,WABASH AVE,18,7,12,41.89164444,-87.62686354,POINT (-87.626863540571 41.891644442098)
d43fb7eb84d00c624c8f4f02e79a73b4a194f4a36e5490633d1595589ad30410626ba2bb97e57a0b51fb089bdd254c32aee04999f09034d8c44d4f3188cc7c21,12/6/2025 13:50,CLEAR,DAYLIGHT,DIVIDED - W/MEDIAN (NOT RAISED),DRY,1,E,WACKER DR,13,7,12,41.88670756,-87.62788348,POINT (-87.627883478402 41.88670755507)
853bc9c6b8961c75cf31dead20fe8486f6ff7a1b09dbc95d2c198e0b58bb9104ac2b91adafe272d231e88c549ca71fe8df3872a42d90e3d94e326e222fdc66fc,12/6/2025 11:05,CLOUDY/OVERCAST,DAYLIGHT,NOT DIVIDED,DRY,350,E,LOWER WACKER DR,11,7,12,41.88793204,-87.61835815,POINT (-87.618358145525 41.88793203776)
e5e88dfc2fa7aa29ce8a682eea47c0f86fae6e763065b9b4b50bbd0448a2a1885991bc85395a389e48ebfb37df26e98ca0f608695b548d1539948a0b771160c5,12/6/2025 10:16,CLEAR,DAYLIGHT,ONE-WAY,DRY,151,S,DEARBORN ST,10,7,12,41.87947162,-87.62920537,POINT (-87.629205371621 41.879471616313)
4e451734740ac03137960605b45d377901f3cdc461cabd3cea521e0c63509eca8c6776a2977d0711e51636c55970276ac037d89086c41208f54911e709cafbf7,12/6/2025 8:42,CLOUDY/OVERCAST,DAYLIGHT,FOUR WAY,SNOW OR SLUSH,40,W,GRAND AVE,8,7,12,41.89175706,-87.62957511,POINT (-87.629575106754 41.891757056624)
f6976bad453e24c2ae7ea7bf6c766ffe435e738343967ac2935f8fa2c16b548eebd6829070668afda2dd5012273888c08f703c837b881a7ae8a3ba3cb7e747c7,12/5/2025 20:40,CLEAR,DUSK,DIVIDED - W/MEDIAN (NOT RAISED),UNKNOWN,299,N,WABASH AVE,20,6,12,41.88680859,-87.62619648,POINT (-87.62619648463 41.886808588754)
316cfa146dd6383522c262083499f7634380546f628ae982a57a1ce9b25314d76d04bc79db154917879ac1f53b46efc444e643f0e24d0456cb150ad748584e8c,12/5/2025 16:40,CLEAR,DARKNESS,DIVIDED - W/MEDIAN (NOT RAISED),WET,11,S,LA SALLE ST,16,6,12,41.88164539,-87.63220954,POINT (-87.632209538389 41.881645390828)
250039c77030f8932adee35e5cd6bb03e2424bda7ef850254f291e5d1411999e130a42182d53fc33cfce1097e47bf2eef900408cd682f4059b10ecaae50f1544,12/5/2025 16:00,CLEAR,DUSK,UNKNOWN,UNKNOWN,300,N,WABASH AVE,16,6,12,41.88682489,-87.62649385,POINT (-87.626493854539 41.886824888269)
d319e04847e2ba4b7a223cb12655c87fdfc56c2bf6d6c4bdba2320b9b2847b3ee50c808d4b75a4390a41fdad6bfeb19c6ac3c79ea2b1f023973036036d000648,12/5/2025 15:03,CLEAR,DUSK,NOT DIVIDED,DRY,149,W,MADISON ST,15,6,12,41.88185186,-87.63228383,POINT (-87.632283828911 41.881851862465)
de5971f635ba00163238ac1f666be08a16b9a5d753a1bfde9c1e0d724e69b3edf38bd5430343b061ccf2d25f3475996147906a41c4276cede5d434522cd80955,12/5/2025 14:55,CLEAR,DAYLIGHT,DIVIDED - W/MEDIAN BARRIER,DRY,50,S,LA SALLE ST,14,6,12,41.8807051,-87.63247631,POINT (-87.632476305146 41.880705104318)
5318d8121ef741ea9ebd5ee2a0fc2d99be1f3783de2d1b91f64294663a7b5da0d992c610a174909846e083e0b13907a4e8dc902f4f07c2c0cfae24383fcba3f3,12/5/2025 14:44,CLEAR,"DARKNESS, LIGHTED ROAD",DIVIDED - W/MEDIAN BARRIER,SNOW OR SLUSH,163,N,MICHIGAN AVE,14,6,12,41.88482853,-87.62432462,POINT (-87.624324616808 41.88482852642)
54bb25dd75bbd344fcbdee50de6f045ded408b6df33323b02c2e6d7ecdfe30257b724850b450e4b11f8c6ebe99edf6678637e3595cb78fa4031805f6b826992a,12/5/2025 13:00,CLOUDY/OVERCAST,DAYLIGHT,DIVIDED - W/MEDIAN (NOT RAISED),DRY,221,N,COLUMBUS DR,13,6,12,41.88631251,-87.62054177,POINT (-87.620541769872 41.886312514284)
2b3f1a5ed1c8b61b9e06a3340256cc01c93d51cdc7342421c2444a5b76a88297f694b9c629451d9ce82abc1942efed1ba746ab9088c0957bcb398b24af858247,12/5/2025 12:39,CLEAR,DAYLIGHT,ONE-WAY,DRY,55,W,ILLINOIS ST,12,6,12,41.89071594,-87.63014745,POINT (-87.630147445061 41.890715938888)
d01335343c315010dfbd561d476c8e8092f7dec8851114c955ddbf4f1e95c7caa183f5aa891b30939d41911199cc605b3bb70775d6af25f29762391113d0ee04,12/5/2025 11:05,CLEAR,DAYLIGHT,NOT DIVIDED,DRY,100,E,LAKE ST,11,6,12,41.88586415,-87.62448553,POINT (-87.624485528482 41.88586415331)
8385af0b02c5797401b8bf1c002ca7e08d8f4759cf13918354946e16c013fbc61bd954a0445b5cccb31b0e4cf362e6ead17f530d8288b7c0d376e83907365b9c,12/5/2025 9:28,CLEAR,DAYLIGHT,FOUR WAY,DRY,600,N,MICHIGAN AVE,9,6,12,41.89259323,-87.62433405,POINT (-87.624334047949 41.892593225538)
4572f2be038b34fb11ed57af4a8b42bdf11952f8bc840e4cc15d188d2b0e8e2de88b8de7138bd4a3b271fc360b5a09e68449309d39ce442b3c6d7343ff0b16d4,12/5/2025 9:10,CLEAR,DAYLIGHT,TRAFFIC ROUTE,DRY,72,E,RANDOLPH ST,9,6,12,41.88460784,-87.62524545,POINT (-87.625245448007 41.88460783921)
a31055c754ca67e9d72f214eca4efe1851bd4cdd9ef1075afc025d35668cb041bc56642db8e95645c921821a7601b8f0a6f7f19a954869be93bd3ade78a1a3d6,12/5/2025 9:00,UNKNOWN,UNKNOWN,UNKNOWN,UNKNOWN,55,W,MONROE ST,9,6,12,41.88059896,-87.62990739,POINT (-87.629907390518 41.880598955013)
6a9ac6bfc12c40f44c9c0f992ae8d44404e579e3725878ba822e2546b2e5c0ddeaa7e8e7fb51da8e01e9f8146d04c85dbb12e4840c5b4c97cf9c4b912cbac646,12/5/2025 8:30,CLEAR,DAYLIGHT,DIVIDED - W/MEDIAN (NOT RAISED),DRY,225,W,LOWER WACKER DR,8,6,12,41.88668225,-87.63484868,POINT (-87.634848680286 41.886682251828)
b5bdde6268ef979632b96cff85df044d7e370a83494bf4ceef68e96fe2355a1821de402f054c9c3c9963708c85a599bc98230bcf93dc9fe6db8d6291060d9931,12/5/2025 8:17,CLEAR,DAYLIGHT,ONE-WAY,DRY,500,N,DEARBORN ST,8,6,12,41.89087159,-87.62977599,POINT (-87.629775984993 41.890871592559)
b9f91bba8c1719680599e4f342448813f9a88c1c2aa23e146c1bf3592ca2f45905dd27dafcb3117d87a7c567df057be1743adebce679d1302a05d472a3585bbe,12/5/2025 7:46,CLEAR,DAYLIGHT,FOUR WAY,UNKNOWN,2,W,MONROE ST,7,6,12,41.88085283,-87.62780917,POINT (-87.627809166164 41.880852831827)
0ba45792e31b628afe8c9bff17751b05ac4538be35ed7500a5105cbb2cdb3f10483f4f4f3dd0abe654f85a013b4fda1641cf32e7c50c39f978a43eeee997d848,12/5/2025 7:30,UNKNOWN,UNKNOWN,ONE-WAY,UNKNOWN,405,N,DEARBORN ST,7,6,12,41.8894198,-87.62944581,POINT (-87.629445810492 41.88941980456)
fc7b01168a4981cb4dbccb8dc4716fa525ecf31786bde40bb65b678679e14081c6db01ec90c4e15df53a77b82ea4541bf363c50c3451f17be8e484276c1c1a43,12/5/2025 0:47,CLEAR,"DARKNESS, LIGHTED ROAD",NOT DIVIDED,DRY,166,N,WABASH AVE,0,6,12,41.88502983,-87.62640835,POINT (-87.626408347661 41.885029834626)
27b0871e1f570da4f58c5954ff112027e6a16de2b1b6386acb5c9e2f6f3cc8186b02dbc5e0f433c848427980f49fdbed4674a2eecef1599eedc7aaf795b0bfb9,12/4/2025 21:52,CLEAR,DARKNESS,ONE-WAY,ICE,29,E,MADISON ST,21,5,12,41.88196533,-87.62679322,POINT (-87.626793221594 41.881965330253)
de5ea4a71216ff4deb02cf76d90407139487b51d6890e519fdbf8a370525ec43c2cff4427fb4b563d58157efc5370f006620343b24b9c02f3335aeb3f3f9fe63,12/4/2025 18:30,CLEAR,"DARKNESS, LIGHTED ROAD",ONE-WAY,DRY,400,N,DEARBORN ST,18,5,12,41.88926953,-87.62973533,POINT (-87.629735331044 41.889269528172)
526f4c1b84b67b1d8532438ae0a96fab8efba00d839dd9100592415b286d08798347d9d95b69778d9fb3238eea35cc0bc1320638b1831bb07a7ab1655ec02b87,12/4/2025 18:21,CLEAR,"DARKNESS, LIGHTED ROAD",DIVIDED - W/MEDIAN BARRIER,ICE,345,N,LA SALLE DR,18,5,12,41.88867136,-87.63236325,POINT (-87.632363247916 41.88867135886)
53ea64cfe52953ed171eb0aa7c694c88502777cd58cebeaa7f4cd55891b28061e7712bf4726246476ebd07e8e1c948f8e5b7fcf2bd7d17faa198b2af886f5c94,12/4/2025 18:14,CLEAR,DUSK,NOT DIVIDED,DRY,472,N,WABASH AVE,18,5,12,41.89084751,-87.62683648,POINT (-87.626836483191 41.890847508029)
1ce017298cc793ea00d26d84a12b890a7fef99586d0f01a346aa5a890c329dddb71b33e948694793f14b0dfd2370ed7e39e54cc1a42d2f60de5c4bb5154f4126,12/4/2025 17:44,UNKNOWN,UNKNOWN,ONE-WAY,UNKNOWN,343,N,DEARBORN ST,17,5,12,41.8886949,-87.62942114,POINT (-87.629421144874 41.888694897418)
2444c1b43c5f9597f1ac653ce3e4410fe243b777a4327c0cb10a54064fada861eecb8543203990982c58d2395ce6d95c03dc6a5c774017ccb80fdd0d9eb8ebaf,12/4/2025 17:30,CLEAR,"DARKNESS, LIGHTED ROAD",UNKNOWN,DRY,66,W,ILLINOIS ST,17,5,12,41.8909384,-87.63059033,POINT (-87.630590334568 41.890938396903)
b9ff1db34acd23e2a4711e24cdb3689d75887aedc8580baaee92c3a240e4f691371b1c55fa6d17d5131ea3982cb7289028f40af688ccf77867d2f675b6ad7f1d,12/4/2025 17:28,CLEAR,"DARKNESS, LIGHTED ROAD",DIVIDED - W/MEDIAN BARRIER,SNOW OR SLUSH,122,S,MICHIGAN AVE,17,5,12,41.88026337,-87.62450498,POINT (-87.624504980387 41.880263372185)
867cbdfe738508e5309a9669a7e193b44e694979988d27ea0004fdd3f7806108ee18ce94ef1822ba02ca60433733d4acab686fcf73d34b448d9be42044cebf90,12/4/2025 11:15,CLEAR,DAYLIGHT,ONE-WAY,UNKNOWN,11,E,ILLINOIS ST,11,5,12,41.89076289,-87.62754901,POINT (-87.627549005802 41.890762892533)
efc8d20848571f39447acae7b484d33b6458bea92ceb00da7dfcd9c8925eb20eca13e9c28d64454550db762c79b7b6a50d713a83f7c1faa7c4385786bebe2568,12/4/2025 10:30,CLEAR,DAYLIGHT,FOUR WAY,DRY,300,E,WACKER DR,10,5,12,41.88807333,-87.62059446,POINT (-87.620594461337 41.888073331609)
45df4d5272091a1dd76821334893a73cfb6ebf07a19762c970ed9da28469a5f8afe4af503ba97fae5cfdf6f49272569d625905c15ba69ce2741695ed1091f1b1,12/4/2025 9:00,CLEAR,DAYLIGHT,ONE-WAY,SNOW OR SLUSH,76,E,MADISON ST,9,5,12,41.88220949,-87.62510403,POINT (-87.625104034677 41.882209487359)
ea6fe1561a6d52390f823948fd570c559d26d039669043c64fc0ef1fa0c02ceae6d1c1090e8b2450911f3863fbdd3c45cbb8202f2db44a8744b63fb8ff99db7e,12/4/2025 7:03,CLEAR,DAYLIGHT,FOUR WAY,DRY,299,E,GRAND AVE,7,5,12,41.89169236,-87.62029077,POINT (-87.62029076672 41.891692362595)
95800795205a170277f4c59bfe77a198807d0ff61aacf0112ad923cbfe951944627c0e198d26f4d136ab4afca33ae990530a469bb5d55a4cc574b7866351d4d4,12/4/2025 1:20,SNOW,"DARKNESS, LIGHTED ROAD",FOUR WAY,SNOW OR SLUSH,150,N,MICHIGAN AVE,1,5,12,41.88453096,-87.62460204,POINT (-87.624602044601 41.884530963783)
5b46ff3493e842c920f85caef75f7d127ec7b2e56600dc40b1f41e70906ca4498b646392a49d0c1b3611600c541450d73f5a082fee57a4edbfc3e8e69b81506a,12/3/2025 23:00,UNKNOWN,UNKNOWN,PARKING LOT,UNKNOWN,181,N,DEARBORN ST,23,4,12,41.88535046,-87.62933739,POINT (-87.62933739296 41.88535046357)
6e33cf8c7e5f2f3ad2e442efb1622b0894a572698d7d671219dae0d4ec37f1b5ba6461014a601bb50e808f0c3ae3ce60a898e39bbf3ef05a8b0722c9cebf08a8,12/3/2025 18:52,CLEAR,"DARKNESS, LIGHTED ROAD",T-INTERSECTION,DRY,153,N,LAKE SHORE DR NB,18,4,12,41.88447427,-87.61356137,POINT (-87.613561367179 41.88447427434)
6d2218207c1be32ee972573c1599a0a69b3e2198487ed3cdea4e431ed6a51aafe74890598b3dbb54c9b1a7f7b8f85f88eb6b88668e542872acaf83e06ff0ee91,12/3/2025 16:54,CLEAR,DAYLIGHT,DIVIDED - W/MEDIAN BARRIER,WET,3,N,MICHIGAN AVE,16,4,12,41.88221061,-87.6242217,POINT (-87.624221698439 41.882210612267)
ec9d6f19f724ce81dab33175ab5195c0a7c46a5e99974047e2a517f14ddb855b5ffb4a8cde91ed56d788172bf5f1f112c75c5c523454a4a4268425c9bcb8d956,12/3/2025 16:45,SNOW,UNKNOWN,DIVIDED - W/MEDIAN BARRIER,SNOW OR SLUSH,150,N,MICHIGAN AVE,16,4,12,41.88453096,-87.62460204,POINT (-87.624602044601 41.884530963783)
b3f47d673c02d77a965387aa2b5abd2319f39b66d6df8f09b0872398958048d737259493f3bf62adc8b8397fa61bbef7482d7febdee8a2f1a96292054920e9ed,12/3/2025 16:37,CLEAR,"DARKNESS, LIGHTED ROAD",OTHER,SNOW OR SLUSH,363,E,LOWER WACKER DR,16,4,12,41.88743671,-87.61787617,POINT (-87.617876173543 41.88743670771)
cdf3651b326649031916aeeecaee48d6b32fcfecf4c2e8a74fd93d37c9c175f04b32ac945588011d550e6044705c704f33b04b9a2a32d77faef29269064fce72,12/3/2025 16:25,CLEAR,"DARKNESS, LIGHTED ROAD",ONE-WAY,SNOW OR SLUSH,80,E,MADISON ST,16,4,12,41.88221128,-87.62497917,POINT (-87.624979172566 41.882211283011)
9df1359fb201c95824af42ebce09e7b5486969007449d3b0cb187a1c9fbb4295d8b2ce1127c677d51ee8c77426f57347ea2f792d000254b3908e23df555993af,12/3/2025 15:36,SNOW,DUSK,DIVIDED - W/MEDIAN (NOT RAISED),WET,122,W,KINZIE ST,15,4,12,41.88930482,-87.63210437,POINT (-87.632104373943 41.889304819862)
1ce6b618e22d3abe4589385d7beb53fdcb22057f06c307cbe711dc738a44e7444312bcb5ede51770d27b70341c16084fdace794c694d1310aea6e36fb97e9d26,12/3/2025 15:30,SNOW,DAYLIGHT,NOT DIVIDED,WET,100,E,IDA B WELLS DR,15,4,12,41.87583508,-87.62421289,POINT (-87.624212886292 41.875835081627)
5830452087556bb36719548363786a7cf8d0226867a660f821c4bd0c3e7c6c0ca428b84592c96299a03918b0d1d4f71af0b9fcfe68fd283510c59b9402460883,12/3/2025 12:20,SNOW,DAYLIGHT,ONE-WAY,WET,415,N,LOWER MICHIGAN AVE,12,4,12,41.88978913,-87.62402077,POINT (-87.624020765096 41.889789134759)
7b9b6ef7cb242fb6847c5db17aabe5edc9c1e0b11bc406a4ee05fb64c41dff070547a34007d2a0bbc82e9347860a703284b47ee2df967c1ada930fed9bc02574,12/3/2025 12:00,SNOW,DAYLIGHT,ONE-WAY,WET,210,S,CLARK ST,12,4,12,41.87906621,-87.63095736,POINT (-87.630957357324 41.879066209102)
e6ace5e232f7cb7b2e735318b0a19b320f396f4c1b83e1e03ba08790d0c76522cfac07a7cba89115222f40274c830557e015f8f7b650fdf99c934790ca75dbe3,12/3/2025 11:01,SNOW,DAYLIGHT,ONE-WAY,SNOW OR SLUSH,199,W,WASHINGTON ST,11,4,12,41.88309981,-87.63378834,POINT (-87.633788338434 41.883099809817)
211584c821f42ad68f34674e7ba355bd0581cb40157d2f7183966f208bb49d24ac59d96b67cdcf83a16865c344571fa4a75c9c11861a2982b189cb9d8582b514,12/3/2025 9:26,CLOUDY/OVERCAST,DAYLIGHT,ONE-WAY,SNOW OR SLUSH,78,E,WASHINGTON ST,9,4,12,41.88333428,-87.62505014,POINT (-87.625050135114 41.883334279294)
942271456501beaa83f05af3ca0de526d717f31201f757a74d8aa7d9fd7ffa5a32dff528fa1d4b0eea34fc01ddc7a410630d689aca87e962858be030114ed9eb,12/3/2025 6:50,CLEAR,DAYLIGHT,DIVIDED - W/MEDIAN BARRIER,DRY,600,N,MICHIGAN AVE,6,4,12,41.89259323,-87.62433405,POINT (-87.624334047949 41.892593225538)
68d797495d3f8b0bb6d78e81035e48121a676b04dd5a1d8e5e381483966a2d5dc82c33ad56e0e923c25ed83f8b8b045265f7f8a75a4db6bf62a310ca871b6e9d,12/2/2025 20:40,SNOW,"DARKNESS, LIGHTED ROAD",NOT DIVIDED,WET,412,N,CLARK ST,20,3,12,41.88968728,-87.6312191,POINT (-87.63121909812 41.88968727652)
515e64df818e4f8b3996981b60f76e54fd68727dc5339a927f23982e67ac734023a6fbb2e458f01cc22211803c7f337ec214de15bfd5032dba183bcbde81a303,12/2/2025 16:42,UNKNOWN,UNKNOWN,UNKNOWN INTERSECTION TYPE,UNKNOWN,20,E,RANDOLPH ST,16,3,12,41.88460285,-87.62718694,POINT (-87.627186940196 41.884602854888)
9e54c1e05b7961ebd91e984cc2308235d351330e826e6bd02172148ab8a997742ebd442b7497d6ad86a20aeaa9d0a83c71d2e333c768331768f270fa2f266e54,12/2/2025 14:50,CLEAR,DAYLIGHT,NOT DIVIDED,SNOW OR SLUSH,423,S,DEARBORN ST,14,3,12,41.87633486,-87.62910128,POINT (-87.629101279624 41.876334864914)
6bc5c6a52105138c72a37ae2aa0937bb1534b7ca73235d5899e3fa41b678a5ac33195472f990304e365947589c96df8b868f597d0acabc94969745bd36ccbd95,12/2/2025 7:50,UNKNOWN,UNKNOWN,UNKNOWN,UNKNOWN,5,S,MICHIGAN AVE,7,3,12,41.88195229,-87.62421468,POINT (-87.624214675714 41.881952294825)
38a7a336c3fea03af40455182bb3c50140c80cb7520978fa352cc328feddbabc259dd975be441d30a96fc8430e990d63d2218a1df9dd2537445f95caebfcd730,12/2/2025 6:00,CLEAR,DAWN,NOT DIVIDED,WET,203,N,WABASH AVE,6,3,12,41.88582829,-87.62613826,POINT (-87.626138262488 41.885828292802)
abffa609838a5198970ac9f660c5982f1e8ad15d888eac68bc08a2a27785a5ae9edbb9c70c95e62a5fbd62de33cc41b625ddd94a96d5d566aad00949dfdf6abd,12/1/2025 11:55,CLEAR,DAYLIGHT,NOT DIVIDED,WET,300,S,LAKE SHORE DR SB,11,2,12,41.87831013,-87.6175759,POINT (-87.617575903416 41.878310134581)
2461424886ab44c1a91fa9363586da84d8b71a4afb986c8120aae989950a7f8222484209a9e994e1129f9beebf3e056148d3c0ff7ed5db2b587031a234797595,12/1/2025 10:53,CLOUDY/OVERCAST,DAYLIGHT,OTHER,SNOW OR SLUSH,218,N,POST PL,10,2,12,41.88625252,-87.63491569,POINT (-87.634915686544 41.886252519099)
75374860fff60c61947663c7dddb9cbbaf5046f59cfdcb999e396ec4fcd062e7e6887cfdb615169e598bea044e5ccbeedd8aeda5205a91c8d1199052daf6d153,12/1/2025 10:30,SNOW,DAYLIGHT,DIVIDED - W/MEDIAN (NOT RAISED),WET,71,E,IDA B WELLS DR,10,2,12,41.87559908,-87.62496631,POINT (-87.62496630597 41.875599078601)
93cb25acedd27d3a2d9889f80a14fb1b24058fb5b1cd12ecf505bc5d521876c3db7e4cdb554a811485459c05715e1d0721b43cab39522b26ef94173426ff55ee,12/1/2025 10:07,UNKNOWN,"DARKNESS, LIGHTED ROAD",DIVIDED - W/MEDIAN BARRIER,UNKNOWN,481,E,LOWER WACKER DR,10,2,12,41.88726473,-87.61616064,POINT (-87.616160644141 41.887264728106)
c3eeac53af901fba4df4efc6da2436a03949ea7143adf1ac1372af21e66cea849e47739061bf7e34ca5ee248780e76d64dc798c7df84f42f3661922f00021dac,12/1/2025 10:07,CLEAR,DAYLIGHT,DIVIDED - W/MEDIAN (NOT RAISED),DRY,300,S,COLUMBUS DR,10,2,12,41.87826558,-87.6208223,POINT (-87.620822302974 41.878265577833)
c20850c41bc344238a6b27d6ccd2eb8153bc9022e7471a01aad58416b328ccf4b719c23129185f65cd1eb67e1a7ec83e7385e747aab48a3039d614abd0a4cec5,11/30/2025 18:45,UNKNOWN,"DARKNESS, LIGHTED ROAD",ONE-WAY,UNKNOWN,96,E,ILLINOIS ST,18,1,11,41.89102306,-87.62541861,POINT (-87.625418609752 41.891023061681)
0fc9d6d2ec5eee2a9274cda2683e4d752789de4038ff57b325aed3236093e2a8683aa0675c88f7e66107f07c5e2054164e9316c7b205172306a31923c5586168,11/30/2025 18:23,OTHER,"DARKNESS, LIGHTED ROAD",FOUR WAY,WET,306,N,CLARK ST,18,1,11,41.88767132,-87.63117461,POINT (-87.631174607815 41.887671319482)
d29be3932c3b069f779b3074e4c0b7326604609c135606ec54922a24cf1cf3ec8a8217c567ab478cb0dd26846c5c54b81dd2b9d04b83818aca1ff97359c2d906,11/30/2025 17:00,SNOW,DARKNESS,DIVIDED - W/MEDIAN BARRIER,WET,11,N,MICHIGAN AVE,17,1,11,41.88238074,-87.62422863,POINT (-87.624228631362 41.882380740887)
96b8035adde16ca961196ea262f4ff31bb151d44dc5d25424e7b167ce36e4aa93446ffb2272d54d6436d567c7d24882bdc1292254774892abd92af385f2e33fe,11/30/2025 15:49,CLEAR,DAYLIGHT,FOUR WAY,WET,2,S,STATE ST,15,1,11,41.88196032,-87.62793728,POINT (-87.627937278925 41.881960316027)
4061b4bce8c67aab88e160e3a87b65a93f537b5193943f9c655a1b7094fb398c61233c1d3cd95662f48df86009090b1acb5bc0d396c8733b509b6743447c849c,11/30/2025 8:30,CLEAR,"DARKNESS, LIGHTED ROAD",ONE-WAY,SNOW OR SLUSH,195,N,HARBOR DR,8,1,11,41.88617728,-87.6155996,POINT (-87.615599601149 41.886177280566)
4fe6c3e0c2383e41d219e8ca3fcbba87b7e38a316ac47b40f085c256e4567cf7734d8aebb7671c7f0f82d06a1fa4719d71d801be50bfc6dc7ea9cc00bb92b46e,11/29/2025 13:11,SNOW,DUSK,ONE-WAY,SNOW OR SLUSH,62,E,OHIO ST,13,7,11,41.89262709,-87.62564096,POINT (-87.62564096304 41.892627085224)