CRASH_RECORD_ID,CRASH_DATE,WEATHER_CONDITION,LIGHTING_CONDITION,TRAFFICWAY_TYPE,ROADWAY_SURFACE_COND,STREET_NO,STREET_DIRECTION,STREET_NAME,CRASH_HOUR,CRASH_DAY_OF_WEEK,CRASH_MONTH,LATITUDE,LONGITUDE,LOCATION
eb7a680068ef0e739ce78c7c4687bdd32a52918b9e9868ab727f17cf066fd9dfc78223e3c49a8bcb02e1cc79186643c175f85f2bcb424ee4736dfe7de1673aa4,11/29/2025 12:45,SNOW,DAYLIGHT,NOT DIVIDED,SNOW OR SLUSH,168,W,KINZIE ST,12,7,11,41.88927737,-87.63384571,POINT (-87.633845709816 41.889277368929)
55159867ad0a061a8f4b6737ceb770270bf6d1fa70bc22c6129300bcbe1cc72ec92c0103360ced5af1c297d01ea74782e8e3963c8bbef5d788ba41812de86872,11/29/2025 8:06,SNOW,DAYLIGHT,FOUR WAY,SNOW OR SLUSH,99,N,FRANKLIN ST,8,7,11,41.88317627,-87.63519482,POINT (-87.635194817034 41.883176266755)
e5bf4b7050d7d151bdb86c35cc1d7fcfb04451fbd7095da027a75db3cefef6d54cab72c9680dad6460e5fa8cad88249b1b5ce01be7499ffb291787e357fe0f12,11/29/2025 2:00,CLEAR,"DARKNESS, LIGHTED ROAD",ONE-WAY,UNKNOWN,116,W,ILLINOIS ST,2,7,11,41.89092004,-87.63187853,POINT (-87.631878529658 41.89092003779)
3e7528665ed78069db363c5764399ae6135faf76f92d136175a847f3ddc8b56ce7a0359c0af398e48c36709d3704cdea84a67ce141c6b2fd6c9ba68e177e3bdb,11/28/2025 22:06,CLEAR,"DARKNESS, LIGHTED ROAD",ONE-WAY,DRY,140,S,LAKE SHORE DR SB,22,6,11,41.87993749,-87.61761553,POINT (-87.617615527096 41.879937494112)
37862850c09bbb43fbfcb8989e0ac7ccb27aa9324a49727dea5285dfee558bba3fd5d7a96144f2d0456ab3052ffa8fe4134096b12788526703c26e6367172747,11/28/2025 21:28,CLEAR,DARKNESS,NOT DIVIDED,DRY,98,N,STATE ST,21,6,11,41.8831577,-87.62801553,POINT (-87.628015529251 41.883157700149)
add1e7125712089713304c4879a024cd9ca898fa41ddec1a08acc7e15e5af91410c2194521a0a090deeb431c2943533d5a74df37fa09113827306e2ecec34012,11/28/2025 19:32,CLEAR,DAYLIGHT,NOT DIVIDED,DRY,100,N,STATE ST,19,6,11,41.88324838,-87.62801718,POINT (-87.628017180253 41.883248379666)
7f5746358b8ed028528e2eaa8e8363f6a5b4865f0f2b7d5aa1025ccddd31681d50db569364baa48007262a049a591e25a2e6199a4d5049eee6053a86cf818eda,11/28/2025 19:07,CLEAR,"DARKNESS, LIGHTED ROAD",NOT DIVIDED,DRY,401,N,MICHIGAN AVE,19,6,11,41.88935425,-87.62410246,POINT (-87.624102456243 41.889354251928)
a3d5b5328c139402db82f704c74cb3f604bf393f9b618c8b7460278ee9b19b21847fbbd4424cb8721da298d01111379ffa520155141bbacdf2e3619c1ada1ff3,11/28/2025 18:38,CLEAR,DAWN,NOT DIVIDED,DRY,298,S,CLARK ST,18,6,11,41.87817758,-87.630933,POINT (-87.630932995417 41.878177583164)
71f32972e5ce1b3289772312990409e8e76070b61118aba6b04ea9397d2600a8138ff215f2b275a88f593f253d12ec22ac2ea7cd333013166568b362db0f544c,11/28/2025 18:20,CLEAR,DARKNESS,TRAFFIC ROUTE,DRY,125,E,MONROE DR,18,6,11,41.88072879,-87.62344449,POINT (-87.623444488102 41.880728794265)
5bbc2a0c3c1abc46586f37c321883c8c97252c74c627c5df173180c85d6535a5def8300a878564b0554919fadf3815056cc6af59ccc17944968b9559aeba8d11,11/28/2025 15:15,CLEAR,DAYLIGHT,DIVIDED - W/MEDIAN (NOT RAISED),DRY,111,N,STATE ST,15,6,11,41.88347312,-87.62772975,POINT (-87.627729750029 41.883473122413)
11f910f9609362476fd71a0c6e6c6c944c2b198ecd27b70f55a38d320b1f25a7df1b0f954e40dd16013937c19887fe07b664d1c46ef886334a984b082b5c9b8f,11/28/2025 12:37,CLEAR,DAYLIGHT,FOUR WAY,DRY,501,S,CONGRESS PLAZA DR,12,6,11,41.87565212,-87.62311792,POINT (-87.623117918284 41.875652121458)
8cba4abdc3f53edc8c00f209081836e74c64d526ef9605150eb9f594a2e961c40a914b807e52f5c545eb1f78393f752132b617fa15f2761e0fb8d0c75e79f41f,11/28/2025 9:53,CLEAR,DAYLIGHT,ONE-WAY,DRY,9,W,KINZIE ST,9,6,11,41.88913727,-87.62843006,POINT (-87.628430059843 41.889137270566)
752d51dcc378d03ed68169aa4f5c43bcd29bc25f21f57d2603b048336585676c9421bef13739f14ca03b1b68fafe2c54bf6e2aa3deea8e121b11088c54c9c82e,11/27/2025 21:08,CLEAR,"DARKNESS, LIGHTED ROAD",NOT DIVIDED,DRY,100,E,IDA B WELLS DR,21,5,11,41.87583508,-87.62421289,POINT (-87.624212886292 41.875835081627)
77b47a053c3feb69a03eba0db26f7b7353ffce8a07cd306ea56fd9a6fb619f82265cfea8563a8b5d1c871a87d50939f90a5495cca7cbbeb8f7314f93667cd0cf,11/27/2025 14:43,CLEAR,DAYLIGHT,T-INTERSECTION,DRY,438,N,ST CLAIR ST,14,5,11,41.8904212,-87.62190667,POINT (-87.621906669672 41.890421197688)
fbcf2f55ec87e8bbdce4dd3c2f5c380f53be6ae990984039dcb53fbc3254bb9ede3460b4bca97b69da70cdf9ef0c523d46189986179c0d953046f93a8d18c830,11/27/2025 8:00,UNKNOWN,UNKNOWN,UNKNOWN,UNKNOWN,71,E,WACKER DR,8,5,11,41.88775652,-87.62551819,POINT (-87.625518191614 41.887756522735)
1ce0881a76bbcb28e9c27823cf1bfc91f6354c470878ce60e46d15b1846c5e53e1e7d4e30fc3abb5b5b476e677259218b0755d776841df232be6d32b583a39ca,11/26/2025 18:32,CLEAR,DARKNESS,ONE-WAY,UNKNOWN,200,S,WABASH AVE,18,4,11,41.87945489,-87.62627047,POINT (-87.626270474892 41.879454893952)
cd76e53247c8c8f166e78fccd13593fed7d6fba9ac676c75f9e06710b72adc3f6fcd165fe527592394a0587f62e71ace5ffc749e275813468d11ed29669d48a3,11/26/2025 18:30,UNKNOWN,UNKNOWN,NOT DIVIDED,UNKNOWN,455,N,PARK DR,18,4,11,41.89021914,-87.61945866,POINT (-87.619458663416 41.890219142248)
53c24a4291b014dbd536fa788e941c396e8e077f5cd73230f345d2e035a92dde56fa9aa1a67c8fd03b1c757464d2b333e9dcb75f564c6f300400ca4d4a29d97a,11/26/2025 14:00,CLEAR,DAYLIGHT,DIVIDED - W/MEDIAN BARRIER,UNKNOWN,221,N,MICHIGAN AVE,14,4,11,41.88628239,-87.62438018,POINT (-87.624380179963 41.886282391851)
5aa0d34aafd90f65b7d7e444c342915bea9c4a9272fea1a617255dcaf5a7051cd9393b94ed3aba3c17718848ebcd13129bc4dba718f125689ada15b0e6be3012,11/26/2025 13:15,CLOUDY/OVERCAST,DAYLIGHT,DIVIDED - W/MEDIAN (NOT RAISED),DRY,606,N,STATE ST,13,4,11,41.8926735,-87.62825453,POINT (-87.628254530191 41.892673497328)
a8b8d2120e4808aaa90ff5977203c6ab317568aafb1203bfcff376a2f9547b25836aed937f7ff6cf3c964c044131016ec8de9fe0681c51bb5bb39b684073cfbd,11/26/2025 11:20,UNKNOWN,DAYLIGHT,DIVIDED - W/MEDIAN (NOT RAISED),UNKNOWN,30,N,LA SALLE ST,11,4,11,41.88269467,-87.63253143,POINT (-87.632531426661 41.882694668611)
e45052299460f13f0e88e51dcfbb3b772e14caf57c6395e07317c5bb9fd0834306a0b8b84f8bbf3086dfc4ffcc4481639ea481c431fb2cd88f01de1b860f5d5e,11/25/2025 17:40,CLEAR,DUSK,NOT DIVIDED,DRY,111,W,KINZIE ST,17,3,11,41.88909518,-87.63156942,POINT (-87.631569424082 41.88909517779)
b82e0a9fe356938ccec18d4cea9d14f3d055897bc0805077872e46e455e6dbac2b475759c499cb500d195078a42714ff10509a90beab9ff18fbd48d700b85823,11/25/2025 16:02,CLEAR,DARKNESS,TRAFFIC ROUTE,DRY,10,S,DEARBORN ST,16,3,11,41.88180696,-87.62954312,POINT (-87.629543115394 41.881806960065)
26be6d3785a9f60b933fe1e89daefd3a85a9aa1ce89dbf9d9b80710b3d4584949e9e8af757a23ce711f76e2f2ed357b20998ec3b3c8709d28c40bbaf9ea879e4,11/25/2025 15:58,CLEAR,"DARKNESS, LIGHTED ROAD",ONE-WAY,DRY,220,N,CLARK ST,15,3,11,41.88631513,-87.63113659,POINT (-87.631136594132 41.886315131993)
95c5b011f0192ad7ad40abb723e61035201baa87d41f7b8018edc89be66753ab26a4289ba475a0b3653d3be70297ccd54bbf3f10e2343c74cd3f83d63b8c25ba,11/25/2025 15:37,CLEAR,DAYLIGHT,NOT DIVIDED,DRY,301,S,LAKE SHORE DR NB,15,3,11,41.87831701,-87.61705213,POINT (-87.617052125371 41.878317010667)
84a1249c580e360135d8ce83e8d2af7a273e14b868d60f8343bfaf7dbf76b77d764ea3333808bb35f3dddb7cbcf5ddde6c3471755b599effe1f4f50f2611a423,11/25/2025 13:10,CLEAR,DAYLIGHT,PARKING LOT,DRY,400,S,STATE ST,13,3,11,41.87686253,-87.62779697,POINT (-87.627796970132 41.876862529588)
cb2560cfcbbc4f5acdbc6d08a47b7d15e4de973e87b7096a3c875d5f47fd503fa3952b30d40fb6e7e94a07d60d8aeb2da07d88f71cd1504d1b992c2690f002af,11/25/2025 8:53,RAIN,DAYLIGHT,DIVIDED - W/MEDIAN BARRIER,WET,401,N,MICHIGAN AVE,8,3,11,41.88935425,-87.62410246,POINT (-87.624102456243 41.889354251928)
3b456d637bee330c118dca65c97b295055ac2b3adfb11074911a937d9160e264922d3a5f84c6c0bcf7a7ff23e334742c4c8734f67224898e37c906c58e9a79a5,11/24/2025 23:00,CLEAR,"DARKNESS, LIGHTED ROAD",NOT DIVIDED,WET,200,N,WABASH AVE,23,2,11,41.88575742,-87.62642637,POINT (-87.626426369268 41.88575741772)
96c640d272e21d5a0ae5fc327950103bd49f9b1f2fc70bcda8393b64f5f32825ba859c39f656245de2ce7fd60dd88d94a80eeddba4c6acd9b900bc985b6238e0,11/24/2025 21:09,CLEAR,"DARKNESS, LIGHTED ROAD",DIVIDED - W/MEDIAN BARRIER,WET,153,N,LAKE SHORE DR SB,21,2,11,41.88447427,-87.61356137,POINT (-87.613561367179 41.88447427434)
2b96ade461ed9a65dddee5d2587c7338650a09a79e5c2129ac2d844fc8dc2261de0ad06f7704f2996d216124649de32eee23d5b16ee65caf739fe6f03bde3b3d,11/24/2025 19:00,CLEAR,"DARKNESS, LIGHTED ROAD",ONE-WAY,DRY,512,N,MC CLURG CT,19,2,11,41.89151789,-87.61783052,POINT (-87.617830522582 41.891517894531)
e17b283e815692645aad6deba7d4899b77cb0cbde36b44312ee2e1d4682f5e1b964bd6fc89e2259d665ea4d6772349d859da65e6b3ca56789bdf20add6f4d004,11/24/2025 17:40,CLEAR,DARKNESS,DIVIDED - W/MEDIAN (NOT RAISED),WET,2,N,STATE ST,17,2,11,41.88208275,-87.62796365,POINT (-87.627963646408 41.882082751744)
0f3a8ded348892888b4c90e84785e3a86e42a8541496da7750b2f08fb85c5fa9da80e47f59656f90033e8989fef35957732047e8e30d2cb45942864b0626d95f,11/24/2025 16:40,RAIN,"DARKNESS, LIGHTED ROAD",ONE-WAY,WET,205,E,RANDOLPH ST,16,2,11,41.88416697,-87.62211329,POINT (-87.622113293782 41.884166968108)
23856f61f526dea0fb125757495b741f0b7ec593888f6e8c6d56eeebde6e02b6a45bdf0db2e366bc8440522dd7dbc62c372e722d9b12b050b3d3eafab340b8cc,11/24/2025 16:30,RAIN,"DARKNESS, LIGHTED ROAD",FOUR WAY,WET,344,N,MICHIGAN AVE,16,2,11,41.88778871,-87.6247054,POINT (-87.624705404554 41.887788711982)
035a6f3a76e635db24917e0f387e65ab205caf2fdd5144746ccd277635aa5a4140f6086fa557af88722be85dcb67ad2620021b5eea66add8306f7b40606226bf,11/24/2025 11:11,CLEAR,DAYLIGHT,ONE-WAY,DRY,214,W,WASHINGTON ST,11,2,11,41.88331976,-87.63432403,POINT (-87.634324029873 41.883319755611)
21780113b0997f8c0d71c08f731379b850193ecb9d7cf7f5b78d8ff004c7e6d00c57aabd34abf625dc7b2b1b1eab45707172b313a74e9f0aa9cd4c48c171c131,11/24/2025 9:30,CLEAR,DAYLIGHT,ALLEY,DRY,24,S,MICHIGAN AVE,9,2,11,41.88151441,-87.6244956,POINT (-87.624495596028 41.881514411227)
feaa259ca47fbd5c96f82457f9c22ff84d4f6a64cd6cea8542f795299036f574d1ae99cfa4dad4d1573f820a4c491f56b677450777518863eb29599d9f72588d,11/24/2025 8:55,CLEAR,DAYLIGHT,FOUR WAY,DRY,55,E,GRAND AVE,8,2,11,41.89159074,-87.62586714,POINT (-87.625867137245 41.891590741084)
7b48a0ccb1749fd2cb0cc94be4f1521710f3d949ae60574f70f5092e00bf9e0d24c983841b2e8f26a006b2159b06b5ff25845db2cd9ef6b942d24aa89f3bec21,11/24/2025 7:20,CLEAR,DAYLIGHT,PARKING LOT,DRY,614,N,ST CLAIR ST,7,2,11,41.89310239,-87.6228591,POINT (-87.622859097206 41.893102386317)
c30164d04d201f81bacee38db4700addeb4aa7f69a4ea87af00227615ad78c6f2120385a7a0a0bef714d98774f8c4241b4d060278e70fa32f9bc42f948a447ae,11/24/2025 6:06,CLEAR,DAYLIGHT,FOUR WAY,DRY,2,E,JACKSON BLVD,6,2,11,41.87830109,-87.62767951,POINT (-87.627679513672 41.878301092374)
c380e78f634c472e0f9e9f2235b1ce546070516e3eba1708ad712e9d685984ff24f05c41b287023a0180a3e425b3e6d478702bc501b8338a586bce07d576ce74,11/23/2025 20:58,CLEAR,"DARKNESS, LIGHTED ROAD",OTHER,DRY,320,N,STATE ST,20,1,11,41.88809439,-87.62817229,POINT (-87.628172289373 41.888094389926)
2bf4420ee253fb7f5279b1e511b47bfb4a1696b60763eaa18504a7215475808ca2d51a28222fe09aab7970cc08e0fec5891ef6bc585b27817cbb83522e4ea139,11/23/2025 18:38,CLEAR,"DARKNESS, LIGHTED ROAD",DIVIDED - W/MEDIAN (NOT RAISED),UNKNOWN,303,E,LOWER WACKER DR,18,1,11,41.88766406,-87.62048728,POINT (-87.620487275058 41.887664056276)
2c04b38ecccf132b87b0d6dec63578fec4e553a33cf5cd43ac2e4c8813e500da3e7abd5c90ae50b0c43bf08662dcd8d7c7b23ecc8c0ec3704e25c99770653c77,11/23/2025 18:30,UNKNOWN,"DARKNESS, LIGHTED ROAD",DIVIDED - W/MEDIAN (NOT RAISED),UNKNOWN,500,N,COLUMBUS DR,18,1,11,41.89104457,-87.62037184,POINT (-87.620371839074 41.891044569124)
5931907c02965c987a635fd5abb080f2f5511b3b93a200d4cfd84b1f0a4db63f0cebd2b410245b6098c61f681cf6aa4c87314f5d54cdc7c8d2613f9c5d7b86a3,11/23/2025 11:50,CLEAR,DAYLIGHT,ONE-WAY,DRY,71,E,WASHINGTON ST,11,1,11,41.88311409,-87.62529063,POINT (-87.625290630669 41.883114092137)
b4c58305fb7e625e8e41c72cb7c62d13c2c42b3d33f5af2d1c8a4b0507d06ce7cc93b25742a9506a0b58935c02c44f901579d1fb56d1b29c7da10b248b5d9faf,11/23/2025 10:40,CLEAR,DAYLIGHT,ONE-WAY,DRY,101,W,WASHINGTON ST,10,1,11,41.88310098,-87.63098188,POINT (-87.630981878887 41.88310098165)
8a42d00d58726a3054d53466e9eeed7af9b814a58e602eada8eb447150517f0daa36721be65d698fd6c1f02f078aa71893a586ab923a2d4abb8a3917f276754d,11/23/2025 4:30,CLEAR,"DARKNESS, LIGHTED ROAD",ONE-WAY,DRY,1,W,WASHINGTON ST,4,1,11,41.88310863,-87.62794877,POINT (-87.627948770804 41.883108627267)
b2c83029c1053b8039067cf5706caf8091df84714afac485e0b900b15a67a0c20e3c2d75f38f1240be0a0ee9f3d094e66ed021a878fd68cb2dd7e008df442690,11/23/2025 2:00,CLEAR,"DARKNESS, LIGHTED ROAD",DIVIDED - W/MEDIAN BARRIER,DRY,1,W,WACKER DR,2,1,11,41.88670423,-87.62805356,POINT (-87.62805355978 41.886704228647)
9a1bfd997fc5828261603ee13860d5c281f5e1b676ba01a9542a0df0c607d72b9021cd5ca35687eefbc2c01b498b77229cf891c27c152bf16bd88730495acdbe,11/22/2025 22:40,CLEAR,"DARKNESS, LIGHTED ROAD",OTHER,DRY,500,N,LA SALLE DR,22,7,11,41.89084146,-87.63270628,POINT (-87.632706277654 41.890841457198)
690036e35237bae2d65899ec7406870deb1c935c7ebd5462328b4fb8951ec134cc4dd19a230a7e33756c30bc7864d2ee642f17c080cc37aa6e3f6c81e8f6aa81,11/22/2025 21:45,CLEAR,"DARKNESS, LIGHTED ROAD",NOT DIVIDED,DRY,159,E,MONROE DR,21,7,11,41.88073952,-87.6227001,POINT (-87.622700100468 41.880739518306)
465827a155a09fceccbc80da679745aba8c81003287fa096f7d536a50d57ebc620a2a55610f16b72cc2d8035b3d57c79b82394bd3df5022a69bea2db56d1be7b,11/22/2025 21:00,UNKNOWN,UNKNOWN,FOUR WAY,UNKNOWN,55,E,GRAND AVE,21,7,11,41.89159074,-87.62586714,POINT (-87.625867137245 41.891590741084)
47e7742431e2c625dff186da6f97f24688d1bb82b62c7673616e90a15017f749611c54b1cb3e4265611e9487f2545323e8ffe054bc01bb98c657ea886ed7b5cc,11/22/2025 21:00,CLEAR,DARKNESS,NOT DIVIDED,DRY,65,E,ILLINOIS ST,21,7,11,41.89080356,-87.62541417,POINT (-87.62541416632 41.890803555257)
4846239586e01452ff52d2367a65b6560d2c01b07302c096d5716f4fe1c92f889c991d9e0c0764e418789e306513bd2aa4e84b251fee20e1d5e7c512c3a9e581,11/22/2025 20:40,RAIN,DUSK,NOT DIVIDED,DRY,499,N,MC CLURG CT,20,7,11,41.89097662,-87.61751971,POINT (-87.61751971069 41.890976620966)
4d6a1c837b107ccabd919b821f447922613050c8632d719291040cd82951755bb5c4f70006873dd7a088eb9bd0db69d3d47c0eb4feec75af390f7eef7a0599b5,11/22/2025 19:45,CLEAR,"DARKNESS, LIGHTED ROAD",ONE-WAY,DRY,22,W,OHIO ST,19,7,11,41.89256664,-87.62901258,POINT (-87.62901257849 41.892566637336)
c1ea2a6f6046e3937f2092f5ca9713c69d210811fd339dfa78c6a0b5139dc064ce5cb3fc3b807216f72834accf0d67b70969409d2a4a1d912d70dd558a8aa616,11/22/2025 18:11,UNKNOWN,UNKNOWN,NOT DIVIDED,UNKNOWN,218,N,COLUMBUS DR,18,7,11,41.88627879,-87.62083489,POINT (-87.620834889384 41.88627879204)
198c1abbdb107c4dd54d45f6cef8a4813139b5e00120d586625d82d434695adb2ad1811e984cc6695357024b13f105ee24921b6acb589a3e97f7b7e983a9196f,11/22/2025 17:20,UNKNOWN,UNKNOWN,FOUR WAY,UNKNOWN,140,N,DEARBORN ST,17,7,11,41.88422252,-87.62959336,POINT (-87.629593358508 41.8842225243)
5a636e7129f29d3602e62ad30c61145bd0f1af9cdc2ccbddbf6f79ae6bdb05f9cc3bd5f13536e56e73d7c6664ca900ffb2615378adbbfd15ca3aa5d1b1100596,11/22/2025 16:51,CLEAR,"DARKNESS, LIGHTED ROAD",ONE-WAY,DRY,40,W,ADAMS ST,16,7,11,41.87954942,-87.62927333,POINT (-87.629273332112 41.879549422688)
ac535635bc965b0f845dae43477ebf691ee8a23daab6af4225444fe33e6351580b661bd1f411b41caab75614a0b86fa9a92e2711b99f002199e5811e73c0b62d,11/22/2025 16:00,CLEAR,DAYLIGHT,ONE-WAY,DRY,6,W,LAKE ST,16,7,11,41.88586071,-87.62816357,POINT (-87.628163569988 41.88586071002)
e4b6001689c1904f6949bd9e2cd0153578d6bf03338651aa3a0039f5cbb9130dc73e780284a5ffa601a5b6853dea655b25966d042f8b587ec8e2aaa6a3af9cd7,11/22/2025 14:00,CLEAR,DAYLIGHT,NOT DIVIDED,DRY,200,E,ILLINOIS ST,14,7,11,41.89106986,-87.6226194,POINT (-87.622619399716 41.891069857341)
66a649a273f9174851f99815473945eb915b714b8e4f3549eaf18203cd5acbaddaaa1fe300f26d2d5aa1b544329942853f4f39766e4fce2018e1629a9d88d193,11/22/2025 13:20,CLEAR,DAYLIGHT,ONE-WAY,DRY,311,W,WASHINGTON ST,13,7,11,41.88309447,-87.63568713,POINT (-87.635687134669 41.883094471085)
c0ebaa2f2ce967803b771fdaa87a4b328edef905377579025cc65644190d06e8c4045dcfceef93746795ce3c560be67c9b4a79f31baefaf01fc05e9dc4b235b3,11/22/2025 13:11,CLEAR,DAYLIGHT,FOUR WAY,DRY,100,S,COLUMBUS DR,13,7,11,41.88080566,-87.62093499,POINT (-87.620934991819 41.880805655312)
3c52cbf5ff4c4997aeb4f4203bd55b58de169d9e0a3f25b794c44a33e01c3f1018cb7b3b65a185e6d74eb3f5cc3c13e4ec2ed2d330ebd5782d152d5ee91a515b,11/22/2025 9:30,CLEAR,DAYLIGHT,ONE-WAY,DRY,155,N,WABASH AVE,9,7,11,41.88465553,-87.62610494,POINT (-87.626104944217 41.884655534874)
1a1816d3f49bb74d8d5425b4daeb0ec73b13f8c42058553b1c1543978c4908eda3c5905c9381b2b1a882c0c4a418757a5a7f43165f7a5a9dd4d05aba9f7b01d5,11/22/2025 1:30,CLEAR,"DARKNESS, LIGHTED ROAD",ONE-WAY,DRY,300,E,ILLINOIS ST,1,7,11,41.89111388,-87.62019942,POINT (-87.620199417551 41.89111388192)
f5d401d2faabba5942413ea1c0ef4bda7ed7092e28c2e7d49fcf9901355aeb8b4755ab5c11d6fdb60c8a254d70f6f413fb6902bf11c163b994249345eb4c195c,11/21/2025 23:00,UNKNOWN,UNKNOWN,NOT DIVIDED,UNKNOWN,600,N,MICHIGAN AVE,23,6,11,41.89259323,-87.62433405,POINT (-87.624334047949 41.892593225538)
44afafa3e234c84778d39245d776af38152840f7fef8c005dbca562559642b64ca7a1032a9feee9b3300c298bd0588379eb7711f5e3a96f8f50e977f5b295c43,11/21/2025 22:25,CLEAR,"DARKNESS, LIGHTED ROAD",DIVIDED - W/MEDIAN BARRIER,DRY,209,W,WACKER DR,22,6,11,41.88670769,-87.63426249,POINT (-87.634262494456 41.886707687901)
01393fef4e1c87fec3bdc655f051669bcd2e44853750949cfef0a18e647e559ef0d40284b8193fc1a42f6b2ea192fb71265ceeaba4eec71fd4a8c847e20491ea,11/21/2025 22:01,CLEAR,"DARKNESS, LIGHTED ROAD",NOT DIVIDED,DRY,301,S,LAKE SHORE DR NB,22,6,11,41.87831701,-87.61705213,POINT (-87.617052125371 41.878317010667)
bf62a3a37ce81a253aa77359430fa01f5dd9359c78bdac73f98604128982cfe5068b566a5a7c6719ca46ac3e6afa816a5fd89973776bce994e5cf684c8176402,11/21/2025 22:00,CLEAR,"DARKNESS, LIGHTED ROAD",ONE-WAY,DRY,50,W,WASHINGTON ST,22,6,11,41.8833222,-87.6297751,POINT (-87.629775096643 41.88332219915)
50e7c71853536c336875657fdbe3e1173d0b165a265ed70611c37e2bbbaebca2c4aec6d1ff973246b5b4e43c1ff00c5db70b2cc97b78b2be99046c12f74c2f42,11/21/2025 21:40,CLEAR,"DARKNESS, LIGHTED ROAD",UNKNOWN,DRY,121,N,LA SALLE ST,21,6,11,41.8837646,-87.63227535,POINT (-87.632275353537 41.883764598103)
7252824ef5a9425b4abd2852db246170f534df696a6f6f0c54cfd62cb14acd366d2760a61b4088f57057ff62486851fd21231bf7bddf79b0eb7af13d53e7ca69,11/21/2025 20:53,CLEAR,"DARKNESS, LIGHTED ROAD",NOT DIVIDED,UNKNOWN,151,E,WACKER DR,20,6,11,41.88799989,-87.62256513,POINT (-87.62256513256 41.887999887349)
85a2b2da16a647c9d3080f4861f21903af66a8f88d60ee72d4d2ef9dbe5e5e94bebd1b88d819acf460b84d1e779557cb3dc2cd09777f4b331a0861aaadfc0267,11/21/2025 19:57,CLEAR,"DARKNESS, LIGHTED ROAD",DIVIDED - W/MEDIAN BARRIER,DRY,117,S,LAKE SHORE DR NB,19,6,11,41.88049331,-87.61710179,POINT (-87.617101788208 41.880493305065)
2a310c3d5019fa673c8fadb2dc91c328a72052dac6d02bf05a92ee1efa008da73e5429a67818e69d4d4ef7183e628f32848d7939e5ebf40a1eb7c02258e199d2,11/21/2025 19:08,CLEAR,"DARKNESS, LIGHTED ROAD",DIVIDED - W/MEDIAN BARRIER,DRY,115,E,IDA B WELLS DR,19,6,11,41.87562212,-87.62372542,POINT (-87.623725421642 41.875622124646)
cc2c72f2a4bd112eb89b775991385cc7daa7f29e0fc6aae30e271288d66e9e5dc866299203fb9be50e46947aa05a42f8ac3aa441610d20bca4a69065937af9dc,11/21/2025 18:53,UNKNOWN,UNKNOWN,PARKING LOT,UNKNOWN,165,N,HARBOR DR,18,6,11,41.88520487,-87.61561002,POINT (-87.615610019501 41.88520487319)
841f892b65f8450356639b14e7a1bc2fb9f2086bbc441f87f5271e2268b5d2fd06ee469b3ecc28957dca7f6cdbcaaa667610683860ab0bea85e05f6d88a7cc48,11/21/2025 17:50,CLEAR,DAYLIGHT,FOUR WAY,DRY,600,N,MICHIGAN AVE,17,6,11,41.89259323,-87.62433405,POINT (-87.624334047949 41.892593225538)
803b07f87d1058935fff20fc957b621ee6b3c75ea8991dd2123d8cfd2779a57da346e033870d44ebc612220f1e453ac9e96fe8d43ef3de4d91d2346ee80f33e5,11/21/2025 10:50,CLEAR,"DARKNESS, LIGHTED ROAD",NOT DIVIDED,DRY,235,S,COLUMBUS DR,10,6,11,41.8790544,-87.62058658,POINT (-87.620586577771 41.879054401989)
8f545c464bfec96b5786428f7d26fcab6007201199bd32cbece5479fe4d20531d1bbddd492db535d72d690401b45cc63bffbd84111a34840db3a9afc96c46936,11/20/2025 20:00,CLEAR,"DARKNESS, LIGHTED ROAD",OTHER,DRY,454,N,COLUMBUS DR,20,5,11,41.89023766,-87.62044314,POINT (-87.62044314295 41.890237658089)
3a2b714e79454296a0c581e609b45e5577379807aefafef72ad61ee3035d612170239fba8573ce14f74841873ded684436b99b75df15d26f3b20f4326f58a827,11/20/2025 15:45,CLEAR,DUSK,ONE-WAY,DRY,100,W,RANDOLPH ST,15,5,11,41.88458627,-87.63101045,POINT (-87.631010445886 41.884586267155)
35eca90f9dd940d8d1487ab80033083de6d091d268e914d676a3b91759a4521137d830f1f585b4c713575ed8d7d7b3cf1d72e7836ea337fc408f2cc0ad9adca1,11/20/2025 15:18,CLEAR,DUSK,ROUNDABOUT,DRY,222,E,ILLINOIS ST,15,5,11,41.89097172,-87.62148347,POINT (-87.621483467376 41.890971723462)
078f8163240389aaf7bd1c4705cc02dbcf598ee896112c8f6abc6b05134752ff11be245a7ebbf52c23a5ca9155b4784a34838ce6c7f2ffccf2401e5033766180,11/20/2025 14:26,CLEAR,DAYLIGHT,DIVIDED - W/MEDIAN (NOT RAISED),UNKNOWN,230,S,WABASH AVE,14,5,11,41.87876622,-87.62624557,POINT (-87.626245569338 41.878766224446)