CRASH_RECORD_ID,CRASH_DATE,WEATHER_CONDITION,LIGHTING_CONDITION,TRAFFICWAY_TYPE,ROADWAY_SURFACE_COND,STREET_NO,STREET_DIRECTION,STREET_NAME,CRASH_HOUR,CRASH_DAY_OF_WEEK,CRASH_MONTH,LATITUDE,LONGITUDE,LOCATION
4f290ba88df303cbd75b9d69a6cfbaf322c756272c24b47681731256c4f58475ff71d238de47539a27e6234298564747350d8acac48e339a335ca8b33eadec00,11/20/2025 14:15,CLOUDY/OVERCAST,DAYLIGHT,DIVIDED - W/MEDIAN BARRIER,UNKNOWN,600,N,MICHIGAN AVE,14,5,11,41.89259323,-87.62433405,POINT (-87.624334047949 41.892593225538)
6d523fa608b4757cb836d0c69bde7547f50f71d68b1f4cbd37bbd81a4fba8bca6ac30719ff20ecc6ac347e640c1d0bf41f81f7bd662afa774e884c36f6edfc69,11/20/2025 14:03,CLEAR,DAYLIGHT,NOT DIVIDED,DRY,440,S,STATE ST,14,5,11,41.87593286,-87.62777344,POINT (-87.627773436384 41.875932855182)
5c8a7995a7ec4245957f8885a8672ad6a7597da0182c6822d673efdf9c372f0ae61e3d80d09b0b976c36f3c0a480bec1b861869c27682b0166c9218ed3423b9f,11/20/2025 13:13,CLEAR,DAYLIGHT,DIVIDED - W/MEDIAN (NOT RAISED),DRY,118,N,WELLS ST,13,5,11,41.88370838,-87.63401868,POINT (-87.634018676487 41.883708384522)
20843fddbe8302198ccbc1ee3d45c9d6db8440f978f12f34c93107784094156701e2c0ae7200a004406a55ef04a3d4b719d47c3eec57dfcee954f4c2670d132c,11/20/2025 13:00,CLOUDY/OVERCAST,DAYLIGHT,NOT DIVIDED,UNKNOWN,205,W,RANDOLPH ST,13,5,11,41.88435919,-87.6340799,POINT (-87.634079901132 41.884359192963)
7794655b60e9ed908ca0ca3137902f18577edd3c3272b41cc590adc9a87685eb51bdeccce920266cf26628f2822340694f9749fa48fc49fb9aa3d88c39f99eb0,11/20/2025 12:30,CLOUDY/OVERCAST,DAYLIGHT,ONE-WAY,UNKNOWN,121,N,LA SALLE ST,12,5,11,41.8837646,-87.63227535,POINT (-87.632275353537 41.883764598103)
466ea03985d146b8db66c2dd0bc83e83d22a4d5619ecc57c81534211e055043286e38d61f55063bf02cc220dee9c73ab575849b02b972a8b615072a66c5155b1,11/20/2025 11:30,CLEAR,DAYLIGHT,DIVIDED - W/MEDIAN BARRIER,DRY,540,N,MICHIGAN AVE,11,5,11,41.89214078,-87.62431278,POINT (-87.624312784422 41.89214078372)
7252d49c8ac26a089c2e3d8bd92da8af597e8961b58453cf0179eb38d2aff81de2125cec1daf4e7dd95d0ddc5fb05ae354f60783d41cf8c2e12128baca76b7d8,11/19/2025 17:16,CLEAR,"DARKNESS, LIGHTED ROAD",NOT DIVIDED,DRY,120,S,LA SALLE ST,17,4,11,41.8800751,-87.63245788,POINT (-87.632457875316 41.88007510168)
2be8441f532e7bd38067d1645af3f47d53443072f32ee663f566adf93f66fce337b3a1845a7ef3492f90c1322df8eda8c998462d421fa6f4ace59c47661d493f,11/19/2025 14:35,CLEAR,DAYLIGHT,DIVIDED - W/MEDIAN (NOT RAISED),DRY,30,N,MICHIGAN AVE,14,4,11,41.88275463,-87.62453528,POINT (-87.62453527696 41.882754628875)
c0995ee96c8c88214e85cc5491de39c7e416f67c8e614ec75674cac36931c01743a4fd3769d077f924c8312c524659a3fc052101e93a900a922d0b214b5f3de8,11/19/2025 13:05,CLEAR,DAYLIGHT,DIVIDED - W/MEDIAN BARRIER,DRY,350,S,MICHIGAN AVE,13,4,11,41.87706678,-87.62443921,POINT (-87.624439210263 41.877066783143)
175355c2535ee66c2cbdb78a9ddd5e57ebc5d851968e7803b12bbb8665380deb288a0e5938b9f0e148809152aebb05dcb185481351fbaf12cc560001cbd9d0d9,11/19/2025 10:02,CLEAR,DAYLIGHT,ONE-WAY,DRY,99,W,VAN BUREN ST,10,4,11,41.87677494,-87.63069619,POINT (-87.630696188807 41.876774935417)
4c88a6b524b0069b975e08759f788cd2b90050aa8aaa7665325876e8b6140181d804a07c12d123280af64c9fc9843e0119b297e3e94a3a34d6cca79d73c15e6e,11/19/2025 8:22,UNKNOWN,UNKNOWN,ONE-WAY,UNKNOWN,140,S,DEARBORN ST,8,4,11,41.87967604,-87.62950228,POINT (-87.629502282668 41.879676040117)
4092fefc7e573eabbc8e64cc0d7d62570319ff33688a4e3bf1bc5b5f4506fa0d3087a29d871a649fc9e4cbce808a408dc3f5a328b1690943d138f088d649c074,11/19/2025 7:15,CLEAR,DAYLIGHT,NOT DIVIDED,UNKNOWN,435,N,LOWER MICHIGAN AVE,7,4,11,41.89042261,-87.62399893,POINT (-87.623998931508 41.890422609593)
010800f8790e78faa009f2cca0f9e7cf21ccf1b6e452b2cf0c1e0f8076f172cb41d736f39bba955de7ece6148ce8aa49366dbd7e7fe9befba5c58140a7803d80,11/18/2025 23:00,CLEAR,"DARKNESS, LIGHTED ROAD",DIVIDED - W/MEDIAN BARRIER,DRY,98,S,LAKE SHORE DR NB,23,3,11,41.8809827,-87.61763334,POINT (-87.617633344219 41.88098270091)
5b77fa75bacc093c1555ded24fc0d7c789687d674fd7de5f5bc65d0fcd54c5f4bc21e277f917b94cd5f5617944a16169b270f257416ea2c4a765ab82a710ef58,11/18/2025 20:59,CLEAR,DARKNESS,FOUR WAY,DRY,271,N,LOWER STETSON AVE,20,3,11,41.88670897,-87.6222157,POINT (-87.622215695656 41.886708965328)
29457abe426f9b8947c6e6c40fd19242ac5e7a46d95d0f44f6d8bf273de4556e86d288a9dd100c1a36164e9c4d738bb685125ab066789ec1f6ea50da3463bf4c,11/18/2025 18:00,CLOUDY/OVERCAST,DUSK,DIVIDED - W/MEDIAN (NOT RAISED),UNKNOWN,360,E,RANDOLPH ST,18,3,11,41.88462754,-87.61864307,POINT (-87.618643071712 41.884627539983)
d7576ec7e1c6cec4ff50db6e5455fe4eccb7257ec9b3f55f709c6adcaed4d9587512b86d7b2ee2e5386c26b44b8947095f468abfffbefb0db0b32ffe3c869b05,11/18/2025 17:16,FREEZING RAIN/DRIZZLE,"DARKNESS, LIGHTED ROAD",FOUR WAY,WET,2,N,FRANKLIN ST,17,3,11,41.88196396,-87.63545917,POINT (-87.635459171235 41.881963960924)
353f84d0d34466480fd8cb6b01e6a6e19eee28feaebfa459a3866ee7d109d5301cc8acfe0256a4e28e8280d1ee3c2bb5a742352788fa4f9adfc6ebd0dff1e9f1,11/18/2025 14:30,UNKNOWN,UNKNOWN,ONE-WAY,UNKNOWN,161,N,CLARK ST,14,3,11,41.8847797,-87.63080067,POINT (-87.630800667486 41.884779704626)
7c0f7a86b3f9c2ad9004c781fc5ee1a223b61fe9957748e0668acdae670ab255ae2f448ac311d003f734762c12177e57cd8979daeb12b9f5704fe6e86bcf0c5a,11/18/2025 12:00,CLEAR,DAYLIGHT,OTHER,DRY,175,N,HARBOR DR,12,3,11,41.88566389,-87.61562501,POINT (-87.615625007948 41.885663892016)
a4211e06f5dc030cdea4ad2fbd8b49ce67779481c68c5f5b1d46c8ad7374dfafdc982d6aefe559eef2f52cd650085a1d2ed44997cb4cf9af16165f00d033d8df,11/18/2025 11:00,UNKNOWN,DAYLIGHT,NOT DIVIDED,UNKNOWN,151,W,WACKER DR,11,3,11,41.88670391,-87.63255547,POINT (-87.632555467107 41.886703909369)
16fe486b16321a75c877291007981eef05a2632cd5c2aa0014e07b478e12dd15916de7cf7bc27976ad15c7927a7874239d4ebca4da2214e4b627645935ca5d00,11/18/2025 8:00,RAIN,DAYLIGHT,ONE-WAY,WET,410,N,DEARBORN ST,8,3,11,41.88963425,-87.6297443,POINT (-87.629744299862 41.889634252878)
12ef05bc326ff2be9a624f99bbbf427c251405259aa85804954aae41baf914f51a8131988ad18eafe304197dc47db25af4f0f1090804f97ee7a0cb6605fb4b37,11/17/2025 21:45,CLEAR,"DARKNESS, LIGHTED ROAD",DIVIDED - W/MEDIAN (NOT RAISED),DRY,440,N,WABASH AVE,21,2,11,41.89048644,-87.62682446,POINT (-87.626824460289 41.890486444372)
f39a13dd23df332924dba77d0adbfc27a0778ffc7b431769e77bb967b6e2cdc28904ce78f32441e9e24e941943e25244b0f9a335f50989c193d1ceb86586836f,11/17/2025 21:00,RAIN,"DARKNESS, LIGHTED ROAD",FOUR WAY,WET,100,S,LAKE SHORE DR SB,21,2,11,41.88085605,-87.61763589,POINT (-87.617635891755 41.880856047671)
39c52f62a707fe42fce49f67792fb5e11a37ad3f0f29de1be548a0c603248728e857581f46bc27a80450a6a447cb81ab16203aa9484cd8084ee9a5c0875eb9c5,11/17/2025 20:10,UNKNOWN,UNKNOWN,DIVIDED - W/MEDIAN BARRIER,UNKNOWN,155,N,HARBOR DR,20,2,11,41.88475054,-87.61560396,POINT (-87.615603956473 41.884750538499)
7ed6eceee0a42c52187d34862b08691f911ac60ef4d8c87d5f06745db991a1ecaeb66a2739e7a6484c22dd0fbf1a616049838c354c0eb2bd4c239ebd695c6595,11/17/2025 14:35,CLEAR,DAYLIGHT,DIVIDED - W/MEDIAN (NOT RAISED),DRY,171,N,CLARK ST,14,2,11,41.88501685,-87.63080833,POINT (-87.630808331729 41.885016850587)
dbd84be2a29cee3287e9e9b9abb4e5f93ce25b86391053f7e233ab24e578f339cd09b78cff32bd8476237db6d971a235117508d35d3894f5a2271aa2727304cf,11/17/2025 13:00,UNKNOWN,UNKNOWN,NOT DIVIDED,UNKNOWN,343,N,MICHIGAN AVE,13,2,11,41.8877503,-87.62441087,POINT (-87.624410867821 41.887750298554)
dc97993c48ddf919e8ee8e11923e4607b519f3afd2f063058a00d9d956adb969bb851eadb269970b4190aeb4ede54e5bc998b9172b1665d031a2ffda215a1af2,11/17/2025 9:04,CLEAR,DAYLIGHT,DIVIDED - W/MEDIAN BARRIER,DRY,300,S,LAKE SHORE DR SB,9,2,11,41.87831013,-87.6175759,POINT (-87.617575903416 41.878310134581)
ef870873621463c79c22aad76fa696e98aa0aec74845c71eb6d90384fd7c5ceca32210d0a1bddb628db1e419aac21d3335516f24c41f7be2c6b281c95d5ba833,11/17/2025 7:50,CLEAR,DAYLIGHT,ONE-WAY,DRY,77,S,DEARBORN ST,7,2,11,41.88078401,-87.62922236,POINT (-87.629222363048 41.880784005359)
b032ababa8bf5ae6244e33d70e810f737203f910ce0ad6c1bd1186161b7380a48d63cf54aeda8aefde8a72a0647575914586d4070b3831564aab3ef6fbd92697,11/17/2025 6:45,CLEAR,DAYLIGHT,NOT DIVIDED,DRY,220,N,GARLAND CT,6,2,11,41.88632464,-87.62544696,POINT (-87.625446955069 41.886324635326)
0cece589d61c11f6659856ee0437482d0f23e31c8cee3a07154b94b076fc2075f9ddc8f73ea1680e5bbbd912aa47ef0cfa49a320f4eac5f7a1dcc4bd343689c9,11/17/2025 5:55,CLEAR,DAYLIGHT,OTHER,DRY,180,N,LOWER STETSON AVE,5,2,11,41.88536744,-87.62248392,POINT (-87.622483919973 41.885367438602)
5225a4b8e3c89932b2e67e67bc093fa9dd58ee5554539963750bd680b59c06d0a3ea40e7d5c2374b78b19f4214b1071590ca9420ed9a7643fa6e947e96bc97c6,11/16/2025 21:45,CLEAR,"DARKNESS, LIGHTED ROAD",FOUR WAY,DRY,100,S,MICHIGAN AVE,21,1,11,41.88077066,-87.62448302,POINT (-87.624483017136 41.880770664748)
97d183325386c841a75bceee95d5ce107aa617eb904bc1d02a29b2ba087354f2c64895e9613016a17598f31b096ef8e8731b95b072af1589c43302b88d86a329,11/16/2025 20:50,UNKNOWN,UNKNOWN,OTHER,UNKNOWN,200,N,COLUMBUS DR,20,1,11,41.88600583,-87.62082896,POINT (-87.620828956741 41.886005833425)
452990eb114497992a934ed12512381298c0c56d99a10af77c30109116d3f86390835667b3f3537a445c191f4db2c4ca701111c19cf6416c9b35043bd95bd798,11/16/2025 12:48,CLEAR,DAYLIGHT,DIVIDED - W/MEDIAN (NOT RAISED),DRY,108,N,STATE ST,12,1,11,41.88342264,-87.62802165,POINT (-87.628021652075 41.883422637015)
0660b0ed12c2e73a3a9e1a51b48243a266120ac41621ad5971573ab0900ceae6a64acc8c4eb6cb4e97db9d1a4e1fac3a0666b7420c3a5dd0ff68a228512c7896,11/15/2025 23:59,CLEAR,"DARKNESS, LIGHTED ROAD",TRAFFIC ROUTE,DRY,100,N,FRANKLIN ST,23,7,11,41.88323592,-87.63549044,POINT (-87.635490442206 41.883235917096)
eab24a6c2e7e321955b1881649439403e5bf8004e06358b8bb76d5e0bc11ac6da1727ee4ef7cad38b151e463dafbf7fc7341412ffd2d5c53a18d608ab7763efd,11/15/2025 21:28,CLEAR,DAYLIGHT,PARKING LOT,DRY,50,E,OHIO ST,21,7,11,41.89261824,-87.62616035,POINT (-87.626160348476 41.892618240004)
e584712746d31f7d3457d786fda8456dd6feb667529b84243b92bf09a0b3162507476ed78bc924a1ec09029e1e5838b71e12df1b8a7c98b66d95e58ec1b3e1f2,11/15/2025 20:00,CLEAR,"DARKNESS, LIGHTED ROAD",DIVIDED - W/MEDIAN BARRIER,DRY,98,S,LAKE SHORE DR SB,20,7,11,41.8809827,-87.61763334,POINT (-87.617633344219 41.88098270091)
e385ed7890f4bae74f0112db77e0ab5e6bae0fa2e842dcc825d006f817dde1cdff2ae8b632d948833bd0ab7b631670055dae01fe29fce3ec628810ef50285984,11/15/2025 18:20,CLEAR,"DARKNESS, LIGHTED ROAD",DIVIDED - W/MEDIAN BARRIER,DRY,301,N,MICHIGAN AVE,18,7,11,41.88688002,-87.62439145,POINT (-87.624391453126 41.886880019905)
5f99d19c5117bead7ce741956b9a8f655972efee9e8fea8e71ad4ad4ded2b671591ad2423bb24578b8572f8068f92e9ddb3d61abdba73aaaf65e0db79f7815fc,11/15/2025 15:00,CLEAR,DAYLIGHT,ONE-WAY,UNKNOWN,1,S,DEARBORN ST,15,7,11,41.88193667,-87.62925348,POINT (-87.629253479919 41.881936674674)
cea82406cbbc31c359c5f430265d489452d3c0d10eed0ae503f32411cab70612749b8e22b677fa70e6dad2aff4a4bd26ff61994414ddb5338381a42c22823512,11/15/2025 14:55,CLEAR,DAYLIGHT,NOT DIVIDED,DRY,61,W,LAKE ST,14,7,11,41.88563144,-87.63015808,POINT (-87.63015807953 41.885631436678)
789d9abe9dbe4c725213f9d458bebdd218a3bc4cc9a71e90298d049694b6f86e53bb4152879ce0bcc8adf2eceb1f2397344a9bf05fe63cd298f7f10b6663a37c,11/15/2025 12:00,CLEAR,DAYLIGHT,NOT DIVIDED,DRY,539,N,CLARK ST,12,7,11,41.89195274,-87.63098859,POINT (-87.630988585201 41.891952741561)
0d60440ca30fd44071a8712f50e0165950697622600dbd1f74793d2f96c130c7b6f358bcf33983e6406f6643cf9049d15983f744c406f1a33ff66b4eadca17df,11/15/2025 11:20,CLEAR,DAYLIGHT,ONE-WAY,DRY,52,W,ILLINOIS ST,11,7,11,41.89093553,-87.62997109,POINT (-87.629971089181 41.890935529568)
854cd5f95f8ac29c540e1688c3ebd67bfd6ab8b2b20dd94223541a78654577a368033b02eb2b323fce35c62421667d552f64ef4ca462aaf3497f4b030ec947a5,11/15/2025 10:59,CLEAR,DAYLIGHT,FOUR WAY,UNKNOWN,364,N,MICHIGAN AVE,10,7,11,41.88834353,-87.62464876,POINT (-87.624648761452 41.888343528092)
b992ee158eeaf5ffc0c32403645917f00f0cfcd62b5fca21ed87dd94b61f7ece97c8bfc1c198d1883363d9884cc2e2f8c0977fee3b45a0dca10cd2a836aabcdd,11/14/2025 20:30,CLEAR,"DARKNESS, LIGHTED ROAD",NOT DIVIDED,WET,1,E,LOWER WACKER DR,20,6,11,41.88668083,-87.62793717,POINT (-87.627937169137 41.886680829713)
759ac201988132f1d473794404017adfb3e35fb11e3c2875f65ec8f21f2f4c1b231f3dc978aba0aca62777cf054f16e15f7dacdcc96c151e402c65eb411acfd2,11/14/2025 19:50,UNKNOWN,UNKNOWN,UNKNOWN INTERSECTION TYPE,UNKNOWN,7,E,LOWER WACKER DR,19,6,11,41.88668915,-87.62770586,POINT (-87.627705857214 41.886689145289)
3cc9a3781c58e8a585a1012da99d905ca7b1aebf0d59f8bd5ac188d1744cdc1054e38c14d27efdbfa48a0ae1296148272a3b8a87a4f348c712f6c3a1542efcd3,11/14/2025 19:00,CLEAR,DAYLIGHT,NOT DIVIDED,DRY,201,S,MICHIGAN AVE,19,6,11,41.87949176,-87.62420439,POINT (-87.624204388826 41.87949176069)
d18de751247e3630365a5345b7314c44ef5b2ed0824b8fbee71abac55821c59b77aac6bdd94be91d60108a5c718abc6ef8d2d097fc49f4db47a76177c148a4c1,11/14/2025 17:42,CLEAR,"DARKNESS, LIGHTED ROAD",ONE-WAY,DRY,55,N,DEARBORN ST,17,6,11,41.88317978,-87.62928989,POINT (-87.629289894662 41.883179778734)
7064fe75b803b68dac15972183fa20db333c6e8a7c4d449d63436039542ba2aeab2811cc9b4b81f616ff050e7d7537331137a3658e52b1a36bcc077acec81aa0,11/14/2025 17:30,CLEAR,DARKNESS,NOT DIVIDED,DRY,85,E,LOWER WACKER DR,17,6,11,41.88806131,-87.6251681,POINT (-87.625168102157 41.888061312411)
89ab77a9819066e0dbf9e7fb8b4692b901a30ca132125d25a9286ed7ec02f4894ceef767ba99971a38c74d42d622af829377ee78cb85140fdf0ef6bd6df36647,11/14/2025 12:44,CLEAR,DAYLIGHT,NOT DIVIDED,DRY,530,N,WABASH AVE,12,6,11,41.89172472,-87.6268666,POINT (-87.626866598748 41.891724723865)
4e7d56f4d04a78f749da3e199fc7e4bb2d7837c1d55213c65eee17c8b9ab669ac795fd0692c360aef60ab9568154694f49c5074634e9f7c52913cb1af3b80abf,11/14/2025 12:30,UNKNOWN,UNKNOWN,NOT DIVIDED,UNKNOWN,515,N,STATE ST,12,6,11,41.8914181,-87.62791476,POINT (-87.627914756079 41.891418101188)
266a4fbeaa4b4f8182a6d3a23e0c6d950c31053fdb565c27540f5395d591df81b547c84dc3f2f63d3c459611a721f38a8f62aef61384f514fe4ba02d7679a7d4,11/14/2025 11:30,CLEAR,DAYLIGHT,ONE-WAY,UNKNOWN,33,W,ILLINOIS ST,11,6,11,41.89072891,-87.62938566,POINT (-87.629385656182 41.89072890813)
6506a579bee2237f7a16c33c2be7ac32e1c19177ef63eed3abfc4c8ab7383c91d874cd1cd7f9deba83b27e4b91582ae27220549e334f4cb51b72758e23d3ffa6,11/14/2025 9:41,CLEAR,DAYLIGHT,ALLEY,DRY,60,E,ADAMS ST,9,6,11,41.87964591,-87.62548535,POINT (-87.625485351393 41.879645907113)
d2d31de5a41d277d8a6787ab4c2334dc0deb70ca3b0a97ae645c5e88917995c03ec47be487cb95ada504fd81a20dfd1c86525bf1b57af70b776666b6d50b3172,11/14/2025 9:00,CLEAR,DAYLIGHT,NOT DIVIDED,DRY,222,N,LA SALLE ST,9,6,11,41.8863516,-87.63261395,POINT (-87.632613945519 41.886351604489)
cf5b0a145880b79c02411807073f6665f611c6e92f2663b275f407be9a31a9cbb863764867402fd4aec3fd4ac71f160164cf730227bb5c0cbff256bd8c1d97f0,11/14/2025 8:20,CLEAR,DAYLIGHT,ALLEY,DRY,215,W,COUCH PL,8,6,11,41.88498988,-87.63437428,POINT (-87.634374274988 41.88498987598)
8cbe0b4e3a2859776b6297b6505b62cfb53aeeca3d00812ffc1db6bfc93ce8e5a3a44341fbf76511ddfd70da38f7e0aa16af444ef7e59d4680d23c9884032dd3,11/13/2025 23:00,CLEAR,"DARKNESS, LIGHTED ROAD",ONE-WAY,DRY,62,W,ILLINOIS ST,23,5,11,41.89094009,-87.63041301,POINT (-87.630413007509 41.890940094565)
c0dd7fab76cae65170ef727f08a502574b8545a4e209b8ed4720557631fabf87f004ec580b5101cd8989b538f5b20166388f3b11593074b9d560a9e966dc376c,11/13/2025 19:05,CLEAR,"DARKNESS, LIGHTED ROAD",RAMP,DRY,215,W,WASHINGTON ST,19,5,11,41.88310023,-87.63432268,POINT (-87.634322681805 41.883100225864)
0769bb643280910fbf7aae5ffe66f82b262ff2a3f4c5e991197399eac0beb0a053c535efcc3cd98c17ee4d8af30618f0e06de7615a7ff7639dbfe86e81061173,11/13/2025 17:32,CLEAR,DUSK,NOT DIVIDED,DRY,200,E,LOWER WACKER DR,17,5,11,41.88833327,-87.62223599,POINT (-87.622235991552 41.888333272144)
354fa1b8f85ace2190ee68149e98a1d96d4238391bf075241a02fc0a8178bf5e59a78ade1a9dc386dcd7d188e2361004d6d5c98e2f1569a7718691010fe71879,11/13/2025 17:25,CLEAR,"DARKNESS, LIGHTED ROAD",ONE-WAY,DRY,98,W,JACKSON BLVD,17,5,11,41.87825822,-87.63073447,POINT (-87.630734469386 41.878258217149)
f029ae184452504caed8a27243cffff07e1e28a80bfcc1db2144e2a765c3c99fa3ecf0c646ae8d0359df3d79668bbacfbcf3ee23dcb69ed38f60b22a1d8419b0,11/13/2025 17:00,UNKNOWN,UNKNOWN,NOT DIVIDED,UNKNOWN,121,N,LA SALLE ST,17,5,11,41.8837646,-87.63227535,POINT (-87.632275353537 41.883764598103)
15df061ac72c3be265df0e7c051516cf5303cf7f52fc1a1ab119aaa14132ba9ee3301e600c4c89d636b6ca04459aa57f3382dbe62a1b4e5f6d734563707c1354,11/13/2025 15:00,CLEAR,DAYLIGHT,FOUR WAY,DRY,100,S,LAKE SHORE DR SB,15,5,11,41.88085605,-87.61763589,POINT (-87.617635891755 41.880856047671)
7b85c0a7389e8f771f4f781358824bfc260b260bfbbbd985bac0109a04d59476ec0d83f71a783e3600bab6cb324c66858aae3df36a2b60663c89c7c975fc3f07,11/13/2025 12:55,CLEAR,DAYLIGHT,DIVIDED - W/MEDIAN (NOT RAISED),DRY,530,N,STATE ST,12,5,11,41.89171125,-87.62821667,POINT (-87.628216665655 41.891711252168)
e9d1eb05887e012fd01959ceb68f63f934047227d17b0783dee108ab4596c4db6d68d0c1480dd8318fb264c883c12bb57f6ffb15892c9aec262cf3b0dc1f486f,11/13/2025 11:07,CLEAR,DAYLIGHT,DIVIDED - W/MEDIAN (NOT RAISED),DRY,200,N,COLUMBUS DR,11,5,11,41.88600583,-87.62082896,POINT (-87.620828956741 41.886005833425)
e73b40124dc8353a98d704804b8cd2d746b6eb75714c021ea738a91d2e00e2c5f40e9fa7cb6f0eb30d3a5d1f7273fb0262eac702625be1783718d3c68791b15f,11/13/2025 10:40,CLEAR,DAYLIGHT,FOUR WAY,DRY,400,N,WELLS ST,10,5,11,41.88919802,-87.6341573,POINT (-87.634157296675 41.889198021771)
bb2f0b49a76793a98be114cb6819f039e307dc2738b53a6de2a7a21ad28fa72b2aeaa96b58f695e489d78d8561117feadda276646ce8095d0919e575acc6f376,11/13/2025 10:12,CLEAR,DAYLIGHT,NOT DIVIDED,DRY,211,W,WACKER DR,10,5,11,41.88670788,-87.63431855,POINT (-87.634318545079 41.886707879762)
df825b11327de8296844fbf5e0649c6d184a1ac255bee517561e05ffe646fb420e04662cb46904442158d13b1c2f93078f0912cc090ae93d0c90293173ecc3db,11/13/2025 10:00,CLEAR,DAYLIGHT,ONE-WAY,DRY,201,E,ONTARIO ST,10,5,11,41.89325356,-87.62259429,POINT (-87.622594287209 41.893253564575)
bb73b35870614c20e5e3410adcb100aa910e043ad4e67c2bca0be14ab0eaf938cb38f7bed66bb04d5ea11e33417308fd439fc9010a9a8e129c6528cde7bd2b6d,11/13/2025 9:22,CLEAR,DAYLIGHT,DIVIDED - W/MEDIAN BARRIER,DRY,330,E,LOWER RANDOLPH ST,9,5,11,41.8845332,-87.61938358,POINT (-87.619383582785 41.884533204388)
fecb3324c87661a10effc92b78b958e6ae3cf6c9afb5a6ad567a88fb3d94dc8492dd81dad4a6b64ada62db106d096b65963c4704d807e3f2b607a1bcad9dd51e,11/13/2025 8:26,CLEAR,DAYLIGHT,DIVIDED - W/MEDIAN BARRIER,DRY,35,S,MICHIGAN AVE,8,5,11,41.88122985,-87.62419525,POINT (-87.624195254355 41.881229851733)
b5b716b2eb82233d5242e3d63c5e368f686bd6f44d22661b6ad9d15ee41ae63c53e7f3ab1bb4e82ee6b6c0b0702d1d99ff2edbfab28dec9c80bdca45b89452eb,11/13/2025 8:00,CLEAR,"DARKNESS, LIGHTED ROAD",OTHER,DRY,200,E,LOWER RANDOLPH ST,8,5,11,41.88450963,-87.62226117,POINT (-87.622261168248 41.884509634085)
126eff8a500c1e50cefb7f8aa2e06ae3cd159f09035b3dc56b96d143bb699344b3adb74d5da2df1c3ba4f7c9bbefe44e75b7bf51330f679e76b0c9950445a678,11/12/2025 19:16,CLEAR,"DARKNESS, LIGHTED ROAD",FOUR WAY,UNKNOWN,33,W,KINZIE ST,19,4,11,41.88912549,-87.62942249,POINT (-87.629422488805 41.889125488003)
4de6b59fc1d7e09fa0e3abf5bb72de1aa825c546e98e2996feabb9a2c847498fe2a9461343d5004c2629cf4e92e71c1984d0885ae366175b274b0d2eea933a19,11/12/2025 18:00,CLEAR,DUSK,NOT DIVIDED,DRY,127,N,DEARBORN ST,18,4,11,41.88382421,-87.62928951,POINT (-87.629289514342 41.88382421271)
c598837982344f36bd90a6327f30826969ede3a6ac435de7c6c0d2b6e1c7e333f080ccbffd573c85106f4f2545c8182e1a8e698a145036ef84110434bef54bf3,11/12/2025 16:06,CLEAR,DAYLIGHT,FOUR WAY,DRY,300,E,RANDOLPH ST,16,4,11,41.88462378,-87.62047604,POINT (-87.62047604443 41.884623784636)
c26b42c04eeb80289af062826b6aa1fc5fedc71802540116c8f746094aa1d81a51e7270f4efc71b0cb490822783d22487784b548389762c2de3e347ad463f4e6,11/12/2025 16:00,CLEAR,DAYLIGHT,NOT DIVIDED,DRY,115,N,LAKE SHORE DR NB,16,4,11,41.88314708,-87.61523383,POINT (-87.615233833527 41.88314707868)
fc09921cb02d5152ab7b4031817a1276e78a2205192a39f1f3708254e01214acdcb0498c2a60d6a3d12c50872fb2a5060fc6bb861c44b927aa2b12ce115ce4f8,11/12/2025 15:45,UNKNOWN,"DARKNESS, LIGHTED ROAD",NOT DIVIDED,UNKNOWN,201,N,LOWER COLUMBUS DR,15,4,11,41.88585838,-87.62056661,POINT (-87.620566611609 41.885858377718)
a1b555521b09dacbd0e3299b2adc11ce9b87d2e3e1eee0e2b2d5680575da386820c91aef358693516fe4125a98eb25820bd35fb2185f37c26daa502783001d7f,11/12/2025 15:37,CLEAR,DUSK,NOT DIVIDED,DRY,148,N,STATE ST,15,4,11,41.88445703,-87.62805681,POINT (-87.628056808092 41.884457026305)
d273f741080352359d4e37fd1a2443f1c4e94728f801db46524d70d4c06488a8051a157c3fb8bf7d67d20129bcf061782892a08257afcb516d665d3ffc94bbb8,11/12/2025 15:15,CLEAR,DAYLIGHT,FOUR WAY,DRY,98,W,JACKSON BLVD,15,4,11,41.87825822,-87.63073447,POINT (-87.630734469386 41.878258217149)
bf58226f9ed959056f359588d1917b1b7af96801da5a1cbce8276db7913ef85b325e2004968ef4ae2d552d928419621123f1ae7fa5fb7a170c62554983470ae5,11/12/2025 13:09,CLEAR,DAYLIGHT,T-INTERSECTION,DRY,2,N,MICHIGAN AVE,13,4,11,41.88216417,-87.62451427,POINT (-87.624514273622 41.88216416733)