CRASH_RECORD_ID,CRASH_DATE,WEATHER_CONDITION,LIGHTING_CONDITION,TRAFFICWAY_TYPE,ROADWAY_SURFACE_COND,STREET_NO,STREET_DIRECTION,STREET_NAME,CRASH_HOUR,CRASH_DAY_OF_WEEK,CRASH_MONTH,LATITUDE,LONGITUDE,LOCATION
a0c85bebf59631695703d0f745b19d5f0bd7b49cdd1b1276fa0f07698638de7f38e5e41ffbe2087c81547752abfb3e55051d2e891aeaa33c119846e4a1969f93,11/12/2025 11:00,CLEAR,DAYLIGHT,NOT DIVIDED,DRY,130,E,RANDOLPH ST,11,4,11,41.88458837,-87.62327256,POINT (-87.623272561055 41.884588371969)
4cf8c02d22c3908425199d11a432d2a019124ad400226c784fc1584db7e485656e3f7ee04aec2b6ce7c3f8f50bf335ff3c0b3296c9a3fd616bfd6bb4109f71b5,11/12/2025 10:45,CLEAR,DAYLIGHT,FOUR WAY,DRY,2,N,DEARBORN ST,10,4,11,41.88202459,-87.62955013,POINT (-87.629550127291 41.882024585049)
5dee28ce19e24ed062abc7a80731f057d0a98c9f1e9726983072845edb090bb7ba723ebd16582c828c5b4796d800b6a6a1c569cc94c40008a57f958f6d5a8e40,11/12/2025 10:00,CLEAR,DAYLIGHT,PARKING LOT,DRY,325,S,MICHIGAN AVE,10,4,11,41.87766756,-87.62415745,POINT (-87.624157452749 41.877667557581)
f7f706b92d0e33009beb697cf21558b1269ca9bedce0b346e9a20511072f791d1ec6fccd702bf90434225bb6ffda1092cc19a98fcfd84611a9a9e33500ee4bc6,11/12/2025 9:35,CLEAR,DAYLIGHT,OTHER,DRY,392,E,JACKSON DR,9,4,11,41.87848348,-87.61759565,POINT (-87.617595651086 41.878483483744)
dc75cee2b1df06c217a242d6c652b801abc16cde55dc6c98a62f0626f16c05c28dfa751cdb59ef579b847d72ee3393086dba77ddb8af28cf4c16403544995425,11/12/2025 6:46,CLEAR,DAYLIGHT,FOUR WAY,DRY,300,W,WASHINGTON ST,6,4,11,41.88331491,-87.63541604,POINT (-87.635416036381 41.883314912259)
494e6967581391624b131c4ee3da3529cf08a31fa18238780385de2da58f49ef7d1298c708a19059e5d7644eb7250ede3c8d068dbb3bcc118cd3b5ac944659eb,11/12/2025 6:44,CLEAR,DAYLIGHT,ONE-WAY,DRY,100,E,RANDOLPH ST,6,4,11,41.88457722,-87.62440363,POINT (-87.62440363391 41.884577219487)
d7e0a26ef91240d16f495b29da5309b13cb5fa6a7186beeb0022cc37cbe8a70d6165417cb32786b3aec136a394bb5cb16b2969ec64e1abcce178aedbd380d8f8,11/12/2025 0:05,OTHER,"DARKNESS, LIGHTED ROAD",DIVIDED - W/MEDIAN BARRIER,WET,505,N,MICHIGAN AVE,0,4,11,41.89112059,-87.6239887,POINT (-87.623988704323 41.891120593049)
6c4f41111b84139b6b48ce124e3704de246024bc6ea5634f9e876e63029db80e9660c8f4a43c2099a2a1b28f63dd19942b761d69ae64daf153dc8378d6387926,11/11/2025 17:30,CLEAR,"DARKNESS, LIGHTED ROAD",FOUR WAY,DRY,298,N,CLARK ST,17,3,11,41.88741512,-87.63116713,POINT (-87.631167128318 41.887415120568)
f0fb7238d89a107ed12096c4e2d54ed0261a73a70b696929ac5b6b4966e383ea8c8f24335b9805cb5e581039b8786e83360da7537fcbe383e63fa0bae81fcfa6,11/11/2025 16:45,UNKNOWN,UNKNOWN,ONE-WAY,DRY,220,N,WABASH AVE,16,3,11,41.88632223,-87.62645746,POINT (-87.626457455568 41.886322228482)
2879160eda2a8fdd38a017be888d81645d09bf01da1397680c374719b635f4b1923625d2bc9723ec17bfe9987345babfe946ffc436e9ff4d088ea1c35cdd2a5a,11/11/2025 15:00,CLEAR,DAYLIGHT,PARKING LOT,DRY,230,W,WASHINGTON ST,15,3,11,41.88331786,-87.63476909,POINT (-87.634769094617 41.883317859851)
0a0b7a91b645050c489c07dff69168922c9a5e41feeef04c7901d6d51795d95bf579e1add39c977d57d4b874e1b05e3d642225061ec8e461070f0d999dc5a0f9,11/11/2025 11:34,CLEAR,DAYLIGHT,ONE-WAY,DRY,127,E,GRAND AVE,11,3,11,41.89162116,-87.62425393,POINT (-87.624253929022 41.891621161011)
12536e74f3c22575bb2454fd87288fe6a7d510b5a4662f0b6f2bdf1fdcc693e8ec86a4774e37eb481bdd60ab854e0c042124533a8e4d777eebc07895f21e4a49,11/11/2025 11:30,CLOUDY/OVERCAST,DAYLIGHT,DIVIDED - W/MEDIAN (NOT RAISED),UNKNOWN,30,N,LA SALLE ST,11,3,11,41.88269467,-87.63253143,POINT (-87.632531426661 41.882694668611)
a8275c9bcf6c0ec011f399db6ad3b48df806157eb3b5c385bcd3895c7589eae5ffebc2a36a6db3c9557f2e20ec1d092834d43a1544a876d1b9dee081115f91bd,11/11/2025 10:35,CLOUDY/OVERCAST,DAYLIGHT,DIVIDED - W/MEDIAN BARRIER,WET,342,E,WACKER DR,10,3,11,41.88791807,-87.61872523,POINT (-87.618725226557 41.887918074127)
554aa0d4d1d63d0b2b4dd6d506fb83de6db33b654a0116ee87348ddea5e68ed2a41b64e72e323e9c41d4e28d2d311a6bc3c4c1bf93767dbb2edd0e50b7ef100e,11/11/2025 9:21,CLOUDY/OVERCAST,DAYLIGHT,FOUR WAY,DRY,150,E,IDA B WELLS DR,9,3,11,41.87585922,-87.62240879,POINT (-87.622408785167 41.875859216548)
67f474a46fc89ecfda26a74076e804fae7f6dcf1b5f68fb3716d69da188bc9e869bf1e7a90d1f9da4199d731a99718d4eb35d6c6a8d24b1d4c02a0cd7e4e80ea,11/11/2025 9:07,CLEAR,DAYLIGHT,DIVIDED - W/MEDIAN (NOT RAISED),SNOW OR SLUSH,208,S,LA SALLE ST,9,3,11,41.87910994,-87.63243043,POINT (-87.632430427645 41.879109939003)
b474cd0dd4baed9ea29053d96d6aa7eee5fba449ac0c89f6683e551a7d75edb4d130fe8330d6e01e2df08af8e1a022e0b7e085f186d3c456c598e67b4f6bb7c7,11/11/2025 9:00,CLEAR,DAYLIGHT,UNKNOWN INTERSECTION TYPE,DRY,230,S,LA SALLE ST,9,3,11,41.87853829,-87.63241426,POINT (-87.632414261188 41.878538291685)
49e26dba5d94a761cd8ff37c068166003ebb45dc9dcad1cbf8532e4469bb7a823fdbf6f447a421b9f4194c434858d0655636bd5bd3f631094f81045bc850b3e1,11/11/2025 7:07,CLEAR,DAYLIGHT,PARKING LOT,DRY,25,N,MICHIGAN AVE,7,3,11,41.8826705,-87.62424154,POINT (-87.624241538569 41.882670496958)
469c294588817bda85c292b140a72178b047ce0f420a0ec243f0934a8b3cd50f3b147c15686b37bb7edd310a7c52b3e5867ccb3501edfd1c9fbc06d302fae1e7,11/10/2025 14:42,CLEAR,DAYLIGHT,ONE-WAY,WET,60,E,VAN BUREN ST,14,2,11,41.87709818,-87.62542113,POINT (-87.625421129173 41.877098179652)
6dce877c0a4e016496855fa00a6880bc05243bba5543b6ca286262c815a70dd5b7d362829d8589745513df8d521d8bb1ca2685ef3a8b91c424c742011dd32905,11/10/2025 12:00,SNOW,DAYLIGHT,DIVIDED - W/MEDIAN BARRIER,WET,340,E,RANDOLPH ST,12,2,11,41.88462477,-87.61925432,POINT (-87.619254324027 41.884624773137)
f45795ac7712b3b2ed1da825da17c54428abcd0cfb01b1cba3dc5c1f3557bf9da7c7e37e6ed71dc848f9ec68d68a4251b13ee9c2f3d5f1f7ce4f27089c6e4f24,11/10/2025 9:40,SNOW,DAYLIGHT,DIVIDED - W/MEDIAN (NOT RAISED),SNOW OR SLUSH,301,E,NORTH WATER ST,9,2,11,41.88945828,-87.62036838,POINT (-87.620368376429 41.889458280109)
88604fe80c2d3e89218d5a6bebc2e4181becd8277924ecb7b3d6c1a5707c4b0be9b8eac4de6797c748b0a6faebe45d343759b798731757165ead0c37d174cf4e,11/10/2025 8:00,SNOW,DAYLIGHT,DIVIDED - W/MEDIAN BARRIER,SNOW OR SLUSH,13,S,MICHIGAN AVE,8,2,11,41.88175985,-87.62420921,POINT (-87.624209208507 41.881759848938)
e16c63d1e6b5ab87eed0c11b5744cf54cd10765a5f409886d051add59127ba9e1078888178a40ac6a7e2198854b0df7ebb2a7e0cb7a93007dff094f3f635d611,11/10/2025 2:30,SNOW,DAYLIGHT,FOUR WAY,SNOW OR SLUSH,140,S,LAKE SHORE DR SB,2,2,11,41.87993749,-87.61761553,POINT (-87.617615527096 41.879937494112)
d4646748253820b31103c70cbf36fb348e8e4e44a3f61d867d07bfcd6ce925ffeab4500fb3b4ea279c850a9de63225f9999bb79d981ecee29fda0e4aeec6a5db,11/9/2025 20:15,SNOW,"DARKNESS, LIGHTED ROAD",ONE-WAY,SNOW OR SLUSH,300,N,MICHIGAN AVE,20,1,11,41.8868758,-87.62468519,POINT (-87.624685186707 41.886875795392)
b2ba24ffdc215335fad2baaa75504cd73990c33bb5e872fd972e65af8407234603ae105b28e1ec3ab6d18e8151ca9acc580b61d42feae3d0820d111b39222394,11/9/2025 17:00,CLEAR,"DARKNESS, LIGHTED ROAD",DIVIDED - W/MEDIAN (NOT RAISED),DRY,109,N,DEARBORN ST,17,1,11,41.8834258,-87.62927978,POINT (-87.629279781774 41.883425803872)
579cb542deed8e954b51f02fec5c53d4bd7c2a0e9af571dc2a89f01270df68120feb2e738a665be3788428ac751f3da7b17d887651a74100e88553b71dafce6e,11/9/2025 15:51,CLEAR,DUSK,NOT DIVIDED,DRY,401,N,LOWER MICHIGAN AVE,15,1,11,41.88936014,-87.62413833,POINT (-87.624138329491 41.889360144459)
fb9726f4c0900d17f61639a06074f651644a45f8fd76374e69c11e97d334df5a886270f4878fcfcbb32f9204e89cdf5f521fe2369754b31e98c0b65bb460add1,11/9/2025 15:50,UNKNOWN,DAYLIGHT,NOT DIVIDED,UNKNOWN,111,S,MICHIGAN AVE,15,1,11,41.88052782,-87.62420947,POINT (-87.624209465859 41.880527821931)
f3f4dc33ff72ae14e0e195c18c7c53ad090bb4844fbe0b44257188993f1b037dc3a981639a9ff6ef9a36eb2448c33e6e02b0de67f4b105580fdc9da23813dee5,11/9/2025 14:30,CLEAR,"DARKNESS, LIGHTED ROAD",FOUR WAY,DRY,99,E,LOWER WACKER DR,14,1,11,41.88806789,-87.62472503,POINT (-87.624725028631 41.888067891573)
376af2cca5eb6fc7fd7e712f4a02994ae3939dd126f085b19b1118aeb9d7d83523c1a5b4b82e6566622a9bb2e6acc416b59849c578ca219c13bfa4692823f744,11/9/2025 12:35,CLEAR,DAYLIGHT,ONE-WAY,WET,92,E,GRAND AVE,12,1,11,41.89182003,-87.62544387,POINT (-87.625443874791 41.89182003397)
39a3e91abb03212e707c80901d42da90bcf5470f30e52040e6ff2c1c53c723ac9cf8c2e18d55da7a0149375e0ec4849582578e023c27916fad98bfa47777c4de,11/9/2025 10:30,SNOW,DAYLIGHT,ONE-WAY,WET,2,N,FRANKLIN ST,10,1,11,41.88196396,-87.63545917,POINT (-87.635459171235 41.881963960924)
122ee235515401299d075cca42fec991ab62c4aecafc18830e27cd1966fc98e745fda4e33032bfb917133bc70cc761cb8e17b52b384e9482ff1be37c299e5458,11/9/2025 10:19,CLEAR,DAYLIGHT,ONE-WAY,WET,25,E,OHIO ST,10,1,11,41.89237877,-87.62698328,POINT (-87.626983277027 41.892378774151)
d95ac1b4936a8f421eb0ad23297a7355796c6b805b9f7523c9544d5b63ac64b9c182e99ff55ac82223288a95086c03565c0dc7b9ff8609728bf099766d128b30,11/8/2025 22:00,UNKNOWN,UNKNOWN,ONE-WAY,UNKNOWN,43,E,OHIO ST,22,7,11,41.89239475,-87.62641534,POINT (-87.626415335436 41.892394750983)
49325a7f411714a65020f0539b23084f4928c707094d46640a7fb6f1e2777b4ecb9a95b3ef837d1203aa78496797a642dd669a4bf5d59bdb687a3281c7a6ed2c,11/8/2025 21:55,RAIN,"DARKNESS, LIGHTED ROAD",FOUR WAY,DRY,108,W,KINZIE ST,21,7,11,41.88931602,-87.63148774,POINT (-87.631487740728 41.889316023524)
a121a44569a8cc688604fa0cd7118b2307d75dd9019dfe54ea8ecf6d98f2ba84b0897d03445b8a1c8fd62f69bd281081f92ca72bf6958650f6777e859d9e97f8,11/8/2025 21:39,RAIN,"DARKNESS, LIGHTED ROAD",DIVIDED - W/MEDIAN BARRIER,WET,101,S,LAKE SHORE DR NB,21,7,11,41.88085693,-87.61710338,POINT (-87.617103384378 41.880856926277)
7a278b728a243bc740cdebd9a7a6f487cca1ebed70b166b87a9141c070b4d53470ec6ee30f712827d246d389e53fa355b2731654eecc35f60fbc2367f786dfc3,11/8/2025 18:05,RAIN,"DARKNESS, LIGHTED ROAD",FOUR WAY,WET,340,N,LOWER MICHIGAN AVE,18,7,11,41.88784576,-87.62474279,POINT (-87.624742790729 41.887845762022)
aa8538716495b0df70246c6a3db00bb2e1317b3a2fc172e0976342908c28e34e80b867ca1d2458eb9fbdeca35de0a7eeab9d4a8a51ce3a6fe2f7423e61f6261a,11/8/2025 15:00,UNKNOWN,UNKNOWN,ONE-WAY,UNKNOWN,43,E,OHIO ST,15,7,11,41.89239475,-87.62641534,POINT (-87.626415335436 41.892394750983)
f4909e1477d4d5a04bc634ddd240bce5a4934dc8990fcb92ecacd5f28c8a71990c780cabf240a95793797be92065a92449353779a7f5e39e90e5b521e4122f3b,11/8/2025 2:32,SNOW,"DARKNESS, LIGHTED ROAD",DIVIDED - W/MEDIAN BARRIER,SNOW OR SLUSH,301,N,LAKE SHORE DR NB,2,7,11,41.8870733,-87.61369511,POINT (-87.61369511332 41.887073295859)
3ea95acb8834ad42434713b5bea7e794e1c596dd4c9322f9f5ed83011f16a54a381b96189fb1aef0bff558423110f731e7a3a64a48f3bde47ff652cfd863d742,11/8/2025 1:00,CLEAR,DARKNESS,ONE-WAY,DRY,431,N,CLARK ST,1,7,11,41.89006397,-87.63093618,POINT (-87.63093618383 41.890063971664)
c6d2401549840d5a29d135066d0b814756ab043a96d5ec29e60f41f2700ed485a7305b8e340d692e93cfb7ca23f7e1701333b8a1ef109544b204e5eb6975ca05,11/7/2025 21:20,RAIN,"DARKNESS, LIGHTED ROAD",PARKING LOT,WET,401,N,STATE ST,21,6,11,41.88926542,-87.62786766,POINT (-87.627867657864 41.889265415961)
16ed532718fe8708c969d1f90bc859124c2efc7dbae24f7dc986aecfecfd1152bfecd814a58103038750491c6b305207623f6a1d67901f8aa2d6204194dfde05,11/7/2025 21:05,CLEAR,"DARKNESS, LIGHTED ROAD",NOT DIVIDED,DRY,300,E,OHIO ST,21,6,11,41.89271058,-87.62013066,POINT (-87.620130658406 41.892710584594)
d5b7c0c73cf7f0619f6ef91380478267cf726a46f74e3902046a94b0d05fbd4d7373d470ef413c7657d50152505c2ac94b9ce5cbace58d25d9666abb64527c0a,11/7/2025 15:30,CLEAR,DAYLIGHT,DIVIDED - W/MEDIAN (NOT RAISED),DRY,36,N,WABASH AVE,15,6,11,41.88286326,-87.62637892,POINT (-87.626378922199 41.882863258866)
c37ba46863ed768bed5b5a9a1a1d6946fa70149c8908c1a0da17f227c180245be53d5968d1b4cd9ba5ae814af9213a22a9a085961acca35c65454d2eea29d05f,11/7/2025 14:45,UNKNOWN,DAYLIGHT,DIVIDED - W/MEDIAN (NOT RAISED),UNKNOWN,200,W,RANDOLPH ST,14,6,11,41.88457905,-87.63396972,POINT (-87.633969720953 41.884579045949)
40785e7048e496a747235316e99a57fc9e9ce8d18931904342aee341b521ebf3e8b54a56bb79e8d3f110e5b0e402bc3e04674ee76bf602bc549f68913d6954f1,11/7/2025 11:42,CLEAR,DAYLIGHT,NOT DIVIDED,DRY,255,E,OHIO ST,11,6,11,41.89248518,-87.62052488,POINT (-87.620524877567 41.892485183)
f6b2e000d2869c52b15e120e541491baac104248511219ecee9a561ae6b6163a1a90ab0e7074600d539d6d71608565903ffe5db28776a1694e34ecf927bff972,11/7/2025 11:00,CLEAR,DAYLIGHT,DIVIDED - W/MEDIAN BARRIER,DRY,333,N,MICHIGAN AVE,11,6,11,41.88754294,-87.624407,POINT (-87.624407002456 41.887542941392)
c7cc5560051f42d70327f55ff72ebf6b9bed5515340761e887e98f0614dd1e0e7d4f47c1c21108d14a66ba457781cfa2eaaea61ecd537d0aeea5c43c505fed27,11/7/2025 7:10,CLEAR,DAYLIGHT,DIVIDED - W/MEDIAN BARRIER,DRY,510,S,MICHIGAN AVE,7,6,11,41.87545891,-87.62440057,POINT (-87.624400570929 41.875458907206)
0d15341343ba9b4fa632f386ffe96f3bb70b3dfdee85cea68ef79a06bfaac79fb23381c6d232f18f8053da240deaac9bdbb528247a8d97f5518e5eb69789de25,11/6/2025 21:50,CLEAR,"DARKNESS, LIGHTED ROAD",DIVIDED - W/MEDIAN BARRIER,DRY,598,N,MICHIGAN AVE,21,5,11,41.89251114,-87.62433096,POINT (-87.624330957796 41.89251114494)
cac8d4a26502fc7aee92c836f4caaf4e2fb70cb47d0d9959371d6071cb0f8225a6f1cd9f4729a8c8ba0886666a6cec00e7743c16f5993a9d3236ce1c66018407,11/6/2025 18:25,CLEAR,"DARKNESS, LIGHTED ROAD",DIVIDED - W/MEDIAN (NOT RAISED),DRY,135,W,WACKER DR,18,5,11,41.88670509,-87.6322065,POINT (-87.632206504659 41.886705085409)
4178cae6cabceb3b40ddc9b7b329c1bda110859fd01b59a33d0970c535666e1cde17bb1e03077ee9c10f134f351a804409a316b5e6834031b940be60543bb475,11/6/2025 17:15,CLEAR,"DARKNESS, LIGHTED ROAD",FOUR WAY,DRY,150,N,MICHIGAN AVE,17,5,11,41.88453096,-87.62460204,POINT (-87.624602044601 41.884530963783)
8368ff30d30229ec0c10f0250b7a2c85c1e59d873360825ea7410b90ce523190ea8933cba1bdfb1a32990947bb89bbaefca56dd32482391ee70c5daac3df7bb0,11/6/2025 16:00,CLEAR,DAYLIGHT,PARKING LOT,UNKNOWN,177,W,LAKE ST,16,5,11,41.88562179,-87.63324313,POINT (-87.633243131937 41.885621787147)
c454756568b1df8645892957d36c1de752eb47403ce2dafc722eaf55768cb90bb2cb24ec9ff53727c4683819262aab77feaca8a6fec87ec6a25dcaee187f0ae4,11/6/2025 8:25,CLEAR,DAYLIGHT,PARKING LOT,DRY,210,N,WELLS ST,8,5,11,41.8860284,-87.63408498,POINT (-87.63408498312 41.886028398061)
726af1d5205a68d1b8944e3015987eeb89d1c76afab79e85e665d19773215fa2af2e1e2c3e01d11707846c44766951c113c51028f13e2ad0a15a7844c59fe37e,11/5/2025 20:25,CLEAR,"DARKNESS, LIGHTED ROAD",ONE-WAY,DRY,170,W,WASHINGTON ST,20,4,11,41.88331726,-87.63302428,POINT (-87.6330242843 41.883317260833)
3fe877f955fc84c28b2424bf246d3ed55d1d056d5e8256aa972cf4d7106cd64db7ebeca013c5cfac5e50c01c5a19728ce22fd610bc5c8d107baa18637a47e229,11/5/2025 20:00,UNKNOWN,UNKNOWN,ONE-WAY,UNKNOWN,171,W,RANDOLPH ST,20,4,11,41.88436188,-87.63316454,POINT (-87.633164537609 41.884361877482)
0a5f9d42b29a36172f2cbd319358b591cebf622ba19a3035fd96ded0432e7fb043365fb9c26568de57d46ca3ba57d24d3d6d9b713782eab310a070cc013e4c77,11/5/2025 18:38,CLEAR,DARKNESS,TRAFFIC ROUTE,DRY,300,S,LAKE SHORE DR NB,18,4,11,41.87831013,-87.6175759,POINT (-87.617575903416 41.878310134581)
abbb5be39d7b157c314347ce85f10788f22cb411d6a9cb981469762e9fbb000e403340aeb78387fe36f2d38e45fffc5ccc3d5b31d944a1895855a74c356d3150,11/5/2025 18:36,CLEAR,"DARKNESS, LIGHTED ROAD",DIVIDED - W/MEDIAN BARRIER,DRY,224,N,MICHIGAN AVE,18,4,11,41.88637482,-87.62467544,POINT (-87.624675435659 41.886374815211)
22f60f1b7b4246bd84251fa360e6d54dfd91cbcdd51b62690749b868a2226faffd1004f59cf40309147c1645b4a356ee50b4009dd073c1ff83f845b6b63dce87,11/5/2025 18:00,CLEAR,"DARKNESS, LIGHTED ROAD",DIVIDED - W/MEDIAN BARRIER,DRY,130,N,MICHIGAN AVE,18,4,11,41.88398741,-87.62457927,POINT (-87.624579272075 41.883987414897)
5b94cce3c2bf44dd1ba09d8a031e29109a2f18d1dc1f3ed3775296deb0c1d66e0e4e50d04279b174c4a96e4c2dfff9e40b72abd165bf4058919859b60770b0bf,11/5/2025 17:05,CLEAR,DUSK,PARKING LOT,DRY,20,E,RANDOLPH ST,17,4,11,41.88460285,-87.62718694,POINT (-87.627186940196 41.884602854888)
dcb08d6e13e653df0ac193bdb372d9db92cd95a6167d280bb44ea4d2f9836fcbd242d3a9b794a5b70b3071fcd9709dede4f24e000d034b4f695c503e26a4e667,11/5/2025 16:29,CLEAR,DAYLIGHT,ONE-WAY,DRY,500,N,LOWER MICHIGAN AVE,16,4,11,41.89096978,-87.62430764,POINT (-87.624307641776 41.890969780111)
8f35a770a52c13d228bf834441153211dff9064dd5b2d8c382e9875a525f2122401144fa66f26148da5e400b5a2903f0a4d290aee0d6203eb355714ada347405,11/5/2025 15:50,CLEAR,DAYLIGHT,FOUR WAY,DRY,33,N,DEARBORN ST,15,4,11,41.88280623,-87.6292815,POINT (-87.629281495683 41.882806226618)
b6d0b95985ca0a816ed5efb469c65d8d4999ac7a7094e610c08ac42b0567ec0b176c42cdc4f56db447edd94f86954427852c0daefb9cef0090dd52af93772704,11/5/2025 15:19,CLEAR,DAYLIGHT,DIVIDED - W/MEDIAN (NOT RAISED),DRY,118,N,LA SALLE ST,15,4,11,41.88370901,-87.63256802,POINT (-87.632568016971 41.883709005986)
fe1783613377c6ce63dce3eb86cad45833ddf10f6b657b563e60cfcc7bde845e2cc206066638ee473c3f48708e1a12682edc0519a70ffe618758c284f9746c77,11/5/2025 13:20,CLEAR,DAYLIGHT,NOT DIVIDED,DRY,541,N,RUSH ST,13,4,11,41.89219497,-87.62523086,POINT (-87.625230863447 41.892194967717)
1acba2d7e03a7cbd0062732a10f6c94244e8a5b8602c78647b30f613f1f0fd7c8203c90f476be68023585742361a5a1b4139ec57bc0479bf6aa6de0390fab49c,11/5/2025 13:10,CLEAR,DAYLIGHT,ONE-WAY,DRY,24,W,RANDOLPH ST,13,4,11,41.88459574,-87.62879501,POINT (-87.628795005363 41.884595743949)
3d8795f4f3ebd99cb3037579f8aed2be84aa322cb9d0ef77226bffe91d4a8ccfab38614e167621b6f1b725ab976f637786d007a3f3e7708ca56fba38f0a46857,11/5/2025 13:00,CLEAR,DAYLIGHT,NOT DIVIDED,DRY,106,W,HUBBARD ST,13,4,11,41.89012615,-87.63142133,POINT (-87.631421329711 41.890126146566)
2230709bd2856282dff4990b051a4033e5c450cbf9db95c973acbb0921cdd2d9f1c5c165b75497e49864a4ddd285aab318466b14658048ecd9c7869f3443adef,11/5/2025 12:58,CLEAR,DAYLIGHT,DIVIDED - W/MEDIAN BARRIER,DRY,100,S,MICHIGAN AVE,12,4,11,41.88077066,-87.62448302,POINT (-87.624483017136 41.880770664748)
50c7a431215b644d41048c898749f0c69aa4b03218356435efea03f82a7b8f1dea48c3c5de8b5136d37a492681ec36652d32fba0ae7f5b722f684a8cb5b0e0bc,11/5/2025 12:52,CLEAR,DAYLIGHT,ONE-WAY,DRY,78,E,WASHINGTON ST,12,4,11,41.88333428,-87.62505014,POINT (-87.625050135114 41.883334279294)
69a8e542fb6b396b9691eea045364ef89db3cda0f95c1a9aca03f72ae876b2f494f764f19ba44c8c86023a91de7535ab1f99a0c7899a5bf2d344fcd92c552856,11/5/2025 11:30,CLEAR,DAYLIGHT,NOT DIVIDED,DRY,2,W,IDA B WELLS DR,11,4,11,41.87574748,-87.62767401,POINT (-87.627674006991 41.875747479612)
b58f074235380420b5131ca38a868911a0861c271682f50ea0b3a86778216a699a062d7a88ba774347cb747b867284fe5d95b69b229526bee23b7d62e41b2d88,11/5/2025 11:00,CLEAR,DAYLIGHT,ONE-WAY,DRY,33,N,DEARBORN ST,11,4,11,41.88280623,-87.6292815,POINT (-87.629281495683 41.882806226618)
a1f7071ab0a62bec545c3961367e905d74f39730bc4c1a51100be027d57619addc850d8e2e25f14a445b37c7b2f1bd42d737b3a588b784698be37704d2a07a1e,11/5/2025 10:12,CLEAR,"DARKNESS, LIGHTED ROAD",ONE-WAY,DRY,221,W,WASHINGTON ST,10,4,11,41.88309963,-87.63448944,POINT (-87.634489437153 41.883099629999)
b372d717e283a15b0f1b8c5a901a0dc5a53b7f1a494d5c5750b0e6ad3d6c840fa6a975c5332ea214c1cfd2a7b35e4db2dbc29e1e3583fbc43de1264fd7324f39,11/5/2025 8:00,UNKNOWN,UNKNOWN,ONE-WAY,UNKNOWN,401,E,ILLINOIS ST,8,4,11,41.89094362,-87.61754059,POINT (-87.617540592608 41.890943615222)
6b6f8383cf272d6f34d11372975a648f88c9534d6a4d5d8306b1b0f04eb21823f4afd934f626af4b9097d17c5bc3fe8ddbc22f4504f98a2fb243ee7d8e7c0450,11/5/2025 7:30,CLEAR,DAWN,T-INTERSECTION,DRY,301,S,LAKE SHORE DR NB,7,4,11,41.87831701,-87.61705213,POINT (-87.617052125371 41.878317010667)
a6e51c979dc9940f0ea7c27bbfe7d719194dbcd77337cfa2ea24d4b81f4429c478fa0e1754f38c26dec3e4dc952fc55b38561d52784d8e59a99bd3fc911aff1b,11/5/2025 7:10,CLOUDY/OVERCAST,DAYLIGHT,T-INTERSECTION,DRY,211,W,KINZIE ST,7,4,11,41.88893589,-87.63437692,POINT (-87.634376916171 41.888935893196)
4f6b7027c0c1eb8b2315b11b09fa1fee60db0c13e8e726d756625e0a40776a083d01da329ae730e1621a1a2f7dcefc88da200611ec78c1b5df071c498eb2514d,11/5/2025 6:45,CLEAR,DAYLIGHT,DIVIDED - W/MEDIAN (NOT RAISED),DRY,300,N,MICHIGAN AVE,6,4,11,41.8868758,-87.62468519,POINT (-87.624685186707 41.886875795392)
c54e2b9b3a436665f78f5f6aec9be5cc3c51027bc9015ea3098e12f458b5d10442ed8ec8a3cc1b54ffcec631bfc5263f4f415b6d7e477b40b99e04708de446fa,11/5/2025 0:59,CLEAR,"DARKNESS, LIGHTED ROAD",FOUR WAY,DRY,625,N,MICHIGAN AVE,0,4,11,41.89329954,-87.6240647,POINT (-87.62406469681 41.893299544116)
417763343df23e2204f7837d7f583cd04ab796da28b46b1e26fcf4dccc77e558eb99ad3e729d24de10b46ccc0c000649dbe22d5887fa657cc4d069212881e200,11/4/2025 21:40,CLEAR,"DARKNESS, LIGHTED ROAD",FOUR WAY,DRY,2,W,ILLINOIS ST,21,3,11,41.89097431,-87.62812092,POINT (-87.628120922494 41.890974305366)
162ebcfc8c3c949826002827eab05379aadfb56aba278a12f078c60e217e2242c85ffa362561f09d7fc5fd1f3f7b1da6760683b2772cc2f06f678c2d4016b86e,11/4/2025 13:40,CLEAR,DAYLIGHT,NOT DIVIDED,DRY,540,N,MICHIGAN AVE,13,3,11,41.89214078,-87.62431278,POINT (-87.624312784422 41.89214078372)
62adbe109e3029300245688d46b509dc4133207f22c5a20e015ee955293629980555e800fdd788b73edcd6255e7141cf6038ef280b3bebdf00624e20ad4886a1,11/4/2025 0:10,CLEAR,"DARKNESS, LIGHTED ROAD",NOT DIVIDED,DRY,178,N,WABASH AVE,0,3,11,41.88531449,-87.6264134,POINT (-87.626413394966 41.885314491307)