CRASH_RECORD_ID,CRASH_DATE,WEATHER_CONDITION,LIGHTING_CONDITION,TRAFFICWAY_TYPE,ROADWAY_SURFACE_COND,STREET_NO,STREET_DIRECTION,STREET_NAME,CRASH_HOUR,CRASH_DAY_OF_WEEK,CRASH_MONTH,LATITUDE,LONGITUDE,LOCATION
5456d4567b9bc4128ad63093f84632d2e128dc0e8049750ff60f005b80f8ab1ead0b3cd0d96d9d1e197e54c0b4e232cfbad6393ee00c146b263cbd14de3a1e86,11/3/2025 20:50,CLEAR,"DARKNESS, LIGHTED ROAD",ONE-WAY,DRY,9,W,WASHINGTON ST,20,2,11,41.88310883,-87.62824452,POINT (-87.628244524231 41.88310882738)
14c5f32704905d1159402acb1ac3c709df42957f7dc75d5317a781ca9a6ac85cba767450c739f3dd0b6c778da4220f0f8c626935ebabf396b063d5ed69223480,11/3/2025 20:00,CLEAR,"DARKNESS, LIGHTED ROAD",NOT DIVIDED,DRY,187,W,WASHINGTON ST,20,2,11,41.88309873,-87.633461,POINT (-87.633460998647 41.883098727636)
a07871405dbf7316a5f7b98f746747274232af527f3b5101316e595926720cc5ea22ff875e00c0683b1e8460f33c482dd800d6aeb227a700395280732eae0fa4,11/3/2025 19:48,CLEAR,DUSK,DIVIDED - W/MEDIAN (NOT RAISED),DRY,12,S,MICHIGAN AVE,19,2,11,41.8818033,-87.62450427,POINT (-87.624504273853 41.881803300378)
26f27761348228f3de1e65b99f3cc2e88fccaabae940ab6b49025222b713d8d52e6e3288d152dab61f0bacd76c137c08342a7d68c8681d610dccef61436fdb3f,11/3/2025 19:01,UNKNOWN,UNKNOWN,NOT DIVIDED,UNKNOWN,102,N,DEARBORN ST,19,2,11,41.88329456,-87.62957895,POINT (-87.629578952281 41.883294559936)
8c308bb59f67b4e0366f8ed6e2d0afb07224f1bbdddb09f4a61a84dff851336c62153f87cae0a544f250fcb21ceab2cb32f4ca78af453ead5b8edd754b80e448,11/3/2025 18:30,CLEAR,DAWN,DIVIDED - W/MEDIAN BARRIER,DRY,122,S,MICHIGAN AVE,18,2,11,41.88026337,-87.62450498,POINT (-87.624504980387 41.880263372185)
8842a5a75d1e369940632545380ccb0e4386af115b1f1d22d15eaeb63d7af4322b582d661ea8c9f7120b9873adb53593210faa6317a18cae03d4df3c9b9a4306,11/3/2025 16:45,UNKNOWN,DAYLIGHT,ONE-WAY,UNKNOWN,43,E,OHIO ST,16,2,11,41.89239475,-87.62641534,POINT (-87.626415335436 41.892394750983)
23c54aa57ab1811f8f2515672b4b19a5f8f54eefd30e20604f8e71c78d640ad619690ca630cae088b344f518936c7f721dff3c6b8733f7fc11d3fdb5dc0511fb,11/3/2025 14:15,CLEAR,DAYLIGHT,DIVIDED - W/MEDIAN (NOT RAISED),DRY,511,N,COLUMBUS DR,14,2,11,41.89140488,-87.62008123,POINT (-87.620081229738 41.891404880694)
d71bf2ca3e44bb0b77009f27b5581c24b737f743dfe3fa7694bdb99074d37f25d06019e04fc11393fd7db1c5de4dd45ccee36422a490d814cfbb1662bda6e257,11/3/2025 13:30,CLEAR,DAYLIGHT,FOUR WAY,UNKNOWN,101,N,MICHIGAN AVE,13,2,11,41.88329662,-87.6242558,POINT (-87.624255795047 41.883296623179)
082acff88ca5b489f6d98ce435931fefc6d8ffab8e3ef1e19ce40785af49f03210d4fd4374532706717dcbfe0270f4ffe246a8d85dfd4b50251e812e5abbc241,11/3/2025 12:00,CLEAR,DAYLIGHT,ONE-WAY,DRY,101,W,WASHINGTON ST,12,2,11,41.88310098,-87.63098188,POINT (-87.630981878887 41.88310098165)
e06158a6d622c80f80869c605dc6ebce3d5fd426db8f76d979ae84b093677c9a920e6bba4211ff61ec5a1c62226248262001a5dc4373621f1f2c66a2c177c9cf,11/3/2025 11:00,UNKNOWN,DAYLIGHT,ONE-WAY,UNKNOWN,59,W,WASHINGTON ST,11,2,11,41.88310171,-87.62991864,POINT (-87.629918640924 41.883101713595)
8b4acb6b08c723b48590a0bcc3cf67e78a28045f216f5b169093e1953513cfac63c61a39da7784287d624efd5f9c1b711f2f051b1da995684d1b9b8364a5b5a7,11/3/2025 8:50,CLEAR,DAYLIGHT,DIVIDED - W/MEDIAN (NOT RAISED),DRY,301,S,LAKE SHORE DR NB,8,2,11,41.87831701,-87.61705213,POINT (-87.617052125371 41.878317010667)
4a7f724e3c4b15831ed46cf51fc124943a6193c1483eb6a49ff2cfa69d064f34bcea8be7d4c049ca363ee990ea12f44ce0dd130ab421be92a09c5b0a61c95f8e,11/3/2025 8:10,CLEAR,DAYLIGHT,FOUR WAY,DRY,298,E,JACKSON DR,8,2,11,41.87844007,-87.62076847,POINT (-87.620768473968 41.878440072137)
7d1127ebd9ccd95b26d0f9968041c6164ac1ff24c98da03f0642f749f249c95226f117bc95037d504b072ce5f0e30e06fcfaf2f16b9dde054ec87626f8b0c9a7,11/3/2025 7:55,CLEAR,DAYLIGHT,FOUR WAY,DRY,300,S,COLUMBUS DR,7,2,11,41.87826558,-87.6208223,POINT (-87.620822302974 41.878265577833)
f2fdc51221bc3d6c1981c8aa7d45ffefbfb2ebc88faefeca7df19f3c378f62aa3a299ec52fe0af73e149b8c6e5fbefae12a965e08d26a24f066f92f3fa75da12,11/3/2025 7:55,CLEAR,DAYLIGHT,ONE-WAY,DRY,131,S,DEARBORN ST,7,2,11,41.87988544,-87.62921159,POINT (-87.629211594803 41.879885440301)
2c2015c709db03d573227115eb464896b35a47d323b613590d486d5b3452438908ade73fb395ae6daa3cbfe72827aeb8d03a7d48ddf2f0e35334d904239eb247,11/2/2025 19:00,UNKNOWN,"DARKNESS, LIGHTED ROAD",ONE-WAY,UNKNOWN,317,N,CLARK ST,19,1,11,41.88796934,-87.63088634,POINT (-87.630886337829 41.887969335307)
1ebf3466b1eec688f9b34ae1a8294ec4317cd69c5d179f2b1ed25db0cadbd38c9767a755f6613f4c2feb698dd0d4240995b5b8cd9327f920174ff2fd89091b01,11/2/2025 17:00,UNKNOWN,UNKNOWN,UNKNOWN,UNKNOWN,333,N,DEARBORN ST,17,1,11,41.88841374,-87.62941081,POINT (-87.629410812998 41.888413743062)
b46b09067624d049feba96f4c678bcf5956c94556d3564e6a4b9c7fb53a7467dd5d035878b1a926d5f3348b861c2d339d6b0491c49ffea686ac5ce7eb571174e,11/2/2025 13:30,CLEAR,DAYLIGHT,DIVIDED - W/MEDIAN BARRIER,UNKNOWN,121,W,WACKER DR,13,1,11,41.88670647,-87.63174095,POINT (-87.631740945436 41.886706472621)
0d69b1617e8f4a31e901208654810a3ed36cdac6f0fac4c7ad0d1158ed446130683d97945702c7f9b0f27b03439333850b1ad6db91b266d0f62706425857c867,11/2/2025 11:05,CLEAR,DAYLIGHT,ONE-WAY,WET,54,W,ILLINOIS ST,11,1,11,41.89093447,-87.63005444,POINT (-87.630054435264 41.89093446691)
a9beae22698ef739e365e7de3cf0fbb9c5deb08679ba04f67ff86a33e68e45914334b67ebf183e9520473a63c84138c6d32917d66d782fe9407b773357f4ea0e,11/2/2025 7:30,CLEAR,DAYLIGHT,NOT DIVIDED,WET,35,E,WACKER DR,7,1,11,41.88683151,-87.62655608,POINT (-87.626556084936 41.886831512317)
f05afb219054f1ebc61b61d058ef58ce29e18f5d2fe2246ff315afe6446384edb1f6b9c3c878b3a3b33becdbea563d33da6fc0964f4d3e3c0a408647904ab78a,11/2/2025 6:47,RAIN,"DARKNESS, LIGHTED ROAD",ONE-WAY,WET,434,S,WABASH AVE,6,1,11,41.87612031,-87.62618372,POINT (-87.626183720087 41.876120311661)
3ac3d2b121128382af2cb7f8473d515863ecbc657eb9bd0cfbfa4af5af7abf4739f230725bdc64b091d23e3373bbf395a6e6581d1203e487941f853719a439d6,11/2/2025 2:17,CLEAR,DUSK,NOT DIVIDED,DRY,501,N,LOWER MICHIGAN AVE,2,1,11,41.89097714,-87.624014,POINT (-87.624014000045 41.89097713655)
bb9d23245e06b723e35e43b99d780a6847cb45b9435b1d823c290b7b481606a0df639cef0772d4fb3eedba3475d34476be14cf0f166bc6c0f4cb92cd3c5b4ee5,11/2/2025 1:10,UNKNOWN,UNKNOWN,NOT DIVIDED,UNKNOWN,333,N,DEARBORN ST,1,1,11,41.88841374,-87.62941081,POINT (-87.629410812998 41.888413743062)
0d750e737db8f9be1d7d9d83b19323bc3b62b7f70b4c19601da05e7ba5fc8cb69bf59d385d0ac54868628c963098e20289093ee42ab251dfcb53ba4485c92c08,11/1/2025 19:45,CLEAR,"DARKNESS, LIGHTED ROAD",DIVIDED - W/MEDIAN (NOT RAISED),DRY,47,E,IDA B WELLS DR,19,7,11,41.87558205,-87.62579754,POINT (-87.625797543323 41.875582050895)
33663c6bac9f2dc852735dc970d01fe3a2bb400f3387f544919e1c1e90d31c99f4e9cc2daf6a81f368a8c26e286e20ad01c575ff9a962efa2ce330eb4343e2b4,11/1/2025 18:50,UNKNOWN,DUSK,FOUR WAY,UNKNOWN,407,E,MONROE DR,18,7,11,41.88087783,-87.61692073,POINT (-87.616920727703 41.880877828255)
e9bd2bfd5c4cfbc6de7452195f57fee5ae789db6f8f88bda6ac93790146e14b4e09e7d83f4e13cc8d364064980c35b35a9d0a21770569b001d297c6834a7dd63,11/1/2025 18:30,UNKNOWN,DUSK,DIVIDED - W/MEDIAN BARRIER,UNKNOWN,201,S,MICHIGAN AVE,18,7,11,41.87949176,-87.62420439,POINT (-87.624204388826 41.87949176069)
a63c8544a678cd6bf2fbde3f3713552605bb6a0ad8b459e72f6e7fe511179878604d543ed4be75b315d8f351ac3e4f73a1e5d2e994ba8a6ea263205a408f1f27,11/1/2025 18:15,CLEAR,"DARKNESS, LIGHTED ROAD",DIVIDED - W/MEDIAN (NOT RAISED),DRY,111,S,MICHIGAN AVE,18,7,11,41.88052782,-87.62420947,POINT (-87.624209465859 41.880527821931)
6c1ca4b98d8b48dc73b4d9500ec8448dbdad419119d056733d943df407e7bc0c70713228428cc90eff963bab9a6e82598c8bd7782dbfc3418364e90f9ec77117,11/1/2025 18:04,CLEAR,DAYLIGHT,ONE-WAY,DRY,11,E,ILLINOIS ST,18,7,11,41.89076289,-87.62754901,POINT (-87.627549005802 41.890762892533)
860c29c2062d3ac7eccdd456bff28523da65fcdf3228669efb42f1476229948c540f7d3dc4c1733b496743d97298af14faddc4e360d6633f229a04710cb7891b,11/1/2025 13:50,CLEAR,DAYLIGHT,UNKNOWN,DRY,121,W,WACKER DR,13,7,11,41.88670647,-87.63174095,POINT (-87.631740945436 41.886706472621)
f4fe2e0e3839a60686cd4641203e8761214d82cc1e02dc29bf16e09b43bac4834084ab0ebbbdbf3f49bf6f2172be609c9e39f707c1ebf8b5bdcc283e33eb936d,11/1/2025 13:12,CLEAR,DAWN,FOUR WAY,DRY,300,N,COLUMBUS DR,13,7,11,41.8869732,-87.62084833,POINT (-87.620848332588 41.886973200874)
50227698911392798c91627c54f3ef4e6005c3c4af0bbd0a92667fec490082061b1b88d0716403d460759e00e5eadce88c08f1498500927b127d470083ff177b,11/1/2025 13:00,CLOUDY/OVERCAST,DAYLIGHT,NOT DIVIDED,UNKNOWN,151,E,WACKER DR,13,7,11,41.88799989,-87.62256513,POINT (-87.62256513256 41.887999887349)
49fa7af0ff5005403915aff0b61fcbda9150e09477a05e2bd826ebbe5a78b903aeea42dbb6c1fdf380c92ac762881f8760231be7152166fb623641acf24f4bbe,11/1/2025 9:27,CLEAR,DAYLIGHT,DIVIDED - W/MEDIAN BARRIER,DRY,100,S,LAKE SHORE DR NB,9,7,11,41.88085605,-87.61763589,POINT (-87.617635891755 41.880856047671)
91c421b691c5bb3a933c0db38ca82889d1f9e0d1f3a0e2931322e5580f86446199c589815a9957e0741b7f26fb367c5708843df2c64fc644b93c7585781bb72c,11/1/2025 3:30,CLEAR,"DARKNESS, LIGHTED ROAD",NOT DIVIDED,DRY,5,W,HUBBARD ST,3,7,11,41.8899516,-87.6282288,POINT (-87.628228797651 41.889951601607)
a5a8e70bee6e50057b113aa7debd73cad4a3033591b8ce1a895897517a7cb942a6aaf5906445165e9f030a7c3c0e77aa8b03e0f8787c4f13752692448f810055,11/1/2025 3:30,CLEAR,DARKNESS,PARKING LOT,UNKNOWN,155,W,KINZIE ST,3,7,11,41.88906678,-87.63321745,POINT (-87.633217446553 41.889066784471)
610b959a5d882cacc03b86d7adc7ad224bc8b4d6e446339e942f8999418c7e892c3e5337d380e20cc5b140029a0421d2590418812c6cf695b0b5df77f43d5499,11/1/2025 1:30,UNKNOWN,DARKNESS,FOUR WAY,UNKNOWN,29,N,MICHIGAN AVE,1,7,11,41.88275457,-87.62424151,POINT (-87.624241507885 41.882754569374)
ffc6ed6c95ba8a346e37325a6927775a3c419706868053ba7908fb4c30b27a3b97950fa0f00da3c1286f0b702299e1759af73ac30b41e5cc0f3efc1394156e2a,11/1/2025 0:00,CLEAR,DARKNESS,NOT DIVIDED,DRY,450,N,CLARK ST,0,7,11,41.89078197,-87.63125181,POINT (-87.631251814186 41.890781971197)
cb09d74eaee7aa0d3e0683dd38686b2279c92228a1dac47c7b103bf84b68237a043c5a89e65aac0e82e4401191cf78b45c80fa4ebbb4d4ea3cb2d1677005e49e,10/31/2025 20:10,CLEAR,"DARKNESS, LIGHTED ROAD",DIVIDED - W/MEDIAN (NOT RAISED),DRY,320,N,CLARK ST,20,6,10,41.88808496,-87.63118185,POINT (-87.631181850766 41.888084956337)
291e8ab0093400db5831b86e98ad40ed5546948a7f8522fdd01084a0ce0c331e7463d905f87733254b902a5bb777c039ef8612aaa84ad7b2e424b0bef1fa74e2,10/31/2025 20:00,CLEAR,"DARKNESS, LIGHTED ROAD",ONE-WAY,DRY,317,N,CLARK ST,20,6,10,41.88796934,-87.63088634,POINT (-87.630886337829 41.887969335307)
d7f7c8d2af67592773ea586e8630d6bd714063258306bd46def09e29780accb91c2fe17d64485422265dc086d9be53b224987b93e8f8c3c009c5f5e58aaf68e9,10/31/2025 14:48,CLEAR,DAYLIGHT,NOT DIVIDED,DRY,10,S,LA SALLE ST,14,6,10,41.88167476,-87.63250419,POINT (-87.632504188958 41.881674756837)
ab7226536ff9254970d567ba90f9d1ad68d86c012d7aa60518164b0dfa4a92df16123c98252d8a978ead870235db5b170fcc8901d2808bb3a3f33158f55de9ff,10/31/2025 10:10,CLEAR,DAYLIGHT,DIVIDED - W/MEDIAN (NOT RAISED),DRY,2,N,LA SALLE ST,10,6,10,41.8819923,-87.63250663,POINT (-87.632506626701 41.881992298253)
a1d0321005dbc5cb7c09c6da5565407f1287a91423ed64d83eea4da7f7ddd16ffcf5ee77ebe4d9ab2a2d3ebb571a9f0090e68124b26211d5d969b02f1d358bc5,10/31/2025 7:00,CLEAR,DAYLIGHT,FOUR WAY,DRY,100,S,LAKE SHORE DR SB,7,6,10,41.88085605,-87.61763589,POINT (-87.617635891755 41.880856047671)
4506767bc98fd271cadcbc4f9ea2448330a46a878ce78d892887e47daf1df302aeb73863570dbd4d9bc0799f8d4012160cea24178dc92f220b072ecab2fd3cbb,10/31/2025 2:02,CLEAR,"DARKNESS, LIGHTED ROAD",DIVIDED - W/MEDIAN (NOT RAISED),DRY,54,W,HUBBARD ST,2,6,10,41.89014446,-87.63003723,POINT (-87.630037231511 41.89014445559)
9239ff99eb792a428276817e08e709ed17ac67a6db9e382c6341c599459f1544649ab4faf83864ebef0bc7602e8182af490bc05f1100b2962b39dd6865785347,10/31/2025 1:19,CLEAR,"DARKNESS, LIGHTED ROAD",T-INTERSECTION,DRY,301,W,LAKE ST,1,6,10,41.88562674,-87.63548346,POINT (-87.635483461191 41.885626735367)
540ce475dbd8a6c0e6f1c1fe16de2cdb7846d1c0f5eea5b78a9a99913ddfccc64505e27ec2a0593b63a698d539a8a69ff037edadac6c73a0fd0fa6401b310909,10/30/2025 20:37,CLEAR,"DARKNESS, LIGHTED ROAD",ONE-WAY,DRY,221,N,WELLS ST,20,5,10,41.88630606,-87.63379827,POINT (-87.633798273373 41.886306056175)
b155bdc6caf1a9720d30c48e060bbbda0f5f9c02f45ab0907b0e7c25671b4ac8e10035be3c03856fcafd5022c8e5ec64d9114e32815ac8e1bf9f657ac1f1fa86,10/30/2025 20:30,CLEAR,DARKNESS,NOT DIVIDED,DRY,41,E,IDA B WELLS DR,20,5,10,41.87557797,-87.62606336,POINT (-87.626063355208 41.875577966768)
e9b5fe625630e220cd671682284381f722c67285a72d1c591dbaa7193555d8578c6eaefb00ca225ebd67d5a1085c7d4b1ba5751f12098870f5fae6989014abc1,10/30/2025 19:00,CLEAR,DAYLIGHT,ONE-WAY,UNKNOWN,431,S,DEARBORN ST,19,5,10,41.87614364,-87.62910146,POINT (-87.629101464562 41.876143643939)
51fd8fdee104c6c8ae4de3e9cd642cc015e2306c3a2ef43e16e7b7540d1e64b9847d914ac1244ddb2476a598aec68375658ab81f9ca4c291af70ab740be13437,10/30/2025 14:00,CLEAR,DAYLIGHT,UNKNOWN INTERSECTION TYPE,DRY,200,W,MONROE ST,14,5,10,41.88076896,-87.63387497,POINT (-87.633874974095 41.880768960918)
c45ed50bab1d98811cb76924afd7bcf6d6330b801f511e0706b3d2792ccf4a39f6bf150bc47ea041795482ffad7d4d0cf21294e27a9c00b45427584ec94eb7f0,10/30/2025 9:30,CLEAR,DAWN,ONE-WAY,DRY,201,E,OHIO ST,9,5,10,41.8924518,-87.62256645,POINT (-87.622566448964 41.892451801387)
9ffa598f6454207a7999648c0f0e435ba7b13d8658d774124c155597f14536a77a34da439014a5128564b7892d304ae66b1b52b9f20316ec2dc7978cc251a530,10/30/2025 8:01,CLEAR,DAYLIGHT,NOT DIVIDED,DRY,599,N,ST CLAIR ST,8,5,10,41.89252618,-87.62254141,POINT (-87.622541413745 41.892526183076)
8a02fca48814269b73838998aa7b271ccc830a11cdd20a2605e47b641147e35cc60a5c0fe1809375cc7dd22efe7b4faed5ea9159e36d395aeddcd61caa89ea7b,10/30/2025 7:15,CLEAR,DAYLIGHT,ALLEY,DRY,57,N,STATE ST,7,5,10,41.88316069,-87.62772179,POINT (-87.627721785369 41.88316068634)
cf8e7163e9624ced8cc9b0d40291253c6ccacd0a4c95cfc1f13179d5ee04f700e0f114172f8f043bea85cc94cfc7accdc9528572e1e39ee681964efb7b0947bb,10/29/2025 22:36,CLEAR,"DARKNESS, LIGHTED ROAD",FOUR WAY,DRY,225,W,RANDOLPH ST,22,4,10,41.88435558,-87.63463655,POINT (-87.634636549891 41.884355579622)
41d71ce6a062b920495cf211dac60533ae318676ab2e5bc4e3a58eb0f78d0538f6f9ea6ff094d710a826c74b82f1478b456f61f5d3c848d1890f1bed0ee1ef64,10/29/2025 19:00,CLEAR,DARKNESS,RAMP,DRY,300,N,STATE ST,19,4,10,41.88755787,-87.62815306,POINT (-87.628153064672 41.887557872813)
9ed93f459ff02548548b366474cf1c2a4e419ec88366a4fcc016668c6d844738ea87fe11bf37541e26f700731dabbd98ef86baca317ceb3048e122c59ac103c4,10/29/2025 16:45,CLEAR,DAYLIGHT,DIVIDED - W/MEDIAN (NOT RAISED),UNKNOWN,150,N,MICHIGAN AVE,16,4,10,41.88453096,-87.62460204,POINT (-87.624602044601 41.884530963783)
428a3be8d2ab981b74f52d7014140fcb11e46c49386f6ad2f1ab5e696c7610e81fa6e61acc33ed0d262e2f9a25ca2dc7cac46fb4ecc47a1ac1e1285554edd5c7,10/29/2025 12:20,CLEAR,DAYLIGHT,DIVIDED - W/MEDIAN (NOT RAISED),DRY,333,W,WACKER DR,12,4,10,41.88602541,-87.6362977,POINT (-87.63629770323 41.886025412541)
729d257d72ff471540e293bf572f781d1840983f9cfb637b0cfebf99d551d19fd7164ff296e12907a99aac192a69d8cbe89682e4c8eb3a4222fce5f13bd340a1,10/29/2025 10:00,CLEAR,DAYLIGHT,NOT DIVIDED,DRY,440,N,MICHIGAN AVE,10,4,10,41.89059533,-87.62426591,POINT (-87.624265912265 41.890595334653)
a735dcc3472a266cde6cf5751da3ba51a904c6196983cc855a691c09afb58902ded349af5bb0e809fff4192a5b1e2b3ea53bb74765e8b50d98915c233b30f362,10/29/2025 9:45,CLEAR,DAYLIGHT,ONE-WAY,DRY,17,E,MONROE ST,9,4,10,41.88066458,-87.62708936,POINT (-87.627089364442 41.880664578396)
389000925c653530ef91e624764ac02f8b8d957222c2c3b7f238ddf9bb141f81d3a0d98ec1605f42b198cbafa9efb19a5165738c334639b6cd6eed8d18ce9a90,10/28/2025 21:07,CLEAR,"DARKNESS, LIGHTED ROAD",NOT DIVIDED,DRY,225,N,COLUMBUS DR,21,3,10,41.88637314,-87.62054303,POINT (-87.620543030168 41.886373138256)
8e6e8804f469e8cb5d666b7b8e14d53db1f1ce17ceccb3d7e22a48e924cfa0a041d6ffb69d348621e6e8e8f654f12bd3aa5dc602dc7ba23e9e691039bcbd2957,10/28/2025 20:25,CLEAR,"DARKNESS, LIGHTED ROAD",ONE-WAY,DRY,98,W,RANDOLPH ST,20,3,10,41.88458663,-87.63086154,POINT (-87.63086154105 41.884586628406)
7219f9eb81b757eea73071aa5df966e6e14eaae416c49adc0f807ebf31de44f8b813630f8c4136cb4921196a7dd3ffb1f78cba2d39d31687d05c9ed3f269bb09,10/28/2025 20:17,CLEAR,"DARKNESS, LIGHTED ROAD",ONE-WAY,DRY,39,W,JACKSON BLVD,20,3,10,41.87805765,-87.62926894,POINT (-87.62926894464 41.878057652403)
71b9dc29f604ab756259040a4d2a27f5016749d9b84d4995f7b1a08966fbb9f837b4f9be93efacddc0a3acf4d7dc1414b1ca6f96dea3fa790f377b796560e2c3,10/28/2025 18:18,CLEAR,"DARKNESS, LIGHTED ROAD",DIVIDED - W/MEDIAN BARRIER,DRY,195,N,LAKE SHORE DR SB,18,3,10,41.8853749,-87.61344922,POINT (-87.613449222735 41.885374903584)
30cc403affadda9695e68a0d419c67e837cbea0183e3d59df8d0e8026e9d7d593f97a392e531b20df823328cd39a8f0a468028cd3606fc6c1da34c1017b22037,10/28/2025 17:32,CLEAR,DAYLIGHT,DIVIDED - W/MEDIAN (NOT RAISED),DRY,200,N,COLUMBUS DR,17,3,10,41.88600583,-87.62082896,POINT (-87.620828956741 41.886005833425)
0d902f4f9e4ec7093fb84e14f224b4646f77af058356e474330dd64c03c882c9f8275c4f96bfa600dd018af955cf69b6364c1b1d7dd8ce9f81593a3041aa3635,10/28/2025 10:59,CLEAR,DAYLIGHT,DIVIDED - W/MEDIAN (NOT RAISED),DRY,2,S,MICHIGAN AVE,10,3,10,41.88204398,-87.62451104,POINT (-87.624511036615 41.88204398026)
bc08d8226ced91e5f8ad3c9f9bc6b64a7f29a0bf03a94f502c48d51ad099db784368b6690001221c227b6be5fb026f270ec4df734e7f5489b830a88e8567567c,10/28/2025 10:00,CLEAR,"DARKNESS, LIGHTED ROAD",PARKING LOT,UNKNOWN,400,E,RANDOLPH ST,10,3,10,41.88464637,-87.6172485,POINT (-87.617248496239 41.884646365435)
97e63d468fcf568691c848a01d479d75be5a159a1a7430887d497f3e4bf5a0653e8a57c33cc832dac45bb2135af4ce8e80f099a2509a5fd1328f904989d1e4d3,10/28/2025 9:56,CLEAR,DAYLIGHT,ONE-WAY,DRY,58,W,RANDOLPH ST,9,3,10,41.88459052,-87.63006402,POINT (-87.63006401604 41.884590515734)
05b55d027685a68bd422407f868a6e3501cf91636e680ac236f4d5ffbe6341ac09a409ea0ce65bb23cb312c46c736a2effbffdc37ae49503c0c3d138cbffc44b,10/28/2025 9:30,CLEAR,UNKNOWN,DIVIDED - W/MEDIAN BARRIER,DRY,85,E,LOWER WACKER DR,9,3,10,41.88806131,-87.6251681,POINT (-87.625168102157 41.888061312411)
6dd5534b9fba17864905ad24e08540ef7f4ae62802aefd155e13a8585fb6ee69a1a97475ce74fb58ba9fcd7878e9bcecaba664fc59be507b04fdfc4293568707,10/28/2025 9:00,CLEAR,DAYLIGHT,PARKING LOT,DRY,200,N,CLARK ST,9,3,10,41.88601364,-87.63113018,POINT (-87.631130181818 41.886013640229)
f7d0569e571032c59ef100b25d0a74f9745f6c27809ed3f261e8d1dedc6f83a86e39694e03bd4e58a4623d2fa9f672e2f92ce6c02886ac79eeacc3ec808025ea,10/28/2025 8:45,CLEAR,DAYLIGHT,ONE-WAY,DRY,100,W,MONROE ST,8,3,10,41.88080528,-87.63092933,POINT (-87.630929332143 41.880805278204)
f74efb75401c5559437be4f884b4744cd8113de3d25a71f7b3442b795e20076539c1c24c0222a8624812472d9099e820b3c04d9b392f742f85721ef2fa737edd,10/28/2025 7:47,CLEAR,DAYLIGHT,DIVIDED - W/MEDIAN BARRIER,DRY,300,S,LAKE SHORE DR NB,7,3,10,41.87831013,-87.6175759,POINT (-87.617575903416 41.878310134581)
47d346e576794705f94983cb22078985ab3938ccee756ca5907fa1b316b531093915f7a911347b71e9e5a0af852a3e56c8c4a4da091b62dfd7041239ee3ea169,10/28/2025 7:03,UNKNOWN,DAYLIGHT,NOT DIVIDED,UNKNOWN,2,E,IDA B WELLS DR,7,3,10,41.87574953,-87.62758694,POINT (-87.627586935154 41.875749533911)
9907383c99f3eeb9276cc9f9c4535c8a78dac17d255dcd8a1d11ec06507f79734aa4d847f7457277dce425b9287e787c96d0ff6833ebec2ece59e89d7e616dc9,10/28/2025 6:25,UNKNOWN,UNKNOWN,NOT DIVIDED,UNKNOWN,33,W,ILLINOIS ST,6,3,10,41.89072891,-87.62938566,POINT (-87.629385656182 41.89072890813)
8cf215db74a192fd121b0f483f9c89e24ac7dc8c1006828458ddeb3502cdeee6e138b1b77ddfd942f71334ccb75dab33e862547111f51b9830bfecb0546d7a07,10/27/2025 17:41,CLEAR,DUSK,DIVIDED - W/MEDIAN BARRIER,DRY,1,S,MICHIGAN AVE,17,2,10,41.8820484,-87.62421733,POINT (-87.62421733025 41.882048397571)
151bb8be289ea14c18a545a0101b2cdd8e40ad6610670c05583cdae5bb25eb4a0572692c8fe5ea22413b8d9f2374db4d4387e48ff1408e6c92aef0935b463fa4,10/27/2025 17:39,CLEAR,"DARKNESS, LIGHTED ROAD",ONE-WAY,DRY,30,W,JACKSON BLVD,17,2,10,41.87828317,-87.62878081,POINT (-87.628780810624 41.878283170446)
b4cdadb128e6eee99a2e68bf4bec173875b1a6f75bbce1c51e9c45b48a8f69faea3bed8b2fc5fa0c51ea4364a44f258784225892a3283484268a535906b7e73a,10/27/2025 15:05,CLEAR,DAYLIGHT,ONE-WAY,DRY,316,S,DEARBORN ST,15,2,10,41.87773585,-87.62943275,POINT (-87.629432745437 41.87773585018)
f5aab5d99dd62b212fca319b672adece9a223964293c75a6690ab1130d04a998ffb45b43ae632672290ad643861e248ec4499c59b463bac2b55e3b5ca4dbf431,10/27/2025 8:30,CLEAR,DAYLIGHT,NOT DIVIDED,DRY,410,N,WELLS ST,8,2,10,41.88957347,-87.63416873,POINT (-87.634168728603 41.889573474356)
cf9aa537fdb2031cf82b562bedf1275fcfebf254c6596878d7b44a8d702ffb24148eb8d490e5284dc863a9b8290570489fac3216e522242902a91e391bb419fa,10/27/2025 7:30,CLEAR,DAYLIGHT,NOT DIVIDED,DRY,100,E,IDA B WELLS DR,7,2,10,41.87583508,-87.62421289,POINT (-87.624212886292 41.875835081627)