CRASH_RECORD_ID,CRASH_DATE,WEATHER_CONDITION,LIGHTING_CONDITION,TRAFFICWAY_TYPE,ROADWAY_SURFACE_COND,STREET_NO,STREET_DIRECTION,STREET_NAME,CRASH_HOUR,CRASH_DAY_OF_WEEK,CRASH_MONTH,LATITUDE,LONGITUDE,LOCATION
82027d946892a293d61a9d35596c93a574ad0256d5329aa3e837aa6ef42b7fe6c3de2c032dea9c0b37eea52dceda78a929a9a01908c0a836d96df42c52f30ee9,10/26/2025 20:50,CLEAR,"DARKNESS, LIGHTED ROAD",FOUR WAY,DRY,434,N,COLUMBUS DR,20,1,10,41.88965402,-87.62053631,POINT (-87.620536313549 41.889654015198)
b1aa0fbb04107a0e97c7bc0fbbc0b87a1563a9b61b07d96571e969e9b5e411573851a2b6578430cf25dba838b0ac66310a3c2d45a826ff4c5ff1eb86f7c5ebdc,10/26/2025 16:52,CLEAR,DAYLIGHT,NOT DIVIDED,DRY,258,W,RANDOLPH ST,16,1,10,41.88457429,-87.63530416,POINT (-87.635304158563 41.884574293639)
aae401ae56cbd5d155b544a7e2e06ff5f912ba212e2adfa26db9ed16c37135f40f8aa61c845e34b5fdb6cd068d5671fdb4bd52b47f7e5530769d6dad7355fe59,10/26/2025 11:10,CLEAR,DAYLIGHT,DIVIDED - W/MEDIAN (NOT RAISED),DRY,100,E,WACKER DR,11,1,10,41.88840303,-87.62439642,POINT (-87.624396422774 41.888403031993)
5a774088a7088a33b8b887df15acb9c3e33be7639289bfbdcc3dff8f9ca3f8e690a0e54f6ecf4aff3dfa6ffeccac0ce72c528885fa6f178279dbe9bdda6e11f3,10/26/2025 9:15,CLEAR,DAYLIGHT,PARKING LOT,DRY,75,E,WACKER DR,9,1,10,41.88786189,-87.62541304,POINT (-87.625413041357 41.88786189173)
f48c14c97da66387e0ee1b2c73a88806b95e958d86a9997d28a2faaabeed9130aa376945d270d901fd5c372004bfdf1dab346c9342564b0c0fd6dfd734ba3e30,10/26/2025 3:00,CLEAR,DARKNESS,OTHER,DRY,404,N,WABASH AVE,3,1,10,41.88947738,-87.62680263,POINT (-87.626802630848 41.889477376081)
fec55b67d61d73dfee177bd158dabd2c75756bfadf03868547589dc80326ca935c4a5be51211761da9d5080e423782fddc106572b3da81d3e426371a71f66d49,10/26/2025 0:19,CLEAR,"DARKNESS, LIGHTED ROAD",DIVIDED - W/MEDIAN BARRIER,DRY,163,N,LOWER COLUMBUS DR,0,1,10,41.88487074,-87.62054189,POINT (-87.620541891441 41.884870741297)
c148826276ba580e13914ed68d76a1fd299c774849340caf039cbc6db13e5645800f3f423eb441130b4e458091112000f1b11029837517f02ba20bcd94c0bc32,10/25/2025 23:41,CLEAR,"DARKNESS, LIGHTED ROAD",PARKING LOT,DRY,10,E,GRAND AVE,23,7,10,41.89179146,-87.62765774,POINT (-87.6276577412 41.891791463112)
d6d2e13e6a569914dfbf387e3967c183de415189238cce0b92324ae35356da21fe950ae9cceabd1ad3d3ab869f2217f69a72978ee4f737773c58ffeca9341048,10/25/2025 23:23,CLEAR,"DARKNESS, LIGHTED ROAD",ONE-WAY,DRY,356,N,CLARK ST,23,7,10,41.8891024,-87.63120348,POINT (-87.63120347523 41.889102401409)
8f9c3ca0a47824e4a34c4a2729dbaa75a163b2084e3eca17fb289ec46b0f9dca24aef1a56de6d752f480eb1a60a32d7198cd87dda248ab2ce593f125e8ea7454,10/25/2025 22:30,CLEAR,"DARKNESS, LIGHTED ROAD",NOT DIVIDED,DRY,200,N,LA SALLE ST,22,7,10,41.88576112,-87.63259515,POINT (-87.632595153109 41.885761124491)
5e4eb9d9848a84435b9e8607022381165b7a38a26acd00c2d43cff056f084e4fd94d5839ebf7b20d58c6f31bb197486c94e434ac046aeba2853be13910bc1fdb,10/25/2025 20:22,CLEAR,"DARKNESS, LIGHTED ROAD",FOUR WAY,DRY,430,N,RUSH ST,20,7,10,41.89014356,-87.62546158,POINT (-87.625461576604 41.890143556964)
d9172bbd42688dfa317e3648f6443eb3ff0ab2df6d3ff33285e52a731abac4870ae8a4fcf2063a1f040196af035939fcc0cf4a465a339300ae51f07cd5b95385,10/25/2025 19:53,CLOUDY/OVERCAST,"DARKNESS, LIGHTED ROAD",NOT REPORTED,DRY,39,W,OHIO ST,19,7,10,41.89233879,-87.6295965,POINT (-87.62959649776 41.892338790403)
12584a09c52ca8c545e2af32086f903542b8f01c87a691070f1e8fc21d3ffbd644398151c0c092571fc7a0b8265dc8954ec970b3806bfabed0025adfc2830e29,10/25/2025 12:00,CLEAR,DAYLIGHT,FOUR WAY,DRY,102,S,MICHIGAN AVE,12,7,10,41.8807249,-87.62448694,POINT (-87.624486938572 41.880724902194)
72950fa1ad728105c8ec50fba702ca380a28b5d45c91b8db8d1e22a0522b7256f21f9fe5b416c97fbedba85a882324ef03a899ac78e562e8616c0f44919d1042,10/24/2025 22:20,CLEAR,"DARKNESS, LIGHTED ROAD",DIVIDED - W/MEDIAN (NOT RAISED),DRY,299,N,WABASH AVE,22,6,10,41.88680859,-87.62619648,POINT (-87.62619648463 41.886808588754)
cb0b2be9e488c270936459a593d4a4a792cf5aa8b4265981587f27df6ee7ab16d5984da74da73cdc57d79f3f377c31997065ead691d81f7e299d9578714707a8,10/24/2025 22:20,CLEAR,"DARKNESS, LIGHTED ROAD",NOT DIVIDED,DRY,401,N,COLUMBUS DR,22,6,10,41.88862397,-87.62039215,POINT (-87.620392146972 41.888623966571)
a46cce4a0668a0fa196d46650fdbe55461195d982c6a0d85c2594cb840af5838088d81310395d8507ea194e7b9e10dd200574f3d26d2d522d8bcf1c61250d3a2,10/24/2025 20:24,CLEAR,"DARKNESS, LIGHTED ROAD",NOT DIVIDED,DRY,7,E,GRAND AVE,20,6,10,41.89157052,-87.62773798,POINT (-87.627737984132 41.89157051834)
2d7ee059a78f6955ed4aa1a565cda3d81b4e7b11e8ee1e9c3e71830bee29fcb85ef7d2d58fe4e6fb981a49592b6c71b1b7cbf98c2043497332d352bace1e1ec2,10/24/2025 19:25,CLEAR,DAWN,NOT DIVIDED,DRY,444,N,LOWER WABASH AVE,19,6,10,41.8906302,-87.62686617,POINT (-87.626866165082 41.890630202443)
9fd821e6aabfd833fdcc9dc27541dc8bbc3cb7a952495f3c3e114810241c84bbea230fdf03281c6d210a8b9b45adc1529d8083c6ce494501a0ec4695a1ea2221,10/24/2025 19:25,UNKNOWN,UNKNOWN,DIVIDED - W/MEDIAN (NOT RAISED),UNKNOWN,220,S,MICHIGAN AVE,19,6,10,41.87902919,-87.62448586,POINT (-87.624485857846 41.879029190943)
a1be7476df238176afca160104ea01288ed72dfc1d256c84719214b861ca446513473b3bbe36c7d4641e1b9ad038681e76131e2a26814da0972e671280df346d,10/24/2025 18:25,CLEAR,DUSK,NOT DIVIDED,UNKNOWN,155,N,COLUMBUS DR,18,6,10,41.88469844,-87.62050117,POINT (-87.620501164955 41.884698439174)
89d45a4b7359de2896fbe27ea12ee8d3b9212b4aba5c75f2215b1af34180b747a2a9735123cbcda2e3768e922069eb53ba624408fb79683f46a8be3be8035fda,10/24/2025 18:15,CLEAR,"DARKNESS, LIGHTED ROAD",NOT DIVIDED,UNKNOWN,377,E,RANDOLPH ST,18,6,10,41.88425644,-87.61809033,POINT (-87.61809032616 41.884256440611)
dfd1ec3e4461c3985a9799d0620b9408976f00134946db38b6ecd3ea5259af9662dab0e39690c9089d90df0ad44516eb0cb3eafaedb3be5c4d8b0d5b10bb8b88,10/24/2025 17:01,CLEAR,DAYLIGHT,NOT DIVIDED,DRY,20,N,LA SALLE ST,17,6,10,41.88243711,-87.63252064,POINT (-87.632520637495 41.882437114633)
41e23ab67d06a7d4141dec3f91a9c7897c0b59260485243c97fda7a19fb6076d66c0760e5d599924446663f6c2a7202a6bb638b535f671269672abc20fdc05b2,10/24/2025 16:30,CLEAR,DAYLIGHT,FOUR WAY,DRY,300,E,JACKSON DR,16,6,10,41.87844405,-87.62051796,POINT (-87.620517957578 41.878444050454)
c19cc7e2595df226cbf8017b5f0f8325b29045501ab2ac3b495bca455a9fcf532502f764d1502c22d851644a2a1fa2c663b71c6e23d91533aec03fbc00264744,10/24/2025 15:49,CLEAR,DAYLIGHT,NOT DIVIDED,DRY,505,N,MICHIGAN AVE,15,6,10,41.89112059,-87.6239887,POINT (-87.623988704323 41.891120593049)
5976954b4455dc73cd8bf22156e45ebfe68df24bd253a16981fce2ec975af73e2b6fbf1b90a435d407a04d3dc6a4dd49d2f5dc2232706ff2b18f5703361af79e,10/24/2025 15:12,UNKNOWN,UNKNOWN,FOUR WAY,UNKNOWN,614,N,ST CLAIR ST,15,6,10,41.89310239,-87.6228591,POINT (-87.622859097206 41.893102386317)
5a996138e854ea604a1807161a5264023902522b07c047327ece7b7b602a216c4dcd962bfadf9fa3a9c0f578a016e922438aa7e80479bccdd83bcd74d7e36832,10/24/2025 15:05,UNKNOWN,UNKNOWN,UNKNOWN,UNKNOWN,600,N,ST CLAIR ST,15,6,10,41.89259351,-87.6228409,POINT (-87.62284090321 41.892593508354)
80b4fa0843afb11dd862281d5c66a30e215fe97ada00a527ed6b7a3c19e42fd6f3c435190987feccede81c494cfddbf365ce72a7a6000a138af43f19f6b6f591,10/23/2025 22:10,CLEAR,"DARKNESS, LIGHTED ROAD",DIVIDED - W/MEDIAN (NOT RAISED),DRY,50,E,IDA B WELLS DR,22,5,10,41.8758026,-87.62573441,POINT (-87.625734412266 41.875802599285)
8cfb4034513116f6c157db9732d396e30cc7dafd469a3a4a28ddf8343aec2e61dc85452776eba835249d98b64cf3ec6fadc69cff5eecc4eff891ba855d697205,10/23/2025 22:06,CLEAR,DAYLIGHT,FOUR WAY,DRY,528,N,CLARK ST,22,5,10,41.89164395,-87.6312741,POINT (-87.631274104891 41.891643952263)
a7c34e21ca16e3f816d9cdb0021d648f642dfd1039ddc5338fc16f2ad008a32c153b486a5684dfc7fde14c64850ef75b665dbc86079af052d941cfb6f9bc97e5,10/23/2025 18:50,CLEAR,"DARKNESS, LIGHTED ROAD",T-INTERSECTION,DRY,100,S,LAKE SHORE DR SB,18,5,10,41.88085605,-87.61763589,POINT (-87.617635891755 41.880856047671)
67db99c2c77df5a66a3f57434014344610df96f518c8f3074f9c79b07c25a28d01a2c01c76738492376d88b97f2dd826b3a69d5de79995c53b57fdfc3b45f9f8,10/23/2025 17:50,CLEAR,DUSK,FOUR WAY,DRY,100,E,LOWER WACKER DR,17,5,10,41.88843209,-87.62442469,POINT (-87.624424686932 41.88843209205)
0ebb2bfd2fa22ccb0faee363719ac46a61de3c150876373a9281f447df0dd4e45335f05ee178a7ed68e5768b82ab89f4401a8d90d5b1bf1de86577bdb70b004f,10/23/2025 17:40,CLEAR,DAYLIGHT,NOT DIVIDED,DRY,33,S,WABASH AVE,17,5,10,41.88124398,-87.62603829,POINT (-87.626038287561 41.881243983366)
8ec0a74383790abe69a3588d1aa22a7cea45eaae30c807b79867c9451f58fb9f4d8f10bf89eb34b7fc7f93ca26f1cee66a6a5da94d0f2d0ff7f36c2babd18347,10/23/2025 16:45,CLEAR,DAYLIGHT,DIVIDED - W/MEDIAN (NOT RAISED),DRY,100,S,MICHIGAN AVE,16,5,10,41.88077066,-87.62448302,POINT (-87.624483017136 41.880770664748)
02baeae834f12bc6bad6b29da34422a1518c66cbbfec0e46dbc59e791b08489acd0207b9a0d6f15c691598b95ddab9bfd3893609d1b0f974ed6a1d60ee081ba8,10/23/2025 15:30,CLEAR,DAYLIGHT,PARKING LOT,DRY,55,E,MONROE ST,15,5,10,41.88068788,-87.6256435,POINT (-87.625643504087 41.880687878502)
fbb6dda6afaa134a52f035c69ce1b4458e23bec35e3424e32c0d19d94dda4769bfaf24a7c0feaf9da657fc16c3b264cf41d14520f5eb8fbdc3f69f26afb35b8d,10/23/2025 13:05,CLEAR,DAYLIGHT,NOT DIVIDED,UNKNOWN,401,N,CLARK ST,13,5,10,41.88925493,-87.6309141,POINT (-87.63091410113 41.889254925249)
83f27a975ccbfcc91dde1d15f574e4c4ccab1bdf5c6681e87d125c082e412fa13e04ba52a2a1f7199e28d9a9aa5263e5426b0c85a54fa00d04db13bbc565b700,10/23/2025 12:35,CLEAR,DAYLIGHT,DIVIDED - W/MEDIAN BARRIER,DRY,200,N,COLUMBUS SUB DR,12,5,10,41.88600194,-87.62090598,POINT (-87.620905982787 41.886001943464)
ece0ebb7b662ace9f1b535f791475c5b90f394306c5242ac0b49574949e4cfde8590a149f0ed0fcbbdeb6bf2c43791ca7061cd8bf85c4a2a7bf20b860936a84e,10/23/2025 12:17,CLEAR,DAYLIGHT,NOT DIVIDED,DRY,48,N,WELLS ST,12,5,10,41.88313178,-87.63400724,POINT (-87.634007239593 41.883131775768)
2895dc93fd4ff7287e983985422b427ac0fc378b22f992eedb672d1d7d1e836b16b3c64b43b525ce07a198d92b3716671dccc7aa28f5ae823605b75d29920b9c,10/23/2025 10:20,CLEAR,DAYLIGHT,NOT DIVIDED,UNKNOWN,245,N,LA SALLE ST,10,5,10,41.8868738,-87.63233583,POINT (-87.632335830019 41.886873797182)
e9be292f4fd3ec73c54f463e52a5551203212f20fa6f49330fcc2eb0563f4f9f9cb0d3ab5d1c3a49c606e33210117bac7d7a153c8fd0c52808b6ee6241ff4db8,10/22/2025 21:15,CLEAR,"DARKNESS, LIGHTED ROAD",DIVIDED - W/MEDIAN (NOT RAISED),DRY,550,N,ST CLAIR ST,21,4,10,41.89251356,-87.62283474,POINT (-87.622834741595 41.892513562512)
1955a1ca54833a041ddf61a5fdb2a23a981dba16f8bef74924e38adc796cf4ff31ab9ce1c54923b22a83734c3113c52c442ea7af20d331e52cc42a86be4bfc16,10/22/2025 18:50,CLEAR,"DARKNESS, LIGHTED ROAD",T-INTERSECTION,DRY,36,W,RANDOLPH ST,18,4,10,41.88459085,-87.62923601,POINT (-87.629236011711 41.884590846977)
7c647c9fed6a06bacba0da9fb74f9d638d8a32067f84d336ef407faa6bda194e49f21b4e5ee620eaf72ddf5075999a8fb21d5c94911df6b8a46d118751c2fcbb,10/22/2025 16:45,CLEAR,DAYLIGHT,DIVIDED - W/MEDIAN (NOT RAISED),DRY,500,N,RUSH ST,16,4,10,41.89094985,-87.62549617,POINT (-87.625496167836 41.89094984886)
d420b9e255713390755f85775926bcc5145ad4f6b9ab798b38a311de66f57f832a3bb9b18ec58a7a159b28cbd7d53533c26c9de24606d607c930abb7975859d9,10/22/2025 13:57,CLOUDY/OVERCAST,DAYLIGHT,PARKING LOT,DRY,351,E,LOWER RANDOLPH ST,13,4,10,41.8843038,-87.61862698,POINT (-87.618626979472 41.884303800846)
4e95bd34e807847e66e577ff48efbbae708c317f984e8b941386c3aef8a2dd885fd834565c412f204157735ff8da2f46efa48e060e44919cfb9fee319704ad28,10/22/2025 10:50,CLEAR,DAYLIGHT,DIVIDED - W/MEDIAN BARRIER,DRY,87,E,WACKER DR,10,4,10,41.8881139,-87.6251724,POINT (-87.625172397513 41.888113901104)
3044a58fdf0fa52bc929d369dc1b1d3bc4b6c54c8c7cc91d8c90e3df5ea935212e4d81313cff3b61f246775ee785d0d6082fe295742cbd5693e3530ae28ec90f,10/22/2025 10:18,CLEAR,DAYLIGHT,DIVIDED - W/MEDIAN (NOT RAISED),DRY,111,E,WACKER DR,10,4,10,41.88807943,-87.62404737,POINT (-87.624047369764 41.888079426105)
2e56de3a979ca25145c7a79b127b0d5c640e48bf6c02d3d3a0a8c36c7134f8ed2e01d00043113e01f549ca5b04e24b248754da95bedbaaceeb9d2d5905a606b6,10/22/2025 10:00,CLEAR,DAYLIGHT,ONE-WAY,DRY,100,N,COLUMBUS DR,10,4,10,41.88329361,-87.62075899,POINT (-87.620758985794 41.88329361206)
7b824d0c9a3118fbae2260118960eb2a0ca9bb345b1622841599b9a9239a38066b5020127ec826bfb8ccb6f853615bcd2ff660020ac69d70dafec7f51844128e,10/22/2025 8:30,CLEAR,DAYLIGHT,NOT DIVIDED,UNKNOWN,111,S,MICHIGAN AVE,8,4,10,41.88052782,-87.62420947,POINT (-87.624209465859 41.880527821931)
e4057fb0a0353896fd2cee60f8d559ef8e28849d46c109f3c36a28364f782f9a8c0b26ecbecca5e5ba1203c69f7aa4a72632513c351e077246220b049842ede4,10/21/2025 20:16,CLEAR,"DARKNESS, LIGHTED ROAD",DIVIDED - W/MEDIAN BARRIER,DRY,248,N,LA SALLE ST,20,3,10,41.8869544,-87.63263206,POINT (-87.632632060806 41.886954396218)
bc7e8191d66a1e7266e4e8d5846322d88cd75df02e4240fd46415c77fa827e0c10d47ec9cd4c54af90788dfb81e0d232f6c9ae9d7bc9956a948e44e35d2b59f1,10/21/2025 19:30,CLEAR,"DARKNESS, LIGHTED ROAD",FOUR WAY,DRY,203,S,WABASH AVE,19,3,10,41.87941559,-87.625975,POINT (-87.625974998434 41.879415588136)
358b11183569371c636d77d37712586921946790c302557713bc1d32f7acc9117636560980fe9dfac0438668fff7c73dd0d583ad2ae099931e86e1f16dbc6b75,10/21/2025 19:00,CLEAR,DAYLIGHT,NOT DIVIDED,DRY,160,E,ILLINOIS ST,19,3,10,41.89106418,-87.62291792,POINT (-87.622917924914 41.891064178116)
04ddf7e03df95d54fe7512bd8378e7234f01036f1a9bb84c09ddb5b4782ef31d9355a4d64f80e7e4980763a403f41dfcc35ba3dd23810d22301c4204c62b1b95,10/21/2025 18:30,UNKNOWN,"DARKNESS, LIGHTED ROAD",DIVIDED - W/MEDIAN (NOT RAISED),UNKNOWN,150,N,COLUMBUS DR,18,3,10,41.88458537,-87.62079215,POINT (-87.620792152563 41.884585370634)
b6ce65d6e5f5f29d1a2428fc8cc821dbad0668297ba208a55a2ff0c7d1aca6628aa862eacef07689e0536cc151f7adcc129387b5764f562d2dc23735946ac374,10/21/2025 18:22,CLEAR,"DARKNESS, LIGHTED ROAD",DIVIDED - W/MEDIAN (NOT RAISED),DRY,60,N,LAKE SHORE DR NB,18,3,10,41.88317052,-87.61645808,POINT (-87.616458078993 41.883170518755)
7439410d8d631dbe866586ff7e08b3262fe5795cfd608d67254fb37d09e7be587be3b0251878dcef2839ad018ee4a7458bcf5c7be58323d99eb11377414f2f3b,10/21/2025 18:00,UNKNOWN,UNKNOWN,NOT DIVIDED,UNKNOWN,201,N,STATE ST,18,3,10,41.88577819,-87.62779374,POINT (-87.627793736556 41.885778194868)
85162d188ae10d6697fe85bade7943c3b17c2e47f5ccb7170e29fab13b84518105fb54fda8ff33d7bcd4ac179f6907da99bf6a7f4e6d0fdabf3b2c678b1a26f5,10/21/2025 17:30,UNKNOWN,DAYLIGHT,DIVIDED - W/MEDIAN (NOT RAISED),UNKNOWN,102,W,KINZIE ST,17,3,10,41.88932063,-87.63122488,POINT (-87.631224884058 41.889320629385)
99226105f8fcbec1e09a50933333457bae4d575cdc30f982b38569a55896a4751f7acb3dcf152e00c979a51097b3f45389b9be6419a3b2501c734c4d45ccb2f6,10/21/2025 15:33,RAIN,DAYLIGHT,ONE-WAY,WET,414,N,RUSH ST,15,3,10,41.88984863,-87.62544036,POINT (-87.625440359918 41.889848630613)
85530c3508ae3f28a9bed344eb26db5b1a9698a57e1c6ab799d95fc1a3739cb0b4b37647acb5e40150eda4c302729ea9794baedf15a9687060f8d40d795836d9,10/21/2025 15:00,CLEAR,DAYLIGHT,ONE-WAY,DRY,150,S,WELLS ST,15,3,10,41.87942118,-87.63389941,POINT (-87.63389941393 41.879421180569)
a11ec8ecce2eed6d4a5bcc6ef1532c67e543fbe93ff1e756c66c9d16f02f02a3541cf47dd7a989ada12b663ebc560f878f1b572b7f29bccc48c231178eefed66,10/21/2025 13:30,CLEAR,DAYLIGHT,NOT DIVIDED,DRY,540,N,STATE ST,13,3,10,41.89206949,-87.62822443,POINT (-87.628224428293 41.892069494494)
6de036532c44c005121d55b896e254caf644f6e9400d2d8a93f1d9108a0497d83a904a2caf13a62444ad362b75b424c4221b15c041aaac313e95575247f69e09,10/21/2025 12:47,UNKNOWN,UNKNOWN,FOUR WAY,UNKNOWN,2,N,MICHIGAN AVE,12,3,10,41.88216417,-87.62451427,POINT (-87.624514273622 41.88216416733)
96bfb6f7912ad4bb898c4744fcae7b824ac70c0d5e1024eea174fdd3e29dca000817776355c9de4dce24da342268ad26a6040d3dbf7c1188b9e6aabed468b08f,10/21/2025 12:28,RAIN,DAYLIGHT,DIVIDED - W/MEDIAN BARRIER,WET,301,N,LAKE SHORE DR NB,12,3,10,41.8870733,-87.61369511,POINT (-87.61369511332 41.887073295859)
ca5dc2d6d4185895e5d29a4eed8176ee85d9c5fd0ab9ed7debc24953f5f34f8833589c26cf2482ce374cdbc250eed74b9080ee0a86a0195b9bafcea710a7a951,10/21/2025 11:52,CLEAR,DAYLIGHT,DIVIDED - W/MEDIAN BARRIER,DRY,99,S,LAKE SHORE DR NB,11,3,10,41.88098221,-87.61710465,POINT (-87.617104651185 41.88098220772)
606f7ff188bdacaf7180deefc6939bd929568a5de2a4ce573d81197f9aad9e5cf1430b55fe0b4e9b9bb06e0345624304a34255cf22ad85a2791cbdfb976c725c,10/21/2025 11:50,CLEAR,DAYLIGHT,ONE-WAY,DRY,120,W,VAN BUREN ST,11,3,10,41.87698714,-87.63145915,POINT (-87.63145915398 41.876987139978)
6c4912c4b0aa7694c23284af515827504bc9d9495abc4496b9e5e37f162e1933ff05c54ce24352736f2a1dda79f9da173e05414332bf7d1175ef8a1d80cc5d67,10/21/2025 9:23,CLEAR,DAYLIGHT,DIVIDED - W/MEDIAN BARRIER,DRY,221,W,LOWER WACKER DR,9,3,10,41.88668184,-87.63472941,POINT (-87.634729405046 41.886681843855)
4830109443c827dc2e9033062740c93225266dc6f916dd165147197ef2b163fc79813ef365114109854ce27887425f7ef48cea4cdd2d4bef592f5e9d682288a7,10/20/2025 18:10,UNKNOWN,DAYLIGHT,NOT DIVIDED,UNKNOWN,410,N,DEARBORN ST,18,2,10,41.88963425,-87.6297443,POINT (-87.629744299862 41.889634252878)
23512a46d0005e2b7781742208211898cee1cbfe72f4e240cfb82da847f3e2e72afdd42fd3d933a7731857f616c8fb95e910d82befb9d710588c4bbb4acc9391,10/20/2025 16:14,CLEAR,DAYLIGHT,ONE-WAY,DRY,69,W,WASHINGTON ST,16,2,10,41.88310048,-87.63014723,POINT (-87.630147229272 41.883100479248)
cc3907d349754ff2f81918bb17fcc4ea224e49ae7671a9f541583ae9d3155193c18f7f5855fba66a40348b29859feeb2b4c1c5952df79dce4d174febcc90464f,10/20/2025 16:00,CLEAR,DAYLIGHT,DIVIDED - W/MEDIAN (NOT RAISED),UNKNOWN,301,S,COLUMBUS DR,16,2,10,41.87826992,-87.62052861,POINT (-87.620528612011 41.87826991907)
9cbfab6eefb6f9bd65c45aba59db2501b0f70e14a2a504b5ddaffa0d5ad13e8dd39e69048b174ab3398057e389f91584298b4b49ac7d9635a8f9e66b77a2357f,10/20/2025 12:00,CLEAR,DAYLIGHT,DIVIDED - W/MEDIAN BARRIER,DRY,98,E,RANDOLPH ST,12,2,10,41.88458427,-87.6244703,POINT (-87.624470296902 41.884584272017)
b1a483f91e2b825dd4222ad97cd43065991664c83401937e693acdadb4be8e2cf5b81ac57a0c036fb4cb5c1a1e9d21a9b1a90227fbe819f89810e2511bfebdb3,10/20/2025 10:07,CLEAR,DAYLIGHT,DIVIDED - W/MEDIAN BARRIER,DRY,8,S,MICHIGAN AVE,10,2,10,41.88189952,-87.62450701,POINT (-87.624507007897 41.881899523318)
a715ee63a56ee08cadfb02fe5cc3233704b25b28ceae200b5933b260aaa897804eaf97125dda8483eb5d2a81a1e643b15a26af27f811b0b93d325e7d65015ac5,10/20/2025 9:00,CLEAR,DAYLIGHT,ONE-WAY,DRY,1,S,DEARBORN ST,9,2,10,41.88193667,-87.62925348,POINT (-87.629253479919 41.881936674674)
0a54b86b31f920f1f4ed06aeb58e5e1089370dd01b0d145d1ead48bf933a5cefcbf9aa44ca9f388b61dfbab5db4f68c0b93526ad2ff055666cd12c8154df2d96,10/20/2025 7:00,CLEAR,DAYLIGHT,ONE-WAY,DRY,233,W,LAKE ST,7,2,10,41.88562108,-87.63502212,POINT (-87.635022117927 41.885621079317)
1cc5cf7cfa28ec2735c14ac37890d95a7a87289b82102033b89df3c13bc5da82a280f7a2d519f2e4e17461e5c4a628150fe3e587c7dd61eafdfdfa28a705dc53,10/20/2025 1:16,CLEAR,"DARKNESS, LIGHTED ROAD",DIVIDED - W/MEDIAN BARRIER,DRY,499,S,MICHIGAN AVE,1,2,10,41.87579106,-87.62411501,POINT (-87.624115012282 41.875791059222)
c26855c5dd7bc1313134268c8d7684041d2ab97b4bf7831c6a9fd4b2476493afbc575a8b87865b2063ab9e47d63e5c8be43d19cf9b90e81038db77dad1bb0a72,10/19/2025 18:00,CLEAR,"DARKNESS, LIGHTED ROAD",FOUR WAY,DRY,127,E,GRAND AVE,18,1,10,41.89162116,-87.62425393,POINT (-87.624253929022 41.891621161011)
3a9221c17eb9fd48c9c54c67ef046e27eb61e6c4211d5ba4679c1bd3ab934303706e9aea57aac560479eb32d2fd396a2891a767318705fb7def2a8b5bb04cc1d,10/19/2025 17:50,CLEAR,DAYLIGHT,"FIVE POINT, OR MORE",DRY,328,N,LAKE SHORE DR NB,17,1,10,41.88728917,-87.61427658,POINT (-87.614276578769 41.887289170067)
e3f03875cc3cba97237e045c8e649577a566ec0476a50048af68240727bd845a3639c1de7923ac47a3d9e2785417a74dbb7cc582bf30e2fa8931e5fa9690efc9,10/19/2025 16:30,CLEAR,DAYLIGHT,NOT DIVIDED,DRY,418,S,MICHIGAN AVE,16,1,10,41.87652441,-87.62442409,POINT (-87.624424090876 41.87652440934)
70c583870ffb36930295068882145bd4f1febbac13a627e52460be4582338468a40498472c2ddf7bf2651aa70135992ab7300207e56f306ce9515da7b9c9d9e5,10/19/2025 16:15,CLOUDY/OVERCAST,DAYLIGHT,DIVIDED - W/MEDIAN BARRIER,DRY,161,N,WACKER DR,16,1,10,41.88480539,-87.63667414,POINT (-87.636674137729 41.884805392889)
6bcd94578430496f8e8a939cfb0c08e6c45fda54e5723b1c1be56489e1e40348e5ad47e86480848897f306076873e760bc3bdccd0835eeb967f4e1885a2efba7,10/19/2025 10:00,RAIN,UNKNOWN,ONE-WAY,WET,302,E,ILLINOIS ST,10,1,10,41.89111636,-87.62006596,POINT (-87.620065957381 41.891116359631)
8e51b3364e36911f29839a0e32b65f821f5e8d5a89f7e9d6db1112b847ce51ec972dde5467a525aa7e0d546ab8e576f762e4fe8bcb0ccd4492aa7f3202dfe290,10/19/2025 2:59,RAIN,"DARKNESS, LIGHTED ROAD",NOT DIVIDED,WET,148,W,LAKE ST,2,1,10,41.88584767,-87.63237501,POINT (-87.632375014466 41.885847671872)
76a131279e88ba138ea7f03ec81d9dc052ca936b60c146a4fc01fefeadf50306674c1f79804940bfd1481172b4ab75f51167ed09888f917b9d9ec12f6f2a9705,10/19/2025 0:10,UNKNOWN,"DARKNESS, LIGHTED ROAD",FOUR WAY,UNKNOWN,225,N,LA SALLE ST,0,1,10,41.88640472,-87.63232171,POINT (-87.632321714487 41.886404721467)
9b64ed6f441af8c5b1bb163bef567814e198643fade7e50155e0d7aeb1ba255ab6c80d67c49cb46cc136dcec115efeef5e6fea36f229e8d1fe271d74a70dc951,10/18/2025 22:00,RAIN,DUSK,NOT DIVIDED,WET,311,E,JACKSON DR,22,7,10,41.87822984,-87.62017971,POINT (-87.62017971359 41.878229839638)