CRASH_RECORD_ID,CRASH_DATE,WEATHER_CONDITION,LIGHTING_CONDITION,TRAFFICWAY_TYPE,ROADWAY_SURFACE_COND,STREET_NO,STREET_DIRECTION,STREET_NAME,CRASH_HOUR,CRASH_DAY_OF_WEEK,CRASH_MONTH,LATITUDE,LONGITUDE,LOCATION
87764da178ab39ace21ca7ec08fffa8f2055c439b65b73cfa14ba606c98f968f26f5375cf00ee840d0141a5e8a0a2b319bfc7a4ae95c6e787ce71026b7373c09,10/18/2025 21:40,CLEAR,"DARKNESS, LIGHTED ROAD",ONE-WAY,DRY,47,N,FRANKLIN ST,21,7,10,41.88312883,-87.6351934,POINT (-87.635193401302 41.883128833128)
e10a6fb2cc6e113ba194f678b270c1e532d3fe60de3eec038d455b64f0495b958b7c600cae76fd2aa1386af89eecdce53cc72ffe1a1f4ddd709289ae611caec7,10/18/2025 21:40,RAIN,"DARKNESS, LIGHTED ROAD",ONE-WAY,WET,3,S,FRANKLIN ST,21,7,10,41.88182905,-87.63516248,POINT (-87.635162484821 41.881829050912)
db2d628449b12cc333d3b1a3cdb3d9c09551b64004b600fb98da4cee0a8097ce475d88d95847aaefb22506382271eac4758077e7a52b27546cea9d70d932def2,10/18/2025 21:12,RAIN,DUSK,DIVIDED - W/MEDIAN BARRIER,WET,34,E,WACKER DR,21,7,10,41.88733124,-87.62691155,POINT (-87.626911548108 41.887331236205)
b83bcf099052baa7af79574df77c05bcb8a514cc635299398df385e5a5c9edcaf0a9b54b1ecff78d4ae5830bc38079b13ea709efae2b9bbc165dda40c9aa2601,10/18/2025 21:01,UNKNOWN,UNKNOWN,UNKNOWN,UNKNOWN,150,W,RANDOLPH ST,21,7,10,41.88458266,-87.63250801,POINT (-87.632508009736 41.884582656121)
014579da01efa5ede0a7005ad8e20eb4da8f2b9a0d2e496db90b9069f2399f321ad3ed19c81bd3abfa731faa4155f025f5be74ef676e3bbeade92b324221731b,10/18/2025 20:15,CLEAR,"DARKNESS, LIGHTED ROAD",NOT DIVIDED,WET,25,E,OHIO ST,20,7,10,41.89237877,-87.62698328,POINT (-87.626983277027 41.892378774151)
51bd397aac79bc402cc5dc8e074ae9896c77bd269dde076a69b11cb99e4854561baaaf19160bbef423e39b4b80c2de603b09b356adc2ffb9860669bfd6a9d836,10/18/2025 19:55,RAIN,"DARKNESS, LIGHTED ROAD",ONE-WAY,WET,102,N,CLARK ST,19,7,10,41.88331812,-87.63105824,POINT (-87.631058235815 41.883318121993)
768084c887664c7e812e2ad8015c4ca3ce006ecc708cd1ece9e3995bf383613737534f9198a66354bd8bf274ed49dae6cf6dcf3c7ebe2ab75c2cc760cd2703dc,10/18/2025 16:00,UNKNOWN,UNKNOWN,NOT DIVIDED,UNKNOWN,22,W,VAN BUREN ST,16,7,10,41.87701945,-87.62846101,POINT (-87.62846101012 41.877019454195)
d5ca42737b7cc677ab07b594a97ba6133926fd7d650094bc47d90330ca01dfa8f5c180b15a7b77d42e9644089772979051a15ee6b6d0aeb6c3f766d45149fed2,10/18/2025 14:55,CLEAR,DAYLIGHT,FOUR WAY,DRY,500,S,MICHIGAN AVE,14,7,10,41.87565854,-87.62440494,POINT (-87.624404940923 41.87565854302)
3ee82920e704ead8a7d389714857761cdce566377c4bde16054381670fb27fee09adfb488b3819358e51befee8a08eddd77b2d89520c03e3479e7abc7ae2c4ab,10/18/2025 12:50,CLEAR,DAYLIGHT,DIVIDED - W/MEDIAN BARRIER,DRY,151,N,MICHIGAN AVE,12,7,10,41.88454011,-87.62430852,POINT (-87.62430852246 41.884540110592)
7158d30c678a700462a53e9878471ef55488ad33cfb8d78c5af21869de5666b7c05a2321b08f76e6ad80520f45ab642cd197653a74b5002cb95a04a8167793c2,10/18/2025 12:15,UNKNOWN,UNKNOWN,DIVIDED - W/MEDIAN BARRIER,UNKNOWN,1,E,LOWER WACKER DR,12,7,10,41.88668083,-87.62793717,POINT (-87.627937169137 41.886680829713)
29d3d656edd1a0cb56b6beb3549e1a6d4e997d777d6f41a75842cc2075aa014f4f93ba5afd0eacd89f7aa9203c4bd6f89005778c95473ed994577119263b9b1d,10/18/2025 11:30,UNKNOWN,UNKNOWN,NOT DIVIDED,UNKNOWN,520,N,RUSH ST,11,7,10,41.89167324,-87.62551853,POINT (-87.625518526412 41.891673235519)
493175c4ad801e8577e97eacc6d93d41f3745192cbdc74294073f560890e34ccc21aef404cf5cff87f01f5349e21b1156740066dfe809f28dccb5defc7c0970c,10/18/2025 11:30,UNKNOWN,UNKNOWN,NOT DIVIDED,UNKNOWN,131,N,DEARBORN ST,11,7,10,41.88394409,-87.62929253,POINT (-87.629292532139 41.883944085813)
bac47a36b59e083a5d507f1a54e50480639c4871a8ad19289139c7306c569f21e0eb4f3b961cb92788c9aed7aa3df77de98a24f845f392fb34b6ac0e869e54ad,10/18/2025 7:57,RAIN,DARKNESS,DIVIDED - W/MEDIAN BARRIER,WET,100,N,LAKE SHORE DR SB,7,7,10,41.88326589,-87.61626953,POINT (-87.616269526281 41.883265889838)
4a7f71bac7777d96f59a8ab917ceb3fa4dacd27e3486f11346e18894f4fe494bc8c26224aa649225b4c37c7c175eb5efe600a3d5a69538587b54b9a0922f8067,10/18/2025 6:59,CLEAR,DAYLIGHT,FOUR WAY,DRY,270,E,LOWER WACKER DR,6,7,10,41.88811554,-87.62073773,POINT (-87.620737731996 41.888115544351)
664d5996ef6795459da8ce95659efc344095c9a8138ecc99e17a3fdba1313119319c2bf1f4ab765adb15e2bacf7b691f2bae6a9d390ea36dcff18be4620c9b53,10/18/2025 5:07,RAIN,"DARKNESS, LIGHTED ROAD",DIVIDED - W/MEDIAN (NOT RAISED),WET,1,N,STATE ST,5,7,10,41.88211763,-87.62767361,POINT (-87.627673612189 41.882117633495)
d3c06c3f6f0dd5b704ef0f7ee144ac23256a9b003f2995fbcf659de701609922bc1e71daeff2ce0d4293d36450a1fd8766d2f33f3a5b5b56485dcb07a69b26db,10/18/2025 3:10,CLEAR,"DARKNESS, LIGHTED ROAD",ONE-WAY,DRY,45,E,LOWER WACKER DR,3,7,10,41.88700382,-87.62619329,POINT (-87.626193290939 41.887003823878)
05c0011aebd1c88c0a87619ded0af9900b582200fc543f9fe8be7259cf471d46b07bcaeb84e6bfa5ed4379e4b01286f76aa4e097f857453673f3df193212946d,10/18/2025 0:00,CLEAR,"DARKNESS, LIGHTED ROAD",ONE-WAY,DRY,200,N,LAKE SHORE DR SB,0,7,10,41.88505246,-87.61421574,POINT (-87.614215739327 41.885052462405)
e5b08a261f09c086beb6ca42110ecaae75cf7cc0b0428be9d1813867ee36a02123c7e01ed1d91c4d02def1338a90d3bb8aaea26dac7dd754879a2b6f400521b8,10/17/2025 22:30,CLEAR,"DARKNESS, LIGHTED ROAD",FOUR WAY,DRY,250,N,DEARBORN ST,22,6,10,41.88700081,-87.6296788,POINT (-87.629678803271 41.887000807654)
99ca4d22713c693f95873829142cc494b5c07554758a723e54c9bd235a73aecd1d797989c7ca6d987f1a2c9135c86924a582b36a4c13eddbd0b38c147839fc56,10/17/2025 21:25,UNKNOWN,UNKNOWN,NOT DIVIDED,UNKNOWN,300,W,RANDOLPH ST,21,6,10,41.8845749,-87.63545069,POINT (-87.635450694754 41.884574896475)
6d1b157a8c745670265f83b2d203bac544be68ab9f2aa42ecfc7c04b23296cc95a4944ccb028eb4708c01083912b06346d2e490c6e27b1438df74f75e843d596,10/17/2025 19:40,CLEAR,"DARKNESS, LIGHTED ROAD",ONE-WAY,DRY,154,N,LAKE SHORE DR SB,19,6,10,41.88434876,-87.61454978,POINT (-87.614549778133 41.884348763505)
709db1b4f3aab7d1c091513e3d7d64a40b31ffd94914f1b440c52852e1d4706ced24ead9fa6cb2a286f035a96f505a24917e0df6d14c130e756f43c51af36484,10/17/2025 17:17,CLEAR,DAYLIGHT,FOUR WAY,DRY,100,W,KINZIE ST,17,6,10,41.88932169,-87.63113299,POINT (-87.631132985275 41.88932168585)
a04ee0f541d57f50afe8bcacd76755c67e2209e3fa30a8800fb8bdb94da873bbb0b2fd572194826543fb5fe62e4a54f8b9bf19471c3ba9bf1f6d48a46a9e0f2e,10/17/2025 16:40,CLEAR,DAYLIGHT,FOUR WAY,DRY,100,E,ILLINOIS ST,16,6,10,41.89102451,-87.62529015,POINT (-87.625290150715 41.891024513358)
91ae2afe79cde006eda6a11463054f1c61cf8001e1e6dbb052e036bfea4e25b68c19b13ccfe24d7e5fd935d53771e3456bd9c13f498167c659aa2ccf2c242c8a,10/17/2025 16:15,CLEAR,DAYLIGHT,NOT DIVIDED,DRY,151,E,WACKER DR,16,6,10,41.88799989,-87.62256513,POINT (-87.62256513256 41.887999887349)
f77e691801a1192953fbdf9335248d22a43184c1727a72a5e3f1eee703e7f7e986957357416cc40c1fd2b44a379d1b2bc1d70350a2781c6b680ea33b3b8e5e3f,10/17/2025 15:40,CLEAR,DAYLIGHT,DIVIDED - W/MEDIAN (NOT RAISED),DRY,23,W,WACKER DR,15,6,10,41.88670775,-87.62886327,POINT (-87.628863267137 41.886707752602)
5cc6adf9602828148e751525a8812960c9403926125b16be7d1410b0363f04ffb67cfc52a7a0d2e2b8e36112ef1166453597688f40c388ea9296e875f2c0e597,10/17/2025 11:42,CLEAR,DAYLIGHT,DIVIDED - W/MEDIAN BARRIER,DRY,366,N,MICHIGAN AVE,11,6,10,41.88839408,-87.62463707,POINT (-87.624637070954 41.888394083974)
3a3dd4b39a9ca32968efc5e1f82fc9e13bc50a465574ea57d81b1fe8717f6be3a10e9c4634f42aa05d043055bd60e85abd11c1dab64366512af3c28adca8e91d,10/17/2025 9:35,CLEAR,DAYLIGHT,ONE-WAY,DRY,131,S,DEARBORN ST,9,6,10,41.87988544,-87.62921159,POINT (-87.629211594803 41.879885440301)
7c4f99389f8efef083ce564416a9b68617b3654b312614304e8501f18c18640ebbf4dfd730ad8286ff902748051360521c0dd14f46ee5bef232adec503857ed4,10/17/2025 8:00,CLEAR,DAYLIGHT,NOT DIVIDED,DRY,60,W,KINZIE ST,8,6,10,41.88933322,-87.63028247,POINT (-87.630282472199 41.889333215048)
84c9e5c3b05f820af132de7c0ab0b1b1426ab2ec60f6506f0150dd9be483fe9f3226d31891749d2fd849419b445e7057aee850d6269155fd3fd565a450af3c16,10/17/2025 7:30,CLEAR,DAYLIGHT,ONE-WAY,DRY,100,W,MONROE ST,7,6,10,41.88080528,-87.63092933,POINT (-87.630929332143 41.880805278204)
1d380baa1e4988ea534cedac9f9385ba1600bd07c4fd81087910fb2291f67fafa13ca8895e72698543e52d6b48f0a1d91791ecad9bac9cb8f5f135817662d3e6,10/16/2025 23:53,UNKNOWN,UNKNOWN,PARKING LOT,UNKNOWN,400,N,LA SALLE DR,23,5,10,41.88922537,-87.63267412,POINT (-87.632674114985 41.88922537162)
e4fd2ad37951f62a1d1f173c52ca9043cd4ea4b4febdcf6f163ac505cffa3f3a478ec3024b776754eeadea4dfcf1a9ba3d6df87c087152eef86caccbf88d00ad,10/16/2025 17:55,CLEAR,DAYLIGHT,DIVIDED - W/MEDIAN BARRIER,DRY,150,W,LOWER WACKER DR,17,5,10,41.88706666,-87.63258839,POINT (-87.63258839103 41.887066657595)
998c575fccfd9d16bf2b3e7a68cf992b6ef38fa9bb046c87466f088cacf70dab3cf8541c548e52845cb23ebcbe7a4fa0647675d3debe3276933a03b3012314ab,10/16/2025 17:40,CLEAR,DUSK,ONE-WAY,DRY,151,N,CLARK ST,17,5,10,41.88454407,-87.63079139,POINT (-87.630791385565 41.884544067713)
00f58fbaf6772d0263907b67aba0bbdf9ee23c3a4ac7ba124f303c15820ac93c5184e812a299cc95b03cc5cee72a3eafe0228967ff8c65420e8cec4091373ef3,10/16/2025 17:00,CLEAR,DAYLIGHT,OTHER,DRY,200,N,DEARBORN ST,17,5,10,41.88579631,-87.62964615,POINT (-87.629646154129 41.885796312349)
f0d88ab47becbd9cde0803a96cb1692a35c1eaa6e3c4771460b0cc5e2fadef908bfe7a4f73c53559de34b75b1a92e1c3f134f120a512f9808f88d4267182ac7b,10/16/2025 16:35,CLEAR,DAYLIGHT,NOT DIVIDED,DRY,329,N,DEARBORN ST,16,5,10,41.88830123,-87.62940669,POINT (-87.629406692352 41.888301227425)
0e173eaf71d12f5a8c70bd68d618a155aaf929bc6c28367502c6f819c451a63ba854352c24598b1e2b6e7a3aba132e82e5afe174dd72d8f9ab7669f40210e0a1,10/16/2025 16:30,UNKNOWN,UNKNOWN,NOT DIVIDED,UNKNOWN,160,W,KINZIE ST,16,5,10,41.8892816,-87.63349105,POINT (-87.633491050582 41.889281599111)
0f0ab3658a5fe6b7f4663ce6356326b309072289cd6dc714b74874d8a5551a82eaa4dee6b04ac5e90565da6b05338fa002bf847ab4998769965c024b222df864,10/16/2025 16:30,CLEAR,DAWN,ONE-WAY,DRY,200,W,KINZIE ST,16,5,10,41.88927484,-87.63408372,POINT (-87.634083717969 41.889274843852)
a01b8d4ba627ca8bc980c6014da9de625cc3e100e5f57859b807154040af125435e9b189a544157022745a321c619c7d044500a77af8de99a5ba43d79c69460e,10/16/2025 16:27,CLEAR,DAYLIGHT,NOT DIVIDED,DRY,35,S,DEARBORN ST,16,5,10,41.88142173,-87.62923678,POINT (-87.629236776362 41.881421726958)
d8d6568ad67c20c79d3e152e3fa61e9099b2aed85ef89f95c2b25cbfce87a75c0fd0949ac73e4e46322917fe5f3eed2ee31bb47d7e1364b785d09442da0f32b9,10/16/2025 15:52,CLEAR,DAYLIGHT,ONE-WAY,DRY,150,W,JACKSON BLVD,15,5,10,41.87824304,-87.63228175,POINT (-87.6322817513 41.878243038502)
f696e6de3f4c52a0b79b5ea8a237910d7c0ada1969102cc568a279c81db87d996657f5be52587a5c2e91559651ae0b6cbf0c08714c03ef26d0abe8b3cabd54d5,10/16/2025 11:03,CLEAR,DAYLIGHT,ONE-WAY,DRY,1,W,OHIO ST,11,5,10,41.89235808,-87.62816807,POINT (-87.62816806925 41.892358081866)
c490bad5031c20325e9fa226d58bae73d06d7ba63eb6eeb1e57bbf85366328f7af424b0b3d47f5860e3f48fe37bd46ff15dafe37ed551fe7ee6bf29c47243131,10/16/2025 0:00,UNKNOWN,UNKNOWN,PARKING LOT,DRY,511,N,COLUMBUS DR,0,5,10,41.89140488,-87.62008123,POINT (-87.620081229738 41.891404880694)
de0208c6cb001eee4c331fd8193b98fa40712800836d6a482c74384130d085ef2c55105e491a26f79fe42f5ec03f951e91a144a9c466bf1d82f182c9103294ef,10/15/2025 22:38,CLEAR,"DARKNESS, LIGHTED ROAD",UNKNOWN INTERSECTION TYPE,DRY,99,N,FRANKLIN ST,22,4,10,41.88317627,-87.63519482,POINT (-87.635194817034 41.883176266755)
31fbfc08a16303ff630a1e9f202d7847411b533f081923168a9c0af1820bb201757b2c8f2ced58de4bfe891c61b05cccc45526c05894b88f003417ee5c58dd1f,10/15/2025 22:00,CLEAR,"DARKNESS, LIGHTED ROAD",NOT DIVIDED,UNKNOWN,333,N,MICHIGAN AVE,22,4,10,41.88754294,-87.624407,POINT (-87.624407002456 41.887542941392)
93529c7d42140b32f8e411e5da930baa94ef62014cec0f941018521dd37f7fcd7591c06aa909f8145747b7641da17e297f8132f3ad4abe69c41a606d59fafba0,10/15/2025 19:05,CLEAR,"DARKNESS, LIGHTED ROAD",NOT DIVIDED,DRY,401,N,STATE ST,19,4,10,41.88926542,-87.62786766,POINT (-87.627867657864 41.889265415961)
e97f8015bc393d27a991a4916bb8ea1f0e1909a5de75dc19389cc8b05415d1b541cbdb53780953a34dfcd402b9ed0735d6a4d7a598aa2cbb964b1ceb76d6aaf8,10/15/2025 18:36,CLEAR,"DARKNESS, LIGHTED ROAD",T-INTERSECTION,DRY,2,N,MICHIGAN AVE,18,4,10,41.88216417,-87.62451427,POINT (-87.624514273622 41.88216416733)
d8761b4baf9254922ac95d1bd182eeb0473283718353c25dd806bd7d57adc752829c2717cc99ce29bd5e745a6dc228eb6630b015b719d0752f258b4a4c9fed5f,10/15/2025 18:30,UNKNOWN,UNKNOWN,NOT DIVIDED,UNKNOWN,430,N,DEARBORN ST,18,4,10,41.89007658,-87.62975524,POINT (-87.629755236332 41.890076583349)
368e4ec05aa0529fdc83fd9f06c5c62eef67acde60378b71d24b98cd85eb4ea6944d9e3eb1747870ff899488e5619e6fc048621feed68cd6bbec7973b0aa18e0,10/15/2025 18:17,CLEAR,"DARKNESS, LIGHTED ROAD",L-INTERSECTION,DRY,2,N,MICHIGAN AVE,18,4,10,41.88216417,-87.62451427,POINT (-87.624514273622 41.88216416733)
3d2092e7ba65ea51ea3884a440776aaaf1404166edb6516fb850d231e9aa50fbac4f70d47d82cbc2c61fd5f00e6ac8ddc419eef80e860f5eabeb9d2c89226f45,10/15/2025 18:00,CLOUDY/OVERCAST,"DARKNESS, LIGHTED ROAD",NOT DIVIDED,UNKNOWN,300,N,DEARBORN ST,18,4,10,41.88751051,-87.6296843,POINT (-87.629684301676 41.887510510894)
5dc0dfbae9890378a580db02ceb60f9f854cf78c30e38341191f150842c238178c5691a1a81c5de161b9495c1d96772177c16de2be8740c7e7aced4dd294565a,10/15/2025 17:30,UNKNOWN,UNKNOWN,ONE-WAY,UNKNOWN,240,E,OHIO ST,17,4,10,41.89269586,-87.62106054,POINT (-87.621060535895 41.89269586113)
971308027a8d63dcf215da7134f18dd2e490804e645d6697cea88b39c5a821da34beecb54294933c611e7a7ed7c982a211825bfd9ef1adb72d9bea23fa138d07,10/15/2025 16:57,CLEAR,DAYLIGHT,DIVIDED - W/MEDIAN BARRIER,DRY,428,N,COLUMBUS DR,16,4,10,41.88942165,-87.62057124,POINT (-87.620571242796 41.889421649529)
95be86d932d543f0d8d0ff07bd09fcbdaed9a973a98b3003c0c46f0ab9f12a5e1cacb772a8826d79f48f8c86f8d2db3c33bbfcac9354b2ff64b283e1568b00c9,10/15/2025 16:00,CLEAR,DAYLIGHT,NOT DIVIDED,DRY,56,W,RANDOLPH ST,16,4,10,41.88459084,-87.62999749,POINT (-87.629997485689 41.884590838987)
df7ecdfe2f9aa232ef93d5f7d5e54bd057e95d61b4c1b59d989897fcb50457c7eb8da86fcf44314dcd2d5c0b55cfb79ab1e50c527223eb89d0308cf4c51c61d8,10/15/2025 14:20,UNKNOWN,UNKNOWN,UNKNOWN,UNKNOWN,200,E,IDA B WELLS DR,14,4,10,41.87586075,-87.62229586,POINT (-87.622295862344 41.875860746521)
19cda48e55740b12233ac56487f1bb0c7abe24d60244da4c08d6a449a7c3af681f3ec38d8c94178729999e805f65f12c25536191ca3777d8ef29175663fa06f8,10/15/2025 12:59,CLEAR,DAYLIGHT,PARKING LOT,DRY,200,W,RANDOLPH ST,12,4,10,41.88457905,-87.63396972,POINT (-87.633969720953 41.884579045949)
610d72aec1c56f39f2a2bf7a57741a4a5e570c6e3d6aca27d11c99553e8a03ee95f58c36335b9fd8bc6ab06133110b543eb3ad02f15436b570cc8531585fbd71,10/15/2025 12:48,CLEAR,DAYLIGHT,FOUR WAY,DRY,500,N,MICHIGAN AVE,12,4,10,41.89097123,-87.62427695,POINT (-87.624276945562 41.890971229645)
54533959db9be8b719feaef5be73ae11f04ac59c4a717f48e681d380d33b482826a6f814fe14e0a103fd6abc67f50ab4a720bbc3ea5df2c3752c4a67551bfc82,10/15/2025 12:30,CLOUDY/OVERCAST,DAYLIGHT,NOT DIVIDED,UNKNOWN,539,N,STATE ST,12,4,10,41.89200113,-87.62792896,POINT (-87.627928961736 41.892001133457)
891c7e683cfe2d03fcc21628f44a80959aa566771cc0185ebce6583b029250b73f6d0d8c7f4c7cefed6aee9f54f084680a5bddc257b71ca8b661454632bb8ebb,10/15/2025 12:25,CLOUDY/OVERCAST,DAYLIGHT,ONE-WAY,DRY,171,W,RANDOLPH ST,12,4,10,41.88436188,-87.63316454,POINT (-87.633164537609 41.884361877482)
4a4d2424303d511c794cb8cb9af6e78d3da12777a4930461da5d92cb9f0ce94f4b62f58ffa11af3bc32affa29346a7c154bbc620976144938887d899cb859351,10/15/2025 12:00,UNKNOWN,UNKNOWN,DIVIDED - W/MEDIAN BARRIER,UNKNOWN,20,N,MICHIGAN AVE,12,4,10,41.8825402,-87.62453094,POINT (-87.624530944728 41.882540202458)
bf6255809ea452c71643d898654525213a0ad7c89faaa6a9cbdde15c79814eade0e0dbc874518476d9ea3b27e4b3b86e433c41818937d139121b9080dae7fd7b,10/15/2025 11:20,CLOUDY/OVERCAST,DAYLIGHT,ONE-WAY,DRY,204,N,WELLS ST,11,4,10,41.88586332,-87.63408112,POINT (-87.634081116824 41.885863316261)
da99ebb9d6acc80ebb1150b23d4ac8779c5146f27e473254f7bf6116b7ebc515a1b4a9ffd409524cdf845cbeff8649b1b8c77587e491661fcf62ed423c8b261f,10/15/2025 2:45,RAIN,"DARKNESS, LIGHTED ROAD",ALLEY,WET,198,N,STATE ST,2,4,10,41.88571581,-87.62808621,POINT (-87.628086206234 41.885715806966)
f098a67070162e515eb29d5373bd73703c0f31179e56f6dee239dac77465b7714e8030b0712d714257a1260e54dbb53972da17dd4fa86b565fd274b0f0c18772,10/14/2025 20:30,UNKNOWN,"DARKNESS, LIGHTED ROAD",ONE-WAY,UNKNOWN,315,N,DEARBORN ST,20,3,10,41.88790616,-87.6293947,POINT (-87.629394698683 41.887906161306)
51fb5caa589116d893cabbed9e373f66a01fe4bf3914cb657cb92ed5b73800fb78080e887b9eed69e9a4550a3813d14ec8bc4d56810574b5b1f3cfe2400e0279,10/14/2025 20:00,CLEAR,"DARKNESS, LIGHTED ROAD",ONE-WAY,DRY,329,N,DEARBORN ST,20,3,10,41.88830123,-87.62940669,POINT (-87.629406692352 41.888301227425)
fd7a7bd6bdfc09b1eb97328ebd4da5c5fa63269ddf5de46e67937e0562d722652b5a6384f78e2b2b7cb3d81b499114782b847a89cdafe454daf26cb5398a4828,10/14/2025 17:58,CLEAR,DAYLIGHT,NOT DIVIDED,DRY,23,S,CLARK ST,17,3,10,41.88138628,-87.63071954,POINT (-87.630719543933 41.881386284424)
e82aa46d7d55f3fb549bd28ab52b0952293244cb208de594c2b9453aa0f46ed8fd806783ac3f2451d107f9f03d497621ed694421f1ea93c0e850981cc9ba6c2f,10/14/2025 17:30,CLEAR,DAYLIGHT,NOT DIVIDED,DRY,50,S,CLARK ST,17,3,10,41.88075872,-87.63100131,POINT (-87.631001308878 41.88075872354)
1f9cd11602df51a0307798e26558902a28c94cd8b1d5a5a944eb50c7e7aebb4f654e10af24202b8db2671ff24971cf68ed7a3bfe4d7a37b2030565f9c048c62f,10/14/2025 17:10,CLEAR,DAYLIGHT,ONE-WAY,DRY,24,S,WABASH AVE,17,3,10,41.88148,-87.62634075,POINT (-87.626340754625 41.881479998823)
c36eebc59494d0abc962a672d910a14b8863b186fa1f6a968e0a659624b3c1983d8f1b704927e72788ea73fab4b7c85ad27583d844fa0d7cbfe12c7e1d581c26,10/14/2025 16:28,CLEAR,DAYLIGHT,NOT DIVIDED,UNKNOWN,298,E,RANDOLPH ST,16,3,10,41.88462477,-87.6206871,POINT (-87.620687099107 41.884624773742)
25aa5f9f457ec4ac17e2999f08538d204ac9af2730fa30da11c20472d6372138deceaa4ee3c980f4b1d170e8da41266b718c458787452c41ae2d791c9e9f0687,10/14/2025 15:00,CLEAR,DAYLIGHT,ONE-WAY,DRY,99,E,GRAND AVE,15,3,10,41.89160065,-87.62543311,POINT (-87.625433109893 41.891600649869)
ddb49851615e35395a5c11e280b8dc432cf8123f4c28dff2bc303161741a20cf133f761b7712fa7b8b14e86e8659d7ae9f40e744ad3b29bda9f2b46ebd8badd5,10/14/2025 12:45,CLEAR,DAYLIGHT,ONE-WAY,DRY,168,N,FRANKLIN ST,12,3,10,41.885061,-87.6355415,POINT (-87.635541496683 41.885060998548)
96dfd4c5b8e4ec60b8551880305653ababa6ee5c275d121d9c6ba3bdc0559d19c91ea50150112ea3b57a0ad846894d55be541aa24b73e97500a9e212e8b8cf08,10/14/2025 11:48,CLEAR,DAYLIGHT,ONE-WAY,DRY,355,E,GRAND AVE,11,3,10,41.89173214,-87.61800124,POINT (-87.618001235768 41.891732135143)
63be3da86e4aeda10cf117706528c8612ad795d3fcd8d2add63948c1e940bc6868af69ea8a5fddfd58d649ba169a2c3a351f7447ec77a588eb5983c97279f4f0,10/14/2025 10:25,CLEAR,DAYLIGHT,ALLEY,DRY,201,N,GARLAND CT,10,3,10,41.88579201,-87.625116,POINT (-87.625116001451 41.885792011679)
91424a44f02519ba54272ce31cb1cca63409bc1425d72a26283c0e0b123c3dad59411b6b1e36a398ec558a6da417cc26cdb22dde39a5a4732f20748605324ba1,10/14/2025 10:25,UNKNOWN,UNKNOWN,UNKNOWN INTERSECTION TYPE,UNKNOWN,57,E,LAKE ST,10,3,10,41.88561741,-87.62599241,POINT (-87.62599241372 41.885617411035)
8750fe3e08740e420075bf901ac4454ceafa66026b2ef695468b0f38ca1ed51da78de6b4a0bb3d3a323220524771535c6b148940661997a2367bd46e6d089aa6,10/14/2025 10:00,CLEAR,DAYLIGHT,ONE-WAY,DRY,120,N,FRANKLIN ST,10,3,10,41.88377492,-87.63550541,POINT (-87.635505411754 41.883774915855)
c14797bbda2d0c4883e64efc1955061d0e0bc0d5edc109f35a3ae7ec207ce26c4b38dd510b543c641fcdf3d85addee84b2f8d484ce79f514582887ac8816db01,10/14/2025 7:45,CLEAR,DAYLIGHT,ONE-WAY,DRY,100,W,WACKER DR,7,3,10,41.88704177,-87.63107821,POINT (-87.631078212725 41.88704176906)
d532801b2d27ae8a48b7eeb9cd217e3cfd407e97c5d270d38913d6a014a9f72ba6d0fae42e5c45d2407d1651e18d628d6cc9deb8f1153231905814ad3003b7c2,10/14/2025 0:06,CLEAR,"DARKNESS, LIGHTED ROAD",DIVIDED - W/MEDIAN (NOT RAISED),DRY,103,S,LAKE SHORE DR NB,0,3,10,41.88081122,-87.61710352,POINT (-87.617103515826 41.880811224083)
c13489401c895e5db9d634176340159b62e23f416a350e4a003ff7e60d1177b2e6fd927aaf5c2706185e0ccaf25793e5367ed2d0ba9427ad744fdf7d440736c3,10/13/2025 15:50,CLEAR,DAYLIGHT,ONE-WAY,DRY,10,S,DEARBORN ST,15,2,10,41.88180696,-87.62954312,POINT (-87.629543115394 41.881806960065)
dc62dbc507bcce6142bda5ccd2bf2689ebd185e96f505d109143960fa6235fefa87791538fb4bd612cdc6b558d277360f842e9b69b6b16f177e206b7744ab5eb,10/13/2025 15:20,CLOUDY/OVERCAST,DAYLIGHT,DIVIDED - W/MEDIAN BARRIER,DRY,12,S,MICHIGAN AVE,15,2,10,41.8818033,-87.62450427,POINT (-87.624504273853 41.881803300378)
ec3d0e6c693b0d4a51dd12365576e62d5d28666c5f5a78ba341098b82955ae335574979957a1c92ab0c91da41d848d974eac1e84198d82d81837a16749767491,10/13/2025 14:00,CLOUDY/OVERCAST,DAYLIGHT,NOT DIVIDED,DRY,24,E,IDA B WELLS DR,14,2,10,41.87578549,-87.62670643,POINT (-87.62670642509 41.87578548952)