CRASH_RECORD_ID,CRASH_DATE,WEATHER_CONDITION,LIGHTING_CONDITION,TRAFFICWAY_TYPE,ROADWAY_SURFACE_COND,STREET_NO,STREET_DIRECTION,STREET_NAME,CRASH_HOUR,CRASH_DAY_OF_WEEK,CRASH_MONTH,LATITUDE,LONGITUDE,LOCATION
8c83749a74ad285273a96ece4d9ebb23026b941ba801b0f45c4be8e998191dfc59db5c909f105322f599e32f990008cceeb76262f89263bb4e6ce6df5392c27e,10/13/2025 11:15,CLEAR,DAYLIGHT,DIVIDED - W/MEDIAN (NOT RAISED),DRY,300,N,COLUMBUS DR,11,2,10,41.8869732,-87.62084833,POINT (-87.620848332588 41.886973200874)
fbca5d938b9d80343f48c446b26058939d1bb1faa6b33d55e532c987b3dac90c789d27fdd82721b58668b8dcbfeaf370033a06207580a12e4e6f8a7516a723f6,10/12/2025 19:40,CLEAR,"DARKNESS, LIGHTED ROAD",ONE-WAY,DRY,32,E,OHIO ST,19,1,10,41.89260251,-87.62682327,POINT (-87.62682326645 41.892602513485)
4900086c7366808061d9b033c33bdfff36e4c397695fe065a2c540b9e5b7f28ba3cea4db9a36eb05ec916988c5ea3ee309e8d79b0015ab331c923db5d8b94171,10/11/2025 18:48,CLEAR,DUSK,ONE-WAY,DRY,7,W,MADISON ST,18,7,10,41.88190631,-87.62809668,POINT (-87.628096675208 41.881906312234)
141e79d2e62b9a51863490923f49babe069ec8805edce16eb881d6fee1316a0152660f19b26bff9084f0773e128fc6d9abee19713ec86cd5bbbb82f8744fa072,10/11/2025 15:55,CLEAR,DUSK,NOT DIVIDED,DRY,436,N,STATE ST,15,7,10,41.8903185,-87.6281655,POINT (-87.628165501375 41.890318497661)
e9a459d4e3dba3d643eeea6d5384166d84108e610c1d3bc0908f0d569ea015d97bea4f8bc8624deb02e2904100c47008bf34d084710bbf1208230783406caf86,10/11/2025 14:30,CLEAR,DAYLIGHT,ONE-WAY,DRY,25,N,WABASH AVE,14,7,10,41.8826527,-87.62608074,POINT (-87.626080739573 41.882652704363)
5cb6a20e5db0f330db7056ffa882405ebe52574d5b1cb4936893a63bbda2cc07b5317575104d7a01ed0cc68a7b2226b7524415f0e762365f0779bbd6a6e59ee0,10/11/2025 14:18,CLEAR,DAYLIGHT,NOT DIVIDED,UNKNOWN,50,E,IDA B WELLS DR,14,7,10,41.8758026,-87.62573441,POINT (-87.625734412266 41.875802599285)
ab7023cd840d24a507ef9ac0b46756607e041f02f24d0fb749f74ef2ab7424a4bd308fe35ddbe2f19486a6b5e1033730b4de2a3cba4fd084e592a104586ab491,10/11/2025 10:12,CLEAR,DAYLIGHT,ONE-WAY,DRY,35,E,WASHINGTON ST,10,7,10,41.8831109,-87.62658157,POINT (-87.626581570794 41.883110896019)
4132146b97ccfd23fcf22bc1011d02bc6347ff3d32610e901b7ca42dd97649efbcc94f561076d4c7ee7b3b41a0e3bf70b5cb4299aa0573c524edab4b0b423350,10/11/2025 1:30,CLEAR,"DARKNESS, LIGHTED ROAD",NOT DIVIDED,DRY,100,W,ADAMS ST,1,7,10,41.87952321,-87.63089527,POINT (-87.630895271228 41.879523208521)
5be97d6b14faece156acd7256f38528e7be088de8e5d9e18b400236763ffa2e7152af3f5f0a1ad01ceebd653cc4d2811d7bc777c2a1e4467e0af9faecc3c7a5f,10/11/2025 1:19,CLEAR,"DARKNESS, LIGHTED ROAD",PARKING LOT,UNKNOWN,400,E,RANDOLPH ST,1,7,10,41.88464637,-87.6172485,POINT (-87.617248496239 41.884646365435)
5b79879f18133f3555186c148f015379579d49d0a9ec56a44752178814871d4da33162570c2cfe4648c72bc45d18697c88e085c297b47e4b3348664e88de1c03,10/11/2025 1:06,CLEAR,DAYLIGHT,DIVIDED - W/MEDIAN BARRIER,DRY,190,N,HARBOR DR,1,7,10,41.88607992,-87.61589143,POINT (-87.615891431888 41.886079923387)
104e8afd7425f4bb61195a72df913f1b3b5b1b4bd016365cbae60410461c14df7e55a8635e8f5583c7d226f9c1b500a47bc30dc5cb5703b1765bcd678c73d82c,10/11/2025 0:40,CLEAR,"DARKNESS, LIGHTED ROAD",T-INTERSECTION,DRY,98,E,WASHINGTON ST,0,7,10,41.88334002,-87.62444926,POINT (-87.624449258593 41.883340015698)
94d6bdc9baf357573048c01158c3977ca58503f9a1465b8b9ab8d9ff9ad4a1ae1d09d50a36ed88943bb178afbc8f1084e76803da55cf79496452c4a5177eaec3,10/11/2025 0:26,CLEAR,"DARKNESS, LIGHTED ROAD",ONE-WAY,DRY,101,N,LAKE SHORE DR NB,0,7,10,41.88286598,-87.61600139,POINT (-87.616001390868 41.882865977541)
c57e3643ec4262b2c707bd88166a0d87b3e3f9fb0a082f4c53f623fe6ab6b6750f87a10c59cd0cac76ac291167fe1ebb0e72d9f8d3785573f048e2aa77ede4c9,10/10/2025 23:15,CLEAR,"DARKNESS, LIGHTED ROAD",ONE-WAY,DRY,111,N,STATE ST,23,6,10,41.88347312,-87.62772975,POINT (-87.627729750029 41.883473122413)
091ac54a3658f99dbb881a743cded7f940a6ca338f828f34a66dcac1f659b776a6750431c71881e977be0fb545c0b25d747bda0d50d19c284070050df039e566,10/10/2025 21:40,CLEAR,"DARKNESS, LIGHTED ROAD",FOUR WAY,DRY,105,S,LAKE SHORE DR SB,21,6,10,41.88076552,-87.61710365,POINT (-87.617103647274 41.880765521889)
cb6db453febe2de8e35b9e295031bda03fa1498b80ac305647f2ecab118f77953406be1f21da0645ebd941e90edd55805dcb58928419c1714f20eb6ce55a5911,10/10/2025 16:55,CLEAR,DAYLIGHT,T-INTERSECTION,WET,99,E,WASHINGTON ST,16,6,10,41.88312052,-87.62444426,POINT (-87.624444255441 41.88312051574)
5b70cebca595ab089d1f8ac2f5cef193d8a2f76f7af822defab866bb598b7625b40e648ff7c67299d871ae6d4564313d1a61ffdffddeff2257671f126a6f1b13,10/10/2025 16:03,CLEAR,DAYLIGHT,DIVIDED - W/MEDIAN (NOT RAISED),DRY,273,N,COLUMBUS DR,16,6,10,41.88692363,-87.62055363,POINT (-87.620553628263 41.886923626726)
4a2b7197ec44f92eaabc421ea1e20abd15215b7c63ee44a801f4ab4c66da470ea19882f0c987330e204f94ee38784a5174b98fa2852ea795c487bb161b302986,10/10/2025 16:00,CLOUDY/OVERCAST,DAYLIGHT,DIVIDED - W/MEDIAN (NOT RAISED),UNKNOWN,33,W,KINZIE ST,16,6,10,41.88912549,-87.62942249,POINT (-87.629422488805 41.889125488003)
080a3aa55d648db5bed2edf2d2902d22eddb541af2bbd8b49b87da8b283ad8a9fe3b8dbe6db6b2496baf8f5f0a1b094c31abceebc4eb5e74ed94d2b8ca743e2e,10/10/2025 15:00,CLEAR,DAYLIGHT,ONE-WAY,UNKNOWN,188,W,WASHINGTON ST,15,6,10,41.88331838,-87.6335146,POINT (-87.633514600147 41.883318380046)
93c9f295a33348350d520a56e8816f97ae5264d3988386afce77aca13cff62bcd06e27a2cba4df194ee70821e4360f39c542397358eea27dd7ab322e0b7c58f0,10/10/2025 15:00,CLEAR,DAYLIGHT,NOT DIVIDED,DRY,161,E,RANDOLPH ST,15,6,10,41.88416748,-87.62235524,POINT (-87.622355235439 41.88416748092)
31f5fa1db4e5ecefffb1eb42930f106dfa41b703748e2feab20aca23d193448bec411f175d848c8ea93e0f12607f090c434f8dbce1c7ca7abf2075498e19aeb5,10/10/2025 11:30,CLEAR,DAYLIGHT,FOUR WAY,DRY,341,W,WASHINGTON ST,11,6,10,41.88309252,-87.63650425,POINT (-87.636504250638 41.883092519267)
00c0c45825a20097d2594c4b673047d62d551d04e733399084500b1d7f2ef49d224a2506597126e81841430a68e0c39e8ac2cb7debd876f72da09f53e5b84e08,10/10/2025 10:45,CLOUDY/OVERCAST,DAYLIGHT,FOUR WAY,DRY,100,E,WACKER DR,10,6,10,41.88840303,-87.62439642,POINT (-87.624396422774 41.888403031993)
40ef935821e0b50230863e3397d125ae1ad08d28d8765162b3d2cb787fc31163ba0c659f7004bba125af93b04235332a1b09525752a6f383a3233e98b20cd539,10/10/2025 10:35,CLEAR,DAYLIGHT,DIVIDED - W/MEDIAN (NOT RAISED),DRY,53,W,JACKSON BLVD,10,6,10,41.87805068,-87.62978101,POINT (-87.629781008423 41.878050680825)
1905d2f878980902fb623bd88418dbb5a76bcffaacea6ce1d1a46568b65d128e76798981f562a54c7c2045648b1ce635330941f0be111ab70a2920ad9618f661,10/9/2025 17:10,CLEAR,DAYLIGHT,FOUR WAY,DRY,400,E,MONROE DR,17,5,10,41.88102972,-87.61728157,POINT (-87.617281566405 41.881029716883)
8632c4917c43df89ba02a15a03b0f99bde73bcf19f9b14cebc8c4284e43b4f3a262db5e9fb09172d6fea957aef6609af93778fcb5dbd91a3d7c86cabd649cf4a,10/9/2025 17:10,UNKNOWN,UNKNOWN,ONE-WAY,UNKNOWN,181,N,DEARBORN ST,17,5,10,41.88535046,-87.62933739,POINT (-87.62933739296 41.88535046357)
a3430c3b1e426ef4d9c7011cbed2cf1eeb1cbcf6db88b3260abb42973de891f290092005d48eaf5ddea82d16357fe9a0056ecc2860487b6bc774b45fee93e11c,10/9/2025 14:30,CLEAR,DAYLIGHT,FOUR WAY,DRY,500,N,ST CLAIR ST,14,5,10,41.8909758,-87.62279767,POINT (-87.622797673744 41.890975804332)
21c6e711efbc001ffb43c586214e4d777ebffe67c29d54bc4585a86f0019f8b3709dff171e2ea513ca2c1b9910489ad415dab171c2b5a9bfdec48a860ab4d214,10/9/2025 13:20,CLEAR,DAYLIGHT,ONE-WAY,DRY,200,N,FRANKLIN ST,13,5,10,41.88578467,-87.63555692,POINT (-87.635556924462 41.885784672133)
6c45261e32836475281a666a49c80a0e5d07df9f6724f3f95438371575b34a8925b3464de89c1f80113a3efe694026356f4665a6d10fdc608ea278e7e436cdb3,10/9/2025 13:07,CLEAR,DAYLIGHT,NOT DIVIDED,DRY,315,W,WASHINGTON ST,13,5,10,41.88309421,-87.63579608,POINT (-87.635796082509 41.883094207487)
c1919f03dfd4c268be1b820960e02b59400a7fde617a40cd998eee22bf14f8be0a33cde7f64bfc31884e8b5e61c0ecf7ea0e7fd20257b405ed7cab87d945c5f4,10/9/2025 11:20,CLEAR,DAYLIGHT,DIVIDED - W/MEDIAN BARRIER,DRY,605,N,MICHIGAN AVE,11,5,10,41.89271559,-87.62404433,POINT (-87.624044333609 41.892715590941)
11d5a93143177b5139557d76c60630af1410d1048261927d751b0d8f74616baeb0a1d7319ff3b5a95f9246ca1ecfb7e7e11959e5f80bab02780bc46677bac0eb,10/9/2025 10:00,CLEAR,DAYLIGHT,ONE-WAY,UNKNOWN,10,S,DEARBORN ST,10,5,10,41.88180696,-87.62954312,POINT (-87.629543115394 41.881806960065)
acc3c7686e36468a5508e4ce3a75874f32b3b10ca87a67099dc9ff4f5f652f3d2f979c74ea6feeaba884215b911fc08c38f006f23f2934bfae3fad8a73d1d35f,10/9/2025 8:46,CLEAR,DAYLIGHT,DIVIDED - W/MEDIAN BARRIER,DRY,50,S,LAKE SHORE DR SB,8,5,10,41.88131456,-87.61762921,POINT (-87.617629213183 41.881314564097)
df2c346a75093dff42d3bc0d43005fbdf662dd43167079a2ee61d43d747f0e30f34f772d7c6ef40c2b8ec71ea86a2407a02b9409922204e126508d2b69098ed8,10/9/2025 8:21,CLEAR,DAYLIGHT,ONE-WAY,DRY,33,N,DEARBORN ST,8,5,10,41.88280623,-87.6292815,POINT (-87.629281495683 41.882806226618)
b433d8f0f124faec160bbf1b95a5e4573156edfbc60d749f8c17402377c8c3c8f6a023f84131ec233f08340b1a84cbb9325cd37558cde0e2f374d68b33c0340a,10/9/2025 7:26,CLEAR,DAYLIGHT,FOUR WAY,DRY,500,E,RANDOLPH ST,7,5,10,41.88449951,-87.61374815,POINT (-87.61374815239 41.88449951058)
be2c0662735a5bd934840b18207382ae5374a32872e2b5524fa2874a2e11a873d506527efe26b29af5f77b7d223d47018a6afa788a06cb7dc6944cfe336e2a2d,10/8/2025 14:32,CLEAR,DAYLIGHT,FOUR WAY,DRY,117,E,RANDOLPH ST,14,4,10,41.88432226,-87.62365253,POINT (-87.623652528071 41.884322262698)
2420f4ad5dbb8975226a7a8d7f3ceff7ec857f5d11e7dbfc7f6c47c4c440e24924e6e5b9e586d443070907d07df9825c6fc9d13debcec6746bb5bb3294a0b2f4,10/8/2025 13:18,CLEAR,DAYLIGHT,ONE-WAY,DRY,35,E,MONROE ST,13,4,10,41.8806754,-87.62645664,POINT (-87.626456640008 41.880675401074)
725260cbce0798110e5bc7a2aadb9cf14ea90dd4809f560f25c120852009a854a9567114f7fd9217d93a4658aa1d5e277ff9b3f5a5434bef6acf98d05990a92d,10/8/2025 11:45,CLEAR,DAYLIGHT,NOT DIVIDED,UNKNOWN,400,N,LOWER MICHIGAN AVE,11,4,10,41.88940378,-87.62442627,POINT (-87.624426267883 41.889403775694)
972f0d35d95a81041624fe6bc50633360491faa276f8125e426760b9d64bdfadeece40fa81190f2ce37b8808e144dba160754cdb98e4e0bb06eb25e804514384,10/8/2025 11:30,UNKNOWN,UNKNOWN,DIVIDED - W/MEDIAN (NOT RAISED),UNKNOWN,400,N,LOWER MICHIGAN AVE,11,4,10,41.88940378,-87.62442627,POINT (-87.624426267883 41.889403775694)
16d6b4c14ebb5cd848727b6704d425a28f1422d6edb9123f6aea27e846724853b6887fea2749a253819795019f95a46deda0d08a044d9e3e64622dee0abf2679,10/8/2025 8:05,CLEAR,DAYLIGHT,DIVIDED - W/MEDIAN BARRIER,DRY,2,W,IDA B WELLS DR,8,4,10,41.87574748,-87.62767401,POINT (-87.627674006991 41.875747479612)
68aa7e21f2860ff19d115ff4d8ab1e5b3df62b6298410133749b7d7c6036189e43b41387c7417fe037de408d3e676a30217a7b759d2301a51e7312d6f06903bf,10/7/2025 18:00,RAIN,DAWN,NOT DIVIDED,WET,151,E,WACKER DR,18,3,10,41.88799989,-87.62256513,POINT (-87.62256513256 41.887999887349)
c93507d125461daad780e11f0ab227529bb362b9e78c0a829cd531148d233592249350675e2d4a90c10acff9e5b85a41fb23e14c438bc3e6ec76b6ef0b272b3f,10/7/2025 13:20,CLOUDY/OVERCAST,"DARKNESS, LIGHTED ROAD",PARKING LOT,DRY,25,N,MICHIGAN AVE,13,3,10,41.8826705,-87.62424154,POINT (-87.624241538569 41.882670496958)
bb0929f561b8f1177d5f9c8886989cebbda6161c875c95e898ed5735fe4f33bd0792342e46887f9f3335c932de096abc7759227ea0384f88f8d7a481227fc41d,10/7/2025 13:17,CLOUDY/OVERCAST,DAYLIGHT,NOT DIVIDED,UNKNOWN,515,N,STATE ST,13,3,10,41.8914181,-87.62791476,POINT (-87.627914756079 41.891418101188)
099869639c01dbda0bdac07436e838fe617fa8ff458f3e3a094107a78f9a43709a5853afac0ca32e5c2048ffde1bd55718a5afc12d06b2ab373acd124fee1a69,10/7/2025 12:45,UNKNOWN,UNKNOWN,PARKING LOT,UNKNOWN,401,N,WABASH AVE,12,3,10,41.88928401,-87.62654855,POINT (-87.626548547941 41.889284013529)
d198a75378bc30177f01efd6b82799b9d723391f5ba96fb078ab910b2ae4c1315c318b14ddbb771b95982947a580a5605e6aad68ef993cf07fbf0cc080f7652f,10/7/2025 11:56,CLEAR,DAYLIGHT,DIVIDED - W/MEDIAN BARRIER,WET,121,N,LA SALLE ST,11,3,10,41.8837646,-87.63227535,POINT (-87.632275353537 41.883764598103)
c300d9534f53357c4e06f2773ecea85ce321af44bb6dd012e2efa854b70523ff0e9427d7d99b0faa1c144b4e74903139ee6bb9b5a221c89dd0a8c88e2186ca4d,10/7/2025 11:40,CLOUDY/OVERCAST,DAYLIGHT,DIVIDED - W/MEDIAN (NOT RAISED),UNKNOWN,511,N,COLUMBUS DR,11,3,10,41.89140488,-87.62008123,POINT (-87.620081229738 41.891404880694)
660c6aa4edfaf18b19e0524250cc054828a2b94b352427552e4f27fda129ec7e0d54675b809c93fd74d27d7f4da077896a2a91c2a27f1216c81c298a7f17f200,10/7/2025 11:30,CLEAR,DAYLIGHT,FOUR WAY,WET,100,S,LAKE SHORE DR SB,11,3,10,41.88085605,-87.61763589,POINT (-87.617635891755 41.880856047671)
edc4828488bdf82ae1cc25fac50d3dae41f85095bab651ebc3cb1a5d66b30a9e168b26e566cf73caf88ac29e5e3c256fc9cb635cc441399faac8f15e482c3a85,10/7/2025 10:37,CLEAR,DAYLIGHT,ONE-WAY,DRY,98,S,DEARBORN ST,10,3,10,41.88078253,-87.62951612,POINT (-87.629516116688 41.880782534741)
ec0b4b4393147e174dda00b66383af387a50144472ddfc34765db0b8a1b3671ad3efe8e162ea904a8af0348b40894c514f1e262ca7b487b7b38aa9149c1c9186,10/7/2025 10:14,RAIN,DAYLIGHT,T-INTERSECTION,WET,309,W,WASHINGTON ST,10,3,10,41.8830946,-87.63563266,POINT (-87.635632660749 41.883094602845)
6adfccd02362dd5ed5fc5f65730f67e9523f6d7715198156d611bd62ab51f15d918b4d3e00a01c971d08f9331df2636c5de716496c3a24a6b6576263091a6c2e,10/7/2025 9:45,CLOUDY/OVERCAST,DAYLIGHT,FOUR WAY,WET,200,S,WABASH AVE,9,3,10,41.87945489,-87.62627047,POINT (-87.626270474892 41.879454893952)
960ef779b6a9ddc71e517cd14ada5130c2d98d44b27e5d87b51d42309e7185e9437b7a51e81cedd3d30d4d82b367debd93e5285d6ccd1389a247db5615d1f510,10/7/2025 9:11,CLEAR,DAYLIGHT,ONE-WAY,DRY,198,S,WABASH AVE,9,3,10,41.87958205,-87.62627561,POINT (-87.626275614281 41.879582046673)
386db347484d8d3ccb88e7410332c27d9c97b21e7141bf174bfe784596750693f7935fbece849451d05f20b961b677dc0aa20180183f5f0821bb533b12a41ad5,10/7/2025 7:50,RAIN,DAYLIGHT,PARKING LOT,WET,333,E,BENTON PL,7,3,10,41.88539005,-87.61898671,POINT (-87.61898671164 41.88539004667)
b502426d3ea56bdfeee6ea5c962a1f23ed04d0d43444702dcd05ef540440bf5cd5953796dd12f5c4623573f00fbb80ea1c72608f15dde72bf53f8222c73f7482,10/7/2025 7:25,RAIN,DAYLIGHT,FOUR WAY,WET,300,N,STATE ST,7,3,10,41.88755787,-87.62815306,POINT (-87.628153064672 41.887557872813)
e1d046e159d71115221b975fc358405ecc4a8d70276be8280124779721e39c889db69bdf27dc4483ad48e8a1eab1f46284124203f50cd108692be7648c55505d,10/6/2025 15:15,RAIN,DAYLIGHT,NOT DIVIDED,WET,198,S,DEARBORN ST,15,2,10,41.8794691,-87.62949911,POINT (-87.629499106522 41.879469098805)
3aaa208a34222476c7dbc84aed4bc382a02e3de035c6c4db1b5652649510f254f03a594c88f2a5e21dc6e888a943db75980ba741e63ba61ec55e06a4556b846f,10/6/2025 14:46,CLEAR,DAYLIGHT,ONE-WAY,DRY,131,S,DEARBORN ST,14,2,10,41.87988544,-87.62921159,POINT (-87.629211594803 41.879885440301)
2d49381589c8f7c459a5c163aa54e34866961debb91e15c0b6dd379a284b31100013b7a66d5c0bda6e6b98c3dab8deb23c0cb8030faa2f1f974497b79f41a024,10/6/2025 10:27,CLEAR,DAYLIGHT,DIVIDED - W/MEDIAN (NOT RAISED),DRY,20,S,STATE ST,10,2,10,41.88153612,-87.62790329,POINT (-87.627903289368 41.881536122438)
d7b169be83df409407dd3c79e76e37f2c3a0fab47039ea69fbbf17971bec054a1e1032987b3c9501202c1e176931e6b749f7e8d1315973b6b28c54c6f8eb0820,10/6/2025 8:30,CLEAR,DAYLIGHT,ONE-WAY,DRY,60,E,MADISON ST,8,2,10,41.88220133,-87.62567112,POINT (-87.625671121931 41.882201328836)
b329f1b29428af9f0303794e35b9a938661c3287739c7e238dd6387edcf3f998bb93cd864e752943358510bd5c1c6580b7b3dee758a4d64a933e69bc384b0eba,10/5/2025 18:30,CLEAR,DAYLIGHT,DIVIDED - W/MEDIAN BARRIER,DRY,120,E,RANDOLPH ST,18,1,10,41.88454795,-87.62358834,POINT (-87.623588343598 41.884547945768)
cc55b559948f734245b35392b159010445533c72754593477a53385d9349d3ed82b62dd4e46311ebaf66d4c83e6c610c94b4a82cf8bad8904e865c5063e3fcbe,10/5/2025 18:20,CLEAR,DAYLIGHT,FOUR WAY,DRY,101,E,RANDOLPH ST,18,1,10,41.88435986,-87.62444481,POINT (-87.624444814212 41.884359855242)
9a04b4645b23bf05fc63c95bc39626a927160ec8f201ce0cfe175a73bbc1e0aad2eca01f18e2a295ea64f6016df26182bef2907b919b35c3a2d0259580f65c82,10/5/2025 8:57,CLEAR,DAYLIGHT,PARKING LOT,DRY,505,N,MICHIGAN AVE,8,1,10,41.89112059,-87.6239887,POINT (-87.623988704323 41.891120593049)
175225c97b72a7f274fbe41315ca45662884a3ecde9c4ab372b6dbe76ba91417b50a52e0d1115c143af7aab701146c199a70c88bec05982b37cb3ced7807abd3,10/5/2025 2:05,CLEAR,"DARKNESS, LIGHTED ROAD",T-INTERSECTION,DRY,528,N,FAIRBANKS CT,2,1,10,41.89184173,-87.62038181,POINT (-87.6203818108 41.891841734912)
5734d87dec29bff70c71b259d50e282139f71433a02d57de5d9068d1f37fc93ea581136ab43562bb37b9859be8340e8797ed21e814b8e014f71fd6956786f8e3,10/4/2025 20:45,CLEAR,"DARKNESS, LIGHTED ROAD",FOUR WAY,DRY,1,W,RANDOLPH ST,20,7,10,41.88438065,-87.62798705,POINT (-87.627987045687 41.884380650633)
2f494850f1a227b97e02faf94f95194e29374dd7a0b970fa50b1382b5110afb56fc4f6a695d031a41b26f24cad7efb1102d0ba8fcfc0c4d91513c4981f8a03d9,10/4/2025 19:40,CLEAR,DUSK,NOT DIVIDED,DRY,205,E,RANDOLPH ST,19,7,10,41.88416697,-87.62211329,POINT (-87.622113293782 41.884166968108)
4d570c3a14bfdfe12d48b1b5169909706a1eaa093ec5eff91e2ca735a6c545ef1474c26e119eb9620a81b0b172b6342aed6a0a37a12abdfd63a76bdac2960479,10/4/2025 19:18,CLEAR,DAWN,NOT DIVIDED,DRY,311,S,CLARK ST,19,7,10,41.87785952,-87.63063048,POINT (-87.630630479741 41.877859520277)
9807c9a991bd7e0532fcee5a1f1cbaff7d42a2eb3a31b2f49a8083dcc5522316765a5d45743feb1015b1870b31ae2cb6f437c7229f9a8d28556e2090fd9ef290,10/4/2025 18:35,CLEAR,DARKNESS,FOUR WAY,UNKNOWN,405,N,DEARBORN ST,18,7,10,41.8894198,-87.62944581,POINT (-87.629445810492 41.88941980456)
222e91eb33f5b932f648bdf802cc3aaf8a6374a24f1db74d9d25a5b40acd7c25c5ccf415924144e61df9b703765259d728473e533c26f395c251b1d9b7d5ce20,10/4/2025 18:20,CLEAR,DAYLIGHT,NOT DIVIDED,DRY,320,E,LOWER RANDOLPH ST,18,7,10,41.88453199,-87.61976483,POINT (-87.619764828591 41.884531992734)
ebd56e36eb92c84918ffa1167b4d4f01e6ce66924f3ceacb22e58967d64ef88860ae5a6e77bf47a97e72af99a912c5868ceb300563b91c7cd53402197d3c5ea8,10/4/2025 16:10,UNKNOWN,UNKNOWN,ONE-WAY,UNKNOWN,157,E,OHIO ST,16,7,10,41.89244202,-87.62314748,POINT (-87.623147475251 41.892442022929)
75b437761fdd6c876a2c06eb1f7c24f8efc89209cc70b6f8cdd82fc23036abd44fcd1e94adeef7d7f7a397a4adf1c329620b710574e3c2093a72e97faae441ab,10/4/2025 15:15,CLEAR,DAYLIGHT,FOUR WAY,UNKNOWN,626,N,MICHIGAN AVE,15,7,10,41.89337221,-87.62436142,POINT (-87.624361418497 41.893372214284)
fb3e8200cb8d51c2f42a43643ac0510db83d94725be9c0d7d62479fd48097f18bf4e4ba19458f1cf5076c7e5a55ed25919887fac4709e616cfe483735b747bf6,10/4/2025 14:36,CLEAR,DAYLIGHT,NOT DIVIDED,DRY,455,N,PARK DR,14,7,10,41.89021914,-87.61945866,POINT (-87.619458663416 41.890219142248)
a9b4259c7b5020602710b207732d6cf1a308780bc57c8ccde94d0ce4637e5ebee6c9b4cbfdfae749a4c8c7722c3d6d8f809977e5fb5336ffcf92cd06ede6f4eb,10/4/2025 11:00,CLEAR,DAYLIGHT,NOT DIVIDED,DRY,155,N,MICHIGAN AVE,11,7,10,41.88463625,-87.62431389,POINT (-87.624313887229 41.884636249203)
6715b220dbaeefc67923cd11e861e95365ca7e0ddcbf61ccb2752ed7a7d6f2efe756fc9d22ff3e9203eda0a27edfd3828e7615c9b1a8fad4cece2ae9a4196908,10/4/2025 0:20,CLEAR,"DARKNESS, LIGHTED ROAD",DIVIDED - W/MEDIAN BARRIER,DRY,300,S,MICHIGAN AVE,0,7,10,41.87821735,-87.62445584,POINT (-87.624455840297 41.878217345311)
ae862276f38a05c365c9982a84602a39636f782d92e8a6a1391d5c3c8fdd4a024f3b1e82ea0331594495f3b0a5f1f7ffd857a926ac39b218455cebc8046920a8,10/3/2025 21:50,CLEAR,DARKNESS,FOUR WAY,DRY,203,N,LA SALLE ST,21,6,10,41.88582205,-87.63230374,POINT (-87.632303735086 41.885822047853)
ef84fe076441e2e992df4db4e8701ba1799cad5985baf28d5e0a0d5111bbfb83bda228aa9533e81775b2ed11c35beb97ba90e44fcaddc0a9160bf6aa3bdb31de,10/3/2025 19:45,CLEAR,"DARKNESS, LIGHTED ROAD",DIVIDED - W/MEDIAN (NOT RAISED),DRY,430,N,MC CLURG CT,19,6,10,41.88948827,-87.61776703,POINT (-87.617767027456 41.889488267803)
c34c3b2fb301992c772f2995f3fffa3fa81d69e04451c4ac00722cd4736eb9aa0e688d85e0b71420a477a8d4ea9375821608bc172e055d943875c27dd24abf97,10/3/2025 19:44,CLEAR,"DARKNESS, LIGHTED ROAD",ONE-WAY,DRY,161,N,CLARK ST,19,6,10,41.8847797,-87.63080067,POINT (-87.630800667486 41.884779704626)
9055c219e08458c2254b149b0f5cf67203a643d7fcf83cddd0963d504880de9255ae32d2a50d697690018d7a195091115bc3d831beeb4b20dbd7d02df157997c,10/3/2025 16:27,UNKNOWN,DAYLIGHT,DIVIDED - W/MEDIAN BARRIER,UNKNOWN,100,S,LAKE SHORE DR SB,16,6,10,41.88085605,-87.61763589,POINT (-87.617635891755 41.880856047671)
87f9c77b48138e61c7e1c0a2f97bee9e8af1557edf892584a92cd0e6a25a74b51cc612ace95dba71b2808d3fae467f75d79ed0343eab4650dc9e9377cca3c108,10/3/2025 15:20,CLEAR,DAYLIGHT,ALLEY,DRY,125,S,WABASH AVE,15,6,10,41.8801816,-87.62600567,POINT (-87.62600567493 41.880181599353)
7fd1b99e7ccf685ca7a6235459b39784c56377a0cc5ab6cd3b2a70bc07c8e0e16a8bc8bcac2a64bd568693493ef9737f687685fd4657c2d21643c83287fc0529,10/3/2025 8:40,CLEAR,DAYLIGHT,ONE-WAY,DRY,412,S,DEARBORN ST,8,6,10,41.87655845,-87.62940134,POINT (-87.629401340801 41.876558452452)
dbf7cf47ea9befa913ac8d8e8614de93f0ba8acd5cfd6ff4ff34bbccf24ff9004d8ac19bdc97be6bc7c8d562f24c6befbca9c87355e14da3c70f237e78607c93,10/3/2025 8:35,CLEAR,DAYLIGHT,NOT DIVIDED,DRY,140,N,LA SALLE ST,8,6,10,41.88425251,-87.63257867,POINT (-87.63257866551 41.884252506546)