CRASH_RECORD_ID,CRASH_DATE,WEATHER_CONDITION,LIGHTING_CONDITION,TRAFFICWAY_TYPE,ROADWAY_SURFACE_COND,STREET_NO,STREET_DIRECTION,STREET_NAME,CRASH_HOUR,CRASH_DAY_OF_WEEK,CRASH_MONTH,LATITUDE,LONGITUDE,LOCATION
0482ccd7b4f6184e0bd7940ec26fec71a5c11c7e619a0b4a5ec9d5609676d00d6bad0f9c1389eda9939f6b610a6d857f6ad56aa8a0589ca6e9fd5e8f583f316d,10/3/2025 7:44,CLEAR,DAYLIGHT,FOUR WAY,DRY,300,N,COLUMBUS DR,7,6,10,41.8869732,-87.62084833,POINT (-87.620848332588 41.886973200874)
897fb041cbbce044cc565d6aacba308071bca00e74bd82acd75a14950ca9af8cd9b360a9012ff8b75be76063ee818c82b3a53f004d9f9079b775ca8c2a7c19e7,10/3/2025 6:30,CLEAR,DAYLIGHT,OTHER,DRY,55,W,ILLINOIS ST,6,6,10,41.89071594,-87.63014745,POINT (-87.630147445061 41.890715938888)
82eabd3fa270dad29162bb6dd083c5701f1ab53dd3d4739a9c2ea6b6bded3d31961e070df4299e0b5231ca7bdc8bbfdc66b295ff0d8212163b208d65816e5f4e,10/2/2025 21:40,CLEAR,"DARKNESS, LIGHTED ROAD",NOT REPORTED,DRY,528,N,DEARBORN ST,21,5,10,41.89160128,-87.62979671,POINT (-87.629796705231 41.891601284754)
a726ac899e8f6597c2c3249e20c77562fcf98fd3f3f48a47be6c5e07b53c89b789f0819ea2f7c1102e22dc60d657aef571bcd3ead52001089d999702db5c8e5d,10/2/2025 16:15,CLEAR,DAYLIGHT,FOUR WAY,DRY,5,W,MADISON ST,16,5,10,41.88191182,-87.62800934,POINT (-87.628009343178 41.881911824544)
1fea47485155f13e3bdf1aeb61ad5d0fbaeb82bddeef288f3697880572f1b8f54029ce999ee13ed8951933622d751eb9ef8de566a6aca6f60f57464b3a60d55f,10/2/2025 12:30,UNKNOWN,DAYLIGHT,ONE-WAY,UNKNOWN,520,N,CLARK ST,12,5,10,41.89158355,-87.6312723,POINT (-87.631272298612 41.891583550299)
a6f5dcfe1bc200e807b1f8f7fbcee61130e4532d73430d9067e1d370691bdb9d1626afa63aadbf99bad2c473578404510f6fdac0e2fdb13d8a37cf882927ea1d,10/2/2025 8:30,CLEAR,DAYLIGHT,ONE-WAY,DRY,111,E,ONTARIO ST,8,5,10,41.89321622,-87.62481244,POINT (-87.624812443976 41.893216223021)
e9327bd849fc22546196c4298c4c830637a2a4f8852a1922abe459664b93c4b3491c7aa6218e7735db930be42bfab676f919b24dd34c0534e0d1cd0008544d98,10/2/2025 7:15,CLEAR,DAYLIGHT,ONE-WAY,DRY,217,W,WASHINGTON ST,7,5,10,41.88310003,-87.63437825,POINT (-87.634378245247 41.883100029814)
bb731ca98ddcfa5dc4c7cd6f94e610a8ff5322869a2a5e5a83ab9923537e6c7b689a9e0c6514d47d5f15dbd76f2e188ae637e7630d53d8b96705bd03f819f029,10/1/2025 18:13,CLEAR,DAYLIGHT,ONE-WAY,DRY,211,E,LOWER ILLINOIS ST,18,4,10,41.89083909,-87.62199129,POINT (-87.62199129362 41.890839087089)
66b5abd9b6b072ecba1c4a9705742be0976d0af20f90fb9da89198e6fcf6e049b4414a8e3b7bdc4f4303225ce70e915884f5e5fdd31b6332d5086c327b621b40,10/1/2025 16:55,CLEAR,DAYLIGHT,ONE-WAY,UNKNOWN,67,E,MADISON ST,16,4,10,41.88198504,-87.62544398,POINT (-87.625443979864 41.881985035591)
58d3766f31848550f10e8ae6c7f906c397a7725196fba78a67e318ecb4362d3a90e12132c60b051a8363618cdf0abe1d0560e98b5b3700b16d03d93b359c3632,10/1/2025 16:05,CLEAR,DAYLIGHT,T-INTERSECTION,DRY,200,N,POST PL,16,4,10,41.88575874,-87.63491546,POINT (-87.634915464539 41.885758739571)
1ba21c7338d89c8c8c67c49cd895cab0dc4c69988020b294a11519491bc972513b27c64a05c6057a0247de94513da6fce27dcd45d9eeab56e7d8eb9d2f61d611,10/1/2025 16:04,CLEAR,DAYLIGHT,ONE-WAY,DRY,131,N,DEARBORN ST,16,4,10,41.88394409,-87.62929253,POINT (-87.629292532139 41.883944085813)
c992200a51bfe8d1d270bf99e6d34810d122924749590646d40afd144a6f74628bd07d99d8218aa7fa942bf6c3fd152b922378f275bafbf8ef57916a8e55d5a0,10/1/2025 15:40,CLEAR,DAYLIGHT,ONE-WAY,DRY,140,N,WELLS ST,15,4,10,41.88424931,-87.63403472,POINT (-87.634034720048 41.884249305944)
5db314b7e96678cd52dab15426f2b0e5c881bce183bcd055895ad3118ee12591092080dfc372ea7bbbf01e538830ec992d96a79c33f173bc8ab464f9809f6e5f,10/1/2025 14:03,CLEAR,DAYLIGHT,DIVIDED - W/MEDIAN BARRIER,UNKNOWN,316,W,WACKER DR,14,4,10,41.8865665,-87.63611997,POINT (-87.636119967016 41.886566496734)
f5a403f30e58527f31c77326bedda13cc81d53e0bfaf15a317ac3cdfa4066d81be4c5bd91525c46fd517381d91aa7cdf4adad4377f8107633b8e1ea500bcefd9,10/1/2025 10:42,CLEAR,DAYLIGHT,DIVIDED - W/MEDIAN BARRIER,DRY,333,N,MICHIGAN AVE,10,4,10,41.88754294,-87.624407,POINT (-87.624407002456 41.887542941392)
4f43b95085271b073998dc0e0c938ec6a2302a2a1c59463f33306199a001ca04a4bb232ef8aa70da6d9927ae2d514787bd72607ce91df863887d1f4763717801,10/1/2025 10:15,CLEAR,DAYLIGHT,NOT DIVIDED,DRY,364,N,MICHIGAN AVE,10,4,10,41.88834353,-87.62464876,POINT (-87.624648761452 41.888343528092)
e3b4598e45122e0f939fc94e3704fa2ac32ed71921dbbc15527238eb446cae5adea3ea33ff7612f9c361cb7b94b3f4383da8ba3dce06b9703ffaf86f4f42a3e5,9/30/2025 19:00,CLEAR,"DARKNESS, LIGHTED ROAD",DIVIDED - W/MEDIAN (NOT RAISED),DRY,77,W,LOWER WACKER DR,19,3,9,41.88668034,-87.63081064,POINT (-87.630810638866 41.886680341851)
47f005eef25d5573b16aa300a26cb04013375a658c0838d55002b2d354f98d11ba14a8eff9bc55f4016909f5a8293efd5b1114dc6f5a122e213dea7a4fe86d62,9/30/2025 18:30,CLEAR,DAYLIGHT,NOT DIVIDED,UNKNOWN,111,N,STATE ST,18,3,9,41.88347312,-87.62772975,POINT (-87.627729750029 41.883473122413)
8afb72980edba817faafdbe2ea7a19e295d7a0cefa76aaee2aa2c22bbe9f6abdc47befacfda4139603e72719c99f563d814ea57572328cdc9115400d4fc5d8a0,9/30/2025 12:19,CLEAR,DAYLIGHT,FOUR WAY,DRY,55,W,WACKER DR,12,3,9,41.88670693,-87.63006619,POINT (-87.630066190146 41.886706932286)
76a2eefef901f7ee52adf02046bb43f4841148e2655fb40b1c27e1fa27eb06858d81d1fbf989e0c3a55ab282b03102f8259458ba16d097d088d27960c9455174,9/30/2025 11:45,CLEAR,DAYLIGHT,DIVIDED - W/MEDIAN BARRIER,DRY,300,N,MICHIGAN AVE,11,3,9,41.8868758,-87.62468519,POINT (-87.624685186707 41.886875795392)
619aa6d49df81f653592a1de6b962f552fc557a59cf79aa739520e78119d3b680f7c881e7eef8f280b663667fbedbeb329d7bd66e07608fefcbf28171df43595,9/30/2025 11:05,CLEAR,"DARKNESS, LIGHTED ROAD",DIVIDED - W/MEDIAN BARRIER,DRY,63,W,LOWER WACKER DR,11,3,9,41.88667943,-87.63029241,POINT (-87.630292407055 41.88667942918)
af89daf870a2d2bc0b921174924c6233be20100bd0bcda707e44b6e5a0bcbd9b5ed4ea77f6c739790396a1ba54b672de2fa7098482922f2507656aa940c96aed,9/30/2025 11:00,CLEAR,DAYLIGHT,NOT DIVIDED,DRY,26,N,WABASH AVE,11,3,9,41.88264896,-87.62637447,POINT (-87.626374465443 41.882648956842)
69888fda31aeab5611471146ce92b774ba7e7b19629d4333d196d6c52e23ea05e9189f35f98dd9364fd8995db1403b21cfeadf0d151cf0b31e96638b42774bce,9/30/2025 10:26,CLEAR,DAYLIGHT,FOUR WAY,DRY,301,E,LOWER WACKER DR,10,3,9,41.88767222,-87.62057394,POINT (-87.620573939863 41.887672220686)
e1163ef359892b9eb65a1177e68c6c18427f6c092616cd3c3b25407cba35bfc22105c37b0b7b503b98528f2658265e5726b18095148e59eb811b2a3126d0b91e,9/30/2025 10:10,CLEAR,UNKNOWN,PARKING LOT,DRY,111,E,WACKER DR,10,3,9,41.88807943,-87.62404737,POINT (-87.624047369764 41.888079426105)
47218ece13d7e06372be31562aa5d0721acb22c1d0db423bf98ffed220b33f6cd702f43e1ea30750a2d8dd441869b4fdf370e68dc2be52f6017999dfe561fcb0,9/30/2025 9:30,CLEAR,DAYLIGHT,ONE-WAY,DRY,300,S,DEARBORN ST,9,3,9,41.87810112,-87.62944389,POINT (-87.629443885475 41.878101118568)
afa8115ad33a4ee5b7e27f22a3ba155d30b144759a46618475d69522d4bc0da92b558a941b8e918a3970a6df8933d3e98fd442ebd6648be5715c78c7564e4a50,9/30/2025 0:19,CLEAR,"DARKNESS, LIGHTED ROAD",FOUR WAY,DRY,1,W,GRAND AVE,0,3,9,41.89155904,-87.62813938,POINT (-87.628139375465 41.891559042321)
490bd9086037e74265d5cd13632ffb6390e78bce1e7cccacc4569ea2f8d8490465b94e94f11f07e3d641b11076494963ceaf7ebafd0c2a809deeee7dc6156c8f,9/29/2025 22:00,CLEAR,"DARKNESS, LIGHTED ROAD",NOT DIVIDED,UNKNOWN,170,W,WACKER DR,22,2,9,41.88704023,-87.63311342,POINT (-87.633113423231 41.887040231812)
03086a2147337c63486d0f21775f2a6418c13387fe1a140016ae1e39840e6f6f0781569bb10a805fba494c2c76f92693706873d54cb1efd3d83859e14bb18138,9/29/2025 19:33,CLEAR,"DARKNESS, LIGHTED ROAD",FOUR WAY,DRY,248,N,LA SALLE ST,19,2,9,41.8869544,-87.63263206,POINT (-87.632632060806 41.886954396218)
c7a3b4d19da65664652f6440f52fe4b52da56b56fa07187dbe33e273426cdf080c6515def40969cadef7b7b09a48559ae7353e31ce49b19866d890360f715041,9/29/2025 18:40,CLEAR,"DARKNESS, LIGHTED ROAD",ONE-WAY,DRY,100,N,WABASH AVE,18,2,9,41.88328815,-87.62637434,POINT (-87.626374339524 41.883288154521)
04dc96b487546e52b1f07d1ef2aa795593138a49343f041ed4bf9297b21a47f93936f82b7c31863d43d9480d5a5fe3b22e89942c39d319bf035993c0fb816f9b,9/29/2025 17:30,CLEAR,DAYLIGHT,NOT DIVIDED,DRY,150,N,MICHIGAN AVE,17,2,9,41.88453096,-87.62460204,POINT (-87.624602044601 41.884530963783)
ef5402bc6ae2ba9962285646849ee9434941f8e801cdc8012f2dcae13901732a751fd443fbfd0175f45d4165ca87d413ae3d93b6e8c402f990383c56df398b42,9/29/2025 11:47,CLEAR,DAYLIGHT,NOT DIVIDED,DRY,542,N,DEARBORN ST,11,2,9,41.89211755,-87.62981407,POINT (-87.629814068364 41.892117554595)
5b0d596b7f8345b669b5dce2e8dc839a0b9ce95d48aa4651fe27026d6ddb6d159b9e91b07ce4eacc9b423673ef7c222aef66708ecfe5d8872b0c6ec9ad738747,9/28/2025 22:27,CLEAR,"DARKNESS, LIGHTED ROAD",ONE-WAY,DRY,27,W,RANDOLPH ST,22,1,9,41.88437533,-87.62893914,POINT (-87.628939136939 41.884375332852)
99112774e790582bfa8ab577c63e2a52aff8907084bf2d28546eb8cf4b43a0a6c9776be2cdbdcdf376d2c510164131d01019770db629d7bcddf7d2dd74473af8,9/28/2025 15:15,CLEAR,DAYLIGHT,FOUR WAY,UNKNOWN,1,W,OHIO ST,15,1,9,41.89235808,-87.62816807,POINT (-87.62816806925 41.892358081866)
05a0a1d824bcfdd110ec7c9d0ad341687cc5ae84f42ccda380c51ad3b340bbbfc07edd038b076093b623214a79ff91ed4afeb25a4d60d845a99b048e49170dd3,9/28/2025 2:00,CLEAR,"DARKNESS, LIGHTED ROAD",OTHER,DRY,130,N,GARLAND CT,2,1,9,41.88400174,-87.62549035,POINT (-87.625490351355 41.884001735098)
8363dd6d837ccc4a9f06e6a5bcd0d17b871b2800b2c4657ea350bf6c3280ee5daa585ea1e0f9ed8167e170a59ace36f19ff283577e7b2d9831b0ec0c8a12c75e,9/27/2025 22:48,CLEAR,"DARKNESS, LIGHTED ROAD",NOT DIVIDED,DRY,360,N,LA SALLE DR,22,7,9,41.8891573,-87.63267109,POINT (-87.632671089576 41.889157304588)
835b80796a4f1f334b1e2ab6d35297ef5e105202d3e79d75b5ddf1daa8a3662344beba84000714d3aee92243af11b88af4840e3ed7ecbb082337243c82db3f4f,9/27/2025 21:34,CLEAR,"DARKNESS, LIGHTED ROAD",DIVIDED - W/MEDIAN (NOT RAISED),DRY,160,N,STATE ST,21,7,9,41.88483723,-87.62806563,POINT (-87.628065629567 41.884837226551)
5e678ea37e7d29f4b447af77381bfeb7013ced282d93376bb23f802cf7ab37049ac3cd84e1bcba00e65ff235bc41612020e472c049f671bf506d8675825ee7c4,9/27/2025 21:18,CLEAR,"DARKNESS, LIGHTED ROAD",ONE-WAY,DRY,258,N,DEARBORN ST,21,7,9,41.88717554,-87.62968153,POINT (-87.629681530343 41.887175544566)
6a4dd1a44de500f7f30f1aae99a4ad58db3bdf82d77dd5971f301125dc062a0286b22841710fa41923e92b1178bd0c753818b203c0428f451b27f5d2f44ab418,9/27/2025 20:10,CLEAR,"DARKNESS, LIGHTED ROAD",FOUR WAY,DRY,241,N,LA SALLE ST,20,7,9,41.88678923,-87.63233334,POINT (-87.632333342201 41.886789231804)
c92ed7f83b9428fce90ee58f2e1fd3014efc3840caafb4eff3ac20815136206053976ac33c7d50cff69ff5f5f4635923790a723bfbb96476626af14dcf4daef3,9/27/2025 16:44,CLEAR,DAYLIGHT,NOT DIVIDED,DRY,297,S,COLUMBUS DR,16,7,9,41.87840575,-87.62053929,POINT (-87.620539289382 41.878405745325)
5e85df2d2a3ff35856cec9ebaaf14bb99c5fed99de6a457ccb41c96cad1ad9506dec8391f37295115acaa1028b62fdce15fccff6e155342086d6a3499b190dc9,9/27/2025 14:20,CLEAR,DAYLIGHT,NOT DIVIDED,DRY,314,S,FEDERAL ST,14,7,9,41.87773042,-87.62986509,POINT (-87.629865090704 41.877730419323)
76085487de1cb84a6b7e9042fb735878add6c0a3f181bec9b471cd5d71942d391137052feb7855098a90b49a0e2816ed72d8c166c2ad80bdca2ea6152a8720d0,9/27/2025 14:05,CLEAR,DAYLIGHT,ONE-WAY,DRY,156,E,GRAND AVE,14,7,9,41.89186248,-87.62314166,POINT (-87.623141659325 41.891862484513)
c8b0c52967cc10420f552fc5e1d12a727b2417a9b72aed7a5f187ee81cca7c25db4c9956848b58a962d594499315f02996bda00a73c53f55af0a4df0259b3451,9/27/2025 11:00,CLEAR,DAYLIGHT,T-INTERSECTION,DRY,101,S,LAKE SHORE DR SB,11,7,9,41.88085693,-87.61710338,POINT (-87.617103384378 41.880856926277)
6ed6cef016908ad8209b517345498b40063ac9199fd5709306d04e0593071a1c548f6e76f962aba7341d9bb25f0a43100c3f3f684d855abf59241ef01cd6d347,9/27/2025 1:04,CLEAR,"DARKNESS, LIGHTED ROAD",ONE-WAY,DRY,42,E,GRAND AVE,1,7,9,41.89179837,-87.62641269,POINT (-87.626412688903 41.891798371292)
b620dbc85c8b12f2d7e7e113aa04c6dc5e4a16cc26fd5f2a04dc9a7b21625c5c4ba39effc92ba23b25e4efd4b66964074e141af4b3ac0a1656a44bcaf302e063,9/26/2025 22:44,CLEAR,"DARKNESS, LIGHTED ROAD",ONE-WAY,DRY,40,E,ILLINOIS ST,22,6,9,41.89100332,-87.62657482,POINT (-87.626574823304 41.891003315995)
0333782b8cf978919762aab6248b0add40dc14d986de9b6e780390122a9010a9fd4a416049f28c33030d939d2bdb263d34ee1a1024e3c55176af82528904808c,9/26/2025 18:00,CLEAR,DAYLIGHT,ONE-WAY,DRY,65,E,MONROE ST,18,6,9,41.88069633,-87.6252844,POINT (-87.625284400857 41.880696326429)
fc18c6bb85ba265a5bce8f75989a6bd66d09b4b22ce462ef054bc0d2b14f5642feb10bd4a6d24a306c7cb7313b4e459ac94a140d231c25586c5aea79e73ba7c2,9/26/2025 16:27,CLEAR,DAYLIGHT,DIVIDED - W/MEDIAN BARRIER,DRY,144,N,MICHIGAN AVE,16,6,9,41.88431308,-87.62459232,POINT (-87.624592317233 41.884313081513)
5616c44e04975dd622c1ea23f6a1757d849bd4eff63b25ae822df296706abb452058c1ba293c71f99887fc6102c9597b95c5332d91a06269cb5cc7b7d160a08a,9/26/2025 13:10,CLEAR,DAYLIGHT,ONE-WAY,DRY,23,E,MADISON ST,13,6,9,41.88196162,-87.627028,POINT (-87.627027995281 41.881961617623)
5a86e148f89674f6ec3ec813fd2ba197068e571b253082aece4f07018d7aeb27890ae8f0b9e5ebc707e2a2c92c43c865901da83a48f1997884d6547ea8ecc748,9/26/2025 12:51,CLOUDY/OVERCAST,DAYLIGHT,ALLEY,DRY,250,W,CALHOUN PL,12,6,9,41.88268253,-87.63525025,POINT (-87.635250244989 41.882682530409)
0b010be65bd339d1086aabb4040687058d0361b1cfc2beb86ee5cc0dd98eb3e175790bd327983f8c38bb123860533b4a792fd7a37b57ddedcb4223f5c1034805,9/26/2025 12:35,CLEAR,DAYLIGHT,NOT DIVIDED,DRY,551,N,RUSH ST,12,6,9,41.89248821,-87.62524541,POINT (-87.625245410214 41.892488212697)
a4bdba177ac73514bc12aa7ec1d11e21a44796b9c569d9495a8b90e9937fc653ac53f23fa491bae7cc9b2c0785a61df48b2e6c56f7576f7e9c7e4d1ea4d3fec3,9/26/2025 12:00,CLEAR,DAYLIGHT,NOT DIVIDED,DRY,406,S,MICHIGAN AVE,12,6,9,41.8767998,-87.62443233,POINT (-87.624432334875 41.876799795711)
16feb723cf48df2d6756ab7f4c4c0c24c3e046ed443220c7c332d7f8f3a6c5cc3f3e2919fe37814eabcba4da1bde2eec58e58199225f7bdb40eb08decc3e5303,9/26/2025 11:47,CLEAR,DAYLIGHT,FOUR WAY,DRY,300,E,LOWER WACKER DR,11,6,9,41.88808207,-87.62050117,POINT (-87.620501170849 41.888082067345)
070b7446fb7b9be9183f2b6ecf16472d2567c1ee5f35e55b05f896ab4354fde878c325f77645098c374b6da338c4cc54dfd8ddd19c46b32934d87d5f968d1d39,9/26/2025 10:41,OTHER,"DARKNESS, LIGHTED ROAD",DIVIDED - W/MEDIAN BARRIER,DRY,155,N,LOWER WACKER DR,10,6,9,41.88461592,-87.6366456,POINT (-87.636645603242 41.88461591746)
266f422148452b80bf694f51e12921e50402c2449e44f7218ae065c61dd955122b21c39d56d8eb9738213ae16e2aada485837a64419b3a2b4f544a689c32be06,9/26/2025 9:55,CLEAR,DAYLIGHT,ONE-WAY,DRY,151,W,ADAMS ST,9,6,9,41.87929007,-87.63236273,POINT (-87.6323627253 41.879290073296)
c1e657227213bc26d9a8d8c02b58d32f8dc4bc7e3abcd6de07d3be0e6d870f2d2b260983811d16fe1b72378b9828b4beddf572ca96050055aa8d19ecfb7e79f1,9/26/2025 8:45,CLEAR,DAYLIGHT,ONE-WAY,DRY,50,N,CLARK ST,8,6,9,41.88317524,-87.63105236,POINT (-87.631052362552 41.883175240277)
d891f985227a80303d87c0d04fc44a514b3743f13d6ca3d02769e5f8d9b02a3662ad811617c888e14929cc02c1f7b17829089d1925aa58510808ff0dbbb96220,9/25/2025 22:15,CLEAR,"DARKNESS, LIGHTED ROAD",DIVIDED - W/MEDIAN BARRIER,DRY,200,S,LAKE SHORE DR SB,22,5,9,41.87958346,-87.61760712,POINT (-87.617607116909 41.879583457474)
b2bfcf4049eb8a56f1189741c86dfaa6b82e85cc0299dbeade4f32216f92be4f0ac77deb85eaa5367dfe913e189d5143f2fed9c37377481dc0a3e86bf9f6ef18,9/25/2025 17:30,CLEAR,DAYLIGHT,T-INTERSECTION,DRY,5,N,MICHIGAN AVE,17,5,9,41.88225264,-87.62422283,POINT (-87.624222830173 41.882252639971)
e4b021e2c2d6252c3338358bcd2fb6ef51b1ef7c9ae232eee7d562c46d204b2551ff69b5da00b4aa139b8b1b54b1d24dbfc50d3cde4b7eced3a76859691765ee,9/25/2025 14:26,CLEAR,DAYLIGHT,OTHER,DRY,330,N,WABASH AVE,14,5,9,41.88793874,-87.62703564,POINT (-87.627035641488 41.887938743589)
3dbcb9057790a8932095d01b8ae733624b37534e996bc556b2d5551a92e18e158dc1d302558dcfaf178f042a688e7ab9d4b88a7904c336d21c4948cf6a7c979f,9/25/2025 13:20,CLEAR,DAYLIGHT,NOT DIVIDED,DRY,400,S,FEDERAL ST,13,5,9,41.8768273,-87.6298714,POINT (-87.629871402436 41.876827299483)
31f2b0728223cca9addfb7f01c495e9bc78c72a4914788c3e2072e49b39b00c08a94a8f2ded3a6a817492e9cfb0f1fef5a4e0069d2c1ab40c889d0a19e8ac4b6,9/25/2025 13:00,CLEAR,DAYLIGHT,DIVIDED - W/MEDIAN (NOT RAISED),DRY,430,N,MICHIGAN AVE,13,5,9,41.89029965,-87.62425466,POINT (-87.624254664102 41.89029964799)
510ac3e6d9809f1466211b3b5dddde614b4aaafa7cd2e3256ec33ad31388a40227952e046af2c29908a25426d449061ae294d25cbd7aabeae14c5e6dd4959961,9/25/2025 8:09,CLEAR,DAYLIGHT,DIVIDED - W/MEDIAN (NOT RAISED),DRY,300,S,LAKE SHORE DR SB,8,5,9,41.87831013,-87.6175759,POINT (-87.617575903416 41.878310134581)
4bfe2dae984bf393fd224f67762fc42fb413b9f177bfab1f6fbc2df63fc7882a9c23864abac9edc7a07bc6b3584219a21f4bde144d378e29f4b48add1787f563,9/24/2025 19:42,CLEAR,DUSK,PARKING LOT,DRY,225,N,COLUMBUS DR,19,4,9,41.88637314,-87.62054303,POINT (-87.620543030168 41.886373138256)
9f69e3e746e308ad5388bc40252530bfb0319ecd03d3efeb0ef774d6370f42884b608f5b1141d37fc322f157a1f6c549e2225beae7628b0456cf532b56d6623a,9/24/2025 18:30,CLEAR,DAYLIGHT,DIVIDED - W/MEDIAN (NOT RAISED),DRY,85,E,WACKER DR,18,4,9,41.88809629,-87.62517728,POINT (-87.625177278957 41.888096290382)
b07ee2b785b1a06d6ed821d347ed1843c5656f17fba6bd16a908b7460ea0025fcd0df7f306c2b6f1b3a8e80e1ccf16227584b0a5ac7a7c7e3a59f69eccf5c91a,9/24/2025 18:08,CLOUDY/OVERCAST,DAYLIGHT,ONE-WAY,DRY,60,E,VAN BUREN ST,18,4,9,41.87709818,-87.62542113,POINT (-87.625421129173 41.877098179652)
26465428f603674d34f04baf777e25d64acaa0f65bda00e731da3801ec9cd4381744a412e1d200d02f461b6f8e54d3f82d9e4219b63e769a8d114b0f95077e94,9/24/2025 17:46,CLEAR,DAYLIGHT,NOT DIVIDED,DRY,499,S,MICHIGAN AVE,17,4,9,41.87579106,-87.62411501,POINT (-87.624115012282 41.875791059222)
5043218e8e5ff4434b2cb2e13344b19c1ee4b4cd39ba36b0395236b3111a51969d0c4bc4530909603af137d09bb1db7e7820e8ee2cede2718272d944481b8691,9/24/2025 17:01,CLEAR,DAYLIGHT,OTHER,DRY,165,N,FIELD BLVD,17,4,9,41.88503947,-87.61724521,POINT (-87.617245213008 41.885039466923)
cc9e460a57c55ce3d2f07df6f239ccc1572c86007bf195e3a3d843f6a9d74ae1e230146fff08d33417dbf433723133b416ba2ab6267eb9a7ce690c313e9efc57,9/24/2025 17:00,CLEAR,DAYLIGHT,DIVIDED - W/MEDIAN (NOT RAISED),DRY,315,S,LAKE SHORE DR NB,17,4,9,41.877995,-87.61704463,POINT (-87.617044632397 41.877994998304)
28687a536e2753895275e641bf54164992ce24820ebe1dc3c27246f0183b51d56dd89970957ac7e0214c3d1f2fa9296451019c5dfb1c95fab5a65973437bbb84,9/24/2025 16:35,CLEAR,DAYLIGHT,NOT DIVIDED,DRY,69,W,WASHINGTON ST,16,4,9,41.88310048,-87.63014723,POINT (-87.630147229272 41.883100479248)
3ca43d1bf1d1866966d205e291d98967adbb68290b64c0b86ce3f6f6f04a23627fb17d9b5892103e010a5d0cde80c1d57769fd72ef7e17856458d1e12b088184,9/24/2025 15:11,CLEAR,DAYLIGHT,DIVIDED - W/MEDIAN (NOT RAISED),DRY,101,E,RANDOLPH ST,15,4,9,41.88435986,-87.62444481,POINT (-87.624444814212 41.884359855242)
0db3381320b84a0e5953ae6c20812d79ca436e21a5eb8d766b802415ac5b330daad2b8d368aa71ff994c574056cd085f4c5292b228e2681fe8e8ab9146c254d2,9/24/2025 12:00,CLEAR,DAYLIGHT,DIVIDED - W/MEDIAN (NOT RAISED),DRY,398,N,STATE ST,12,4,9,41.88919261,-87.6281949,POINT (-87.628194899842 41.889192612887)
c19300195b410fc56cf960d9f978eb8322e4d996a138db70cb62d04ed4fe72e970a43612f919f4d2e434b2ab54378d73c1faa810d1c7515e8666ec2120446435,9/24/2025 11:55,CLEAR,DAYLIGHT,ALLEY,DRY,400,N,STATE ST,11,4,9,41.88931871,-87.62815267,POINT (-87.6281526679 41.889318711059)
b6a8ed06a46c366306fff76177c51455c6d67a6d5dfefb10c952651cac62ee0149886968ce167f234885e7c29de6395c288eaccf4469007b6e9593d5678e9728,9/24/2025 9:50,CLEAR,DAYLIGHT,DIVIDED - W/MEDIAN (NOT RAISED),DRY,418,N,WABASH AVE,9,4,9,41.88997323,-87.62680805,POINT (-87.626808046091 41.889973227696)
1a2e3ccfc54a47eabd0e673d056ba463277eb0d717a02172911813122eb1fc1a54eff26aea19f66c3336dcc829dd6ad07a59c366a1c855348b936e3e720a9226,9/24/2025 8:05,CLEAR,DAYLIGHT,DIVIDED - W/MEDIAN (NOT RAISED),DRY,555,N,MICHIGAN AVE,8,4,9,41.89252048,-87.62403741,POINT (-87.624037409786 41.892520480718)
e665f6eb932f9af88eab107695844427e5b5bd353d5d737d968760dea23a8cf0fe0a2b535e86bd66d2d0ff4c86bcc42dad3fc22f0789bbe5618496e75b5469f1,9/24/2025 8:00,CLEAR,DAYLIGHT,ONE-WAY,DRY,10,S,WABASH AVE,8,4,9,41.88181877,-87.62635317,POINT (-87.626353172901 41.881818766167)
f9bbbc1589d95f53bb1cc6aed945cffc0723ee42113832f9ebcebf39c4b7fffebd370b8ea0f10087cef71b75b28add08ea1aba67523f8287390a54e6e1eda229,9/24/2025 7:59,CLEAR,DAYLIGHT,FOUR WAY,DRY,60,W,VAN BUREN ST,7,4,9,41.87700144,-87.62977625,POINT (-87.62977625391 41.877001438608)
0f3eef4d06b358a96c910722197ccc9359f00a745b2ec3e4a5e30c34c7bd0e07c15642ea49a5b97b37dbb145cb909b7157338ce9efe31464fd4d5cc3792b8b3f,9/23/2025 21:51,CLEAR,"DARKNESS, LIGHTED ROAD",FOUR WAY,DRY,1,E,GRAND AVE,21,3,9,41.89156576,-87.62799288,POINT (-87.62799288322 41.891565762144)
5a72d836e58372a690a23ae290a540706841d76b77b1d6d86e10a5ccd8399a38f25c3011559db18cf962d2456533ad24e5f6dcb72b77ae33540f5387d1639fb8,9/23/2025 19:30,CLEAR,DAYLIGHT,NOT DIVIDED,DRY,600,N,WABASH AVE,19,3,9,41.89253115,-87.62689596,POINT (-87.626895964473 41.892531148205)