CRASH_RECORD_ID,CRASH_DATE,WEATHER_CONDITION,LIGHTING_CONDITION,TRAFFICWAY_TYPE,ROADWAY_SURFACE_COND,STREET_NO,STREET_DIRECTION,STREET_NAME,CRASH_HOUR,CRASH_DAY_OF_WEEK,CRASH_MONTH,LATITUDE,LONGITUDE,LOCATION
dda6aaf4c2f36b60d65e8196e8df1e7123d316af8c876693eaae19e1930364cfed197128fadf0a9f7ee35ec33649f8a5b08e07915411988f7fd8788c6744ba5b,9/23/2025 19:12,CLEAR,"DARKNESS, LIGHTED ROAD",ONE-WAY,DRY,201,E,ONTARIO ST,19,3,9,41.89325356,-87.62259429,POINT (-87.622594287209 41.893253564575)
6b8470694f61eedcb3a04d8d2423abf1a42852a866764bcece2bd399c1f2b144fcc11667e1903cd8d32b25fcd0fc157e57876b460bff159b64aad58c12aa1eec,9/23/2025 11:55,CLEAR,DAYLIGHT,NOT DIVIDED,UNKNOWN,25,E,WASHINGTON ST,11,3,9,41.88310908,-87.62697603,POINT (-87.626976033709 41.883109078966)
0be3e12d5a4f3a2c08225151fb7adf017fe9f3b72a4a9a4558b4ea1d4eed94e97efad1b1220d5886b454114e170604c29a11f1a3c3f0178516881cbf6554ad23,9/23/2025 11:24,CLEAR,DAYLIGHT,ONE-WAY,DRY,311,E,ILLINOIS ST,11,3,9,41.89090433,-87.61965828,POINT (-87.619658280616 41.890904328159)
7e750538c14ec8dbe5f29375f8064986d0eb722d2098e0f86e26bdfd2d6e6f3e82cf15c789fe68d94de5b5dee40daee80cdfb561c3c020111665dbd7ea73bbbb,9/23/2025 10:57,CLEAR,DAYLIGHT,NOT DIVIDED,WET,80,E,WACKER PL,10,3,9,41.88691923,-87.62462556,POINT (-87.624625555986 41.886919233411)
f316daa6db3880fc3cbbf332c15225c583b9839c16f17b29f1356602b19a7c642f22d9ccbf16e4607b85148082af8bb6f1886ced4942a4287232acbdf36dac35,9/22/2025 16:50,CLEAR,DAYLIGHT,DIVIDED - W/MEDIAN BARRIER,DRY,100,S,LAKE SHORE DR SB,16,2,9,41.88085605,-87.61763589,POINT (-87.617635891755 41.880856047671)
377f7c6c99961d714ce17be9e612dd4fa703afb1fa1e317c0f8ae9ca8634f4403a0a812966039beacd3731a89f826d31ae634767ba91dd6a96b9f4e35a87d14d,9/22/2025 13:12,CLEAR,DAYLIGHT,NOT DIVIDED,DRY,1,N,STATE ST,13,2,9,41.88211763,-87.62767361,POINT (-87.627673612189 41.882117633495)
43a2a4ec02e34d5c2d59181c6b53a4c1709088841543ae66ee4adadead3b02f9d8566ef5ca2c3a16573286be3a0f9934a071dc989d002cc28038c7da917400d4,9/22/2025 12:15,CLEAR,DAYLIGHT,DIVIDED - W/MEDIAN (NOT RAISED),DRY,110,W,KINZIE ST,12,2,9,41.88931465,-87.63157607,POINT (-87.631576068602 41.889314653398)
f600dc350ba7b432216767b3f86fe3e4c4daa1a7de959e5fd8b601cfdeadde99b57fd89bb7c04158afd15dbc1d42192e9cf0dd817ff22dd0fd6da97ef91a1f25,9/21/2025 21:10,CLEAR,"DARKNESS, LIGHTED ROAD",ONE-WAY,DRY,360,E,SOUTH WATER ST,21,1,9,41.88661753,-87.61867167,POINT (-87.618671672579 41.886617534125)
65a8e7f5c9d2b4a59b60f69edccd436dd09a1f87f89ac598c3c56c9649a485a11251957bd6ab3752a19660f471ce47efc99299464cb2b4a5fb55888626d6610e,9/21/2025 19:00,CLEAR,"DARKNESS, LIGHTED ROAD",ONE-WAY,UNKNOWN,25,W,RANDOLPH ST,19,1,9,41.88437578,-87.62886588,POINT (-87.628865882038 41.884375776088)
ac915349590afab9f9d8d5400206cfbc387aacd2b644554a4862b5d1826c34de8a5b429f6791f309ebd79db006c80cec2770786218a1b1649ccc84b97a660568,9/21/2025 9:49,CLEAR,DAYLIGHT,DIVIDED - W/MEDIAN BARRIER,DRY,499,E,LOWER WACKER DR,9,1,9,41.88726183,-87.61586441,POINT (-87.615864407125 41.887261828845)
c13c40fb94c84d37c841f1b7e6302f300ab35a42cc7e4211f49d9baad5c99d9a6af6871593a0d3af1f9ec5080aeb6079231e97775a07b779ba0221f3ae6c723d,9/21/2025 4:20,CLEAR,DARKNESS,DIVIDED - W/MEDIAN BARRIER,WET,605,N,MICHIGAN AVE,4,1,9,41.89271559,-87.62404433,POINT (-87.624044333609 41.892715590941)
47d29c3edbf55385c551aa1d905f47f76ab778e5bfa743f9a19d7f8c4aac2d960e931eb8a9b05049419a0a8261a9b82a95f177ce957a940c978ab46a11b58f03,9/21/2025 3:00,CLEAR,"DARKNESS, LIGHTED ROAD",UNKNOWN,UNKNOWN,201,S,MICHIGAN AVE,3,1,9,41.87949176,-87.62420439,POINT (-87.624204388826 41.87949176069)
07248eff26815648ab791cf2f0f7601844c39575ed4bf8c9b9c58c09c679ea507a9a1586ad201f6341ae4f9b153d8483c7a9106e360e0d18142135a03b81cabb,9/21/2025 2:21,CLEAR,"DARKNESS, LIGHTED ROAD",ONE-WAY,DRY,31,E,OHIO ST,2,1,9,41.89238342,-87.62680479,POINT (-87.626804786562 41.892383416639)
4af718fbf74b0a43dc246572770d0b94933c827b9cecae2658a0d133aefd51163faf9c1d7500c7cee3360c069936ba3ed5a5418bf8a036b3fce8f262dfe079ba,9/21/2025 1:30,UNKNOWN,UNKNOWN,NOT DIVIDED,UNKNOWN,133,N,LA SALLE ST,1,1,9,41.88406777,-87.63228166,POINT (-87.63228166405 41.884067765036)
9bac2f30a67f8ba729556a6ee9c819f6280998c67d52bd39851a5783806d5eacb07cecde66aed34a7137e2812562a233649a43c19b6b987583a8d016750ea432,9/20/2025 23:05,CLEAR,DARKNESS,NOT DIVIDED,DRY,359,N,DEARBORN ST,23,7,9,41.88914494,-87.62943658,POINT (-87.629436577918 41.889144935303)
04808a1aef44c7d0033a49049a5dbdb1d7330bb1ca3f0e24f8bb93e4b3fa281494a8fb2ac6e9d5d44651bdd180e4d7af2f567c5736f2f1db1a30bdc6cff3e349,9/20/2025 20:00,CLEAR,"DARKNESS, LIGHTED ROAD",ONE-WAY,DRY,99,W,ILLINOIS ST,20,7,9,41.89071487,-87.63102925,POINT (-87.631029251419 41.89071486914)
cdadaf61d5b8a1b8f93d140e9a6b5009d34a702fe65f3346b6cd674a27ecad47f6266068c8f673c45956b2921b257ef12160d3ae63a2fbbb2fd0acecb65cff4c,9/20/2025 20:00,RAIN,"DARKNESS, LIGHTED ROAD",NOT DIVIDED,UNKNOWN,511,N,COLUMBUS DR,20,7,9,41.89140488,-87.62008123,POINT (-87.620081229738 41.891404880694)
13ca91bed8cdd7e2535e638bafc2eb6e3c88aa5b584df21eabafaa8e7609a7e4c6bfcc400d804ab7297e113a058eb14eca4f72455cfe7792d34bb87a8c9f7823,9/20/2025 19:00,CLEAR,DAYLIGHT,DIVIDED - W/MEDIAN (NOT RAISED),DRY,2,S,MICHIGAN AVE,19,7,9,41.88204398,-87.62451104,POINT (-87.624511036615 41.88204398026)
8f87431ec2b110b692b86a6ee279a77969223aee3cc62c5a676c8e1c09b5cee90d5eb28037d7dc81c2b1433d4d56560d101d20386f268c413012f4b604d680f6,9/20/2025 18:00,CLEAR,DAYLIGHT,DIVIDED - W/MEDIAN (NOT RAISED),UNKNOWN,438,N,COLUMBUS DR,18,7,9,41.8897711,-87.62051758,POINT (-87.620517584053 41.889771099533)
a5de1ea696911e48fe9b4299cfa9ee347766b35d91deeec18b3f05bad3c82885363e70da56c3034ae075a6edb8a42fe3d952e28b574e622007f9773d9a7b551f,9/20/2025 18:00,UNKNOWN,UNKNOWN,FOUR WAY,UNKNOWN,301,N,COLUMBUS DR,18,7,9,41.88697614,-87.62055457,POINT (-87.620554570711 41.886976144557)
4fcf70fbc53497b26471301f65ecb5408feef7e5d8f742b564456ae86ad93951e0d5004b6f47ac502f13aa500dfefeb79988ba73199d43fe3385cb1231c34d6c,9/20/2025 17:00,CLEAR,"DARKNESS, LIGHTED ROAD",PARKING LOT,DRY,401,N,WELLS ST,17,7,9,41.88921522,-87.6338644,POINT (-87.633864400819 41.889215221757)
316f26a960ad6aa033227a0d790e11859002bdb73032031fb147e304d03ad71602c5b945e4a772f77fbc2a06844035853a744b6cf18968d936cda763ae4df508,9/20/2025 16:50,CLEAR,DAYLIGHT,NOT DIVIDED,DRY,400,S,COLUMBUS DR,16,7,9,41.87698616,-87.62078897,POINT (-87.620788969992 41.876986157351)
6f53694532626538b952df169e68884d84066432ec7d2e749d851f97abf5b5b6dc6babe0a9d0dbc7eb2358c7185d91813d8063b97e721abc4b6f5320061c9caf,9/20/2025 9:28,CLEAR,DAYLIGHT,DIVIDED - W/MEDIAN (NOT RAISED),DRY,298,S,COLUMBUS DR,9,7,9,41.87838431,-87.62083163,POINT (-87.620831634157 41.87838430551)
673faf1de9ab990a2aa25420d56946fa1dc15822b5a9f6c1f5bc425dbe4aa4584ef7f01a2646d73ece665f27d7cec529ceff1c0fa80834729e5944a793f3cc23,9/20/2025 1:53,CLEAR,"DARKNESS, LIGHTED ROAD",T-INTERSECTION,DRY,99,N,CLARK ST,1,7,9,41.88318198,-87.63075873,POINT (-87.63075872977 41.883181980027)
101abded6e21487684167251113264be8473482b72ba819dd36d2d4758fc6ea4339ab498eefb9b1e8f40104fcae40b8b4369c5e5868e68aed209d5650db61d69,9/19/2025 18:50,CLEAR,"DARKNESS, LIGHTED ROAD",FOUR WAY,DRY,400,E,MONROE DR,18,6,9,41.88102972,-87.61728157,POINT (-87.617281566405 41.881029716883)
bdb0dc2a6a9654b5fb2fcb9f3b474ac4ed21dd6af7ed92b2a02cf790b7f128bcb97536fd64f09453e0531bc75a76a01978b809c120ed90cb537c6f5a7649fef2,9/19/2025 16:54,CLEAR,DAYLIGHT,DIVIDED - W/MEDIAN BARRIER,DRY,2,S,MICHIGAN AVE,16,6,9,41.88204398,-87.62451104,POINT (-87.624511036615 41.88204398026)
136e7cf06c8339913d26ea03b277bc13e34384c8f8e10fc87f63cd7fae449ed278786388eb6e03b1b114cba983570b41594666ffa13f4a01e638129c6257bcab,9/19/2025 16:15,CLEAR,DAYLIGHT,DIVIDED - W/MEDIAN BARRIER,DRY,441,N,MICHIGAN AVE,16,6,9,41.89060157,-87.62397223,POINT (-87.623972225851 41.890601571779)
6945005e66a6ecf2bfe1d8d4dd9817bfe5583dd1a5c89d9462ccf3ce70a48d8708bdf25bf716bd4b24b90a8285b568ab1b8cc8d8c22945cc1c9e9c0685b93f71,9/19/2025 15:00,CLEAR,DAYLIGHT,NOT DIVIDED,DRY,360,E,RANDOLPH ST,15,6,9,41.88462754,-87.61864307,POINT (-87.618643071712 41.884627539983)
ce1bffe450d150a7303e12e8d1518304f9cfc3f30933ca1778bde5cae9d0365d0c0945588604d60c8a1dd4f10b686353016038598c251f3d0797e464eb7935da,9/19/2025 14:40,CLEAR,DAYLIGHT,ONE-WAY,DRY,200,W,WASHINGTON ST,14,6,9,41.88332002,-87.63393327,POINT (-87.633933267711 41.883320022301)
39e2f9dccf679a2ddbfa08980eb742e01836a5e94cdd433084a5959d9436c0d7422fc19728e9af657f40ac646293e957b9450ea34dc88b1804c818d6fe665619,9/19/2025 10:37,CLEAR,DAYLIGHT,DIVIDED - W/MEDIAN (NOT RAISED),DRY,600,N,MICHIGAN AVE,10,6,9,41.89259323,-87.62433405,POINT (-87.624334047949 41.892593225538)
fbf0da68c6620601a7b7ba84b6ce11c39a98101346e00d652101a5a438cedd3ed8b8c6fbe6f0e6ea625b2fe91d78f0770e0d0c58878bc7e2e639cae82d08280d,9/19/2025 8:50,CLEAR,DAYLIGHT,DIVIDED - W/MEDIAN BARRIER,DRY,505,N,MICHIGAN AVE,8,6,9,41.89112059,-87.6239887,POINT (-87.623988704323 41.891120593049)
261deb71eee636c0a64f6ccf2f4a740b3fb60517d71e6836d11e9b34d5576b634a36a46e69668e9c43054f391a80f0afb15e41053815f5ccb34aed3389263aac,9/19/2025 8:25,CLEAR,DAYLIGHT,DIVIDED - W/MEDIAN (NOT RAISED),DRY,301,S,MICHIGAN AVE,8,6,9,41.87821451,-87.62416212,POINT (-87.624162116427 41.878214514385)
b6328a711f9f4a1ea0fc91dfb74d7d5651468d0f9846327103d4f575e7144ebbd9201f29fc3648c8f5404d35bbdf9bcfeb47313da5e73648c72a12cf8f3aff9b,9/19/2025 5:48,CLEAR,DAWN,ONE-WAY,DRY,400,S,DEARBORN ST,5,6,9,41.87683321,-87.62940759,POINT (-87.629407590326 41.876833207404)
93dd768e7a754112833f00e3c4c6a745b0bcc6316a54b8037fdeac9d7a19febb67c89aa582be5997a97be22157a5d3388ba2ccfc995935992d811e94f0dd27cc,9/18/2025 23:26,CLEAR,DARKNESS,DIVIDED - W/MEDIAN BARRIER,DRY,101,E,LAKE ST,23,5,9,41.88564477,-87.6244746,POINT (-87.624474604711 41.88564477342)
a6b56c46ed793b50f825f4405b943145d56ac880a777ec88c6bc46600693fd99dc302e72b14e235566e15325dc11b5fad2adce8683feaef2908f975789659303,9/18/2025 16:55,CLEAR,DAYLIGHT,ONE-WAY,DRY,200,E,GRAND AVE,16,5,9,41.8918717,-87.62261013,POINT (-87.622610130843 41.891871695093)
44e97c6f2e55c7508cdc204e154f06ce8eb3d4c035b936edbf88dd20d8ba3d5b2ce88a049f59838cfce4f17aa366657472ce4afc0253873fc68d6cddf0f798c1,9/18/2025 16:50,CLEAR,"DARKNESS, LIGHTED ROAD",NOT DIVIDED,DRY,100,N,MICHIGAN AVE,16,5,9,41.88328915,-87.6245494,POINT (-87.624549396399 41.883289151389)
d472fe52865926222461e15252cdcce595f766c56de79fac859c4ea5191b7e67a0296de461598991693d525aee3abdc03e8c7d7ba55b6f9bd22c4625c6dd4b8d,9/18/2025 16:30,CLEAR,DAYLIGHT,NOT DIVIDED,DRY,33,W,GRAND AVE,16,5,9,41.89153849,-87.62948641,POINT (-87.629486407789 41.891538491228)
cf6cb0257f08f6d6609b737d01fcabc542b190a7fe68a17d346dc67c0572388836bf4fec41a06f3784d571b1a1bda9651b5068bf47934f599b70a78ef4f5ae44,9/18/2025 16:20,UNKNOWN,UNKNOWN,ONE-WAY,UNKNOWN,516,N,CLARK ST,16,5,9,41.89143931,-87.63126818,POINT (-87.631268181977 41.891439309204)
b81bb92630d97b5d1413035f12171db258af4d697a55ef3ea415b334550ee7279ebdbecf6e3255b5ad2f0d1f45ded42331357d51e84b6fff8705da4390fe568a,9/18/2025 12:45,OTHER,DAYLIGHT,PARKING LOT,DRY,181,N,DEARBORN ST,12,5,9,41.88535046,-87.62933739,POINT (-87.62933739296 41.88535046357)
cfb585fe75e4e644c7faf22416a81cbcb12e30b2b937e5f54ff5d3dbb72dd07b465209c2f58ba572f5bf8b9ac29163284934e290f8fa2159bd829d8ac8be66c2,9/18/2025 12:30,CLEAR,DAYLIGHT,NOT DIVIDED,DRY,50,S,LA SALLE ST,12,5,9,41.8807051,-87.63247631,POINT (-87.632476305146 41.880705104318)
f8a286d70563d3fdc54f2020a4cfe255bbadb6754049a0c3b0cf14bf562b8cd54c3460e25b8196c844528ba52da79b6cf34a744de86f3aed53f4719faf078ada,9/18/2025 11:26,CLEAR,DAYLIGHT,NOT DIVIDED,DRY,339,E,LOWER WACKER DR,11,5,9,41.8874948,-87.61893499,POINT (-87.618934988436 41.8874947965)
b1185cafbec23dae1c04dbdba85a0ba46ce97a5ab6cc62a78510fd1acddc2989e568c2e0614503cb4e7df2c44f911a157d3cda612f43b7be40bd368f6e68f95f,9/18/2025 11:05,CLEAR,DAYLIGHT,ONE-WAY,DRY,55,E,JACKSON BLVD,11,5,9,41.87814786,-87.62557273,POINT (-87.625572734558 41.878147858544)
344b33d01ed94be3c0bfa0d5ef76c2e1e2ef95b0e939478d7983458ea1ab5186c989350dec83338c8fd34915db1d553597b5cd00bc0fcf78750ac29746a0cdac,9/18/2025 8:55,CLEAR,DAYLIGHT,ONE-WAY,DRY,50,W,WASHINGTON ST,8,5,9,41.8833222,-87.6297751,POINT (-87.629775096643 41.88332219915)
dbde4a9a04040df5a8f7222b58166a618bbec31a1f6225d61b3f2a053a9a0081a1cc418e53d44f22506879a9d2d95feee4f5ba196e4e98acc65991701f11ed8b,9/18/2025 0:18,CLEAR,"DARKNESS, LIGHTED ROAD",ONE-WAY,DRY,54,E,LOWER WACKER DR,0,5,9,41.88770929,-87.62624685,POINT (-87.626246850899 41.88770929045)
215129e7d048d1f9b39aa759019ef5ba0b7898428a66342d0d2b71957e8a5c192e5421add2a35fa30c7d863c867eca8489722ef852b05948db1c200efde2de35,9/17/2025 22:20,CLEAR,"DARKNESS, LIGHTED ROAD",FOUR WAY,DRY,199,W,KINZIE ST,22,4,9,41.88905692,-87.63393041,POINT (-87.633930414499 41.889056916141)
60a3cb0c7e823aca3c53c0ed86d4116980b13d10df9d0fde11490be701bd2552204bc600562313788365ed38fa81edf00ea4d0b35aa4de4fef0db6648ea0c12b,9/17/2025 18:00,CLEAR,DAYLIGHT,ONE-WAY,DRY,40,E,GRAND AVE,18,4,9,41.89179678,-87.62649274,POINT (-87.626492737165 41.891796782897)
2f0ce8307d05195c81c45caff49370e36a25ecf61732766128c02eed8182e53a543e817d6c44abde00d534a1d788be2a7e7f0ff69647ac9d5f81c615b6622236,9/17/2025 17:00,CLEAR,DAYLIGHT,NOT DIVIDED,DRY,300,N,LA SALLE DR,17,4,9,41.88752864,-87.63264684,POINT (-87.632646836524 41.887528639657)
78bb43f4103d8756ae79f72c6e94447706bca49f0deb3c309f3e7bbd6c2b689aef282ae273041eab35d8f1ed0bb38c86eef9700eddbd97e44da7b22e39fa0242,9/17/2025 17:00,CLEAR,DAYLIGHT,NOT DIVIDED,DRY,500,N,CLARK ST,17,4,9,41.89086224,-87.63125333,POINT (-87.631253331273 41.89086223773)
7e0bbcc021c9b0654ad2725654b718902b1adcfa5198642e7bcbd25be1797699b01687f7dbdf2a5478ad780c6c1c3a7b765eaee8763d0269230b3d918e20987c,9/17/2025 16:29,CLEAR,DAYLIGHT,DIVIDED - W/MEDIAN (NOT RAISED),DRY,360,N,MICHIGAN AVE,16,4,9,41.88814015,-87.62469579,POINT (-87.624695790101 41.888140152412)
8405ad24b5d376e7a9d27bba40a533a0791e56e65025e8d7ade2ce5edda9cab52579c887344b22f59fb012c5c19034c11d4f087e04ada4600c38beeb2d017116,9/17/2025 16:27,CLEAR,DAYLIGHT,NOT DIVIDED,DRY,300,S,COLUMBUS DR,16,4,9,41.87826558,-87.6208223,POINT (-87.620822302974 41.878265577833)
07fa805a8f34e0d4d17bd1d54578b26d1e0f862f743d13a4c8495b96afdc37d3e5fdca0fcbb14358507ffe281259e999e3c1819bcccad94c9f74b9781c2ab1eb,9/17/2025 16:18,CLEAR,DAYLIGHT,DIVIDED - W/MEDIAN (NOT RAISED),DRY,301,S,LAKE SHORE DR NB,16,4,9,41.87831701,-87.61705213,POINT (-87.617052125371 41.878317010667)
dfce9875c5c7e03acfac4637a3a02d97e3503a67317d2db31c60c3854bd242088a04842c89c7ef261deea7be504b471a351a8e894147f03a76bb9a5f870b1464,9/17/2025 15:34,CLEAR,DAYLIGHT,TRAFFIC ROUTE,DRY,131,S,DEARBORN ST,15,4,9,41.87988544,-87.62921159,POINT (-87.629211594803 41.879885440301)
f0340b1c6ba02bdc30835ff810bc07863cceaba7c4b0dc4b32ace359add94b854b660092ea5a2d090d34b19e3ab9c09753470bb757881a2f35f8b831b457d4e0,9/17/2025 9:40,CLEAR,DAYLIGHT,DIVIDED - W/MEDIAN BARRIER,DRY,225,W,WACKER DR,9,4,9,41.88670922,-87.6347109,POINT (-87.634710899459 41.886709222026)
03efd97355b2b27fd37d79859ffec0368a801009783b30f4b12cdbadb6f926d24177ae38f1fba34ea3c16f328f7c2a179e87c4962c193583cbb60b3e535d9098,9/17/2025 9:31,CLEAR,DAYLIGHT,NOT DIVIDED,DRY,600,N,WABASH AVE,9,4,9,41.89253115,-87.62689596,POINT (-87.626895964473 41.892531148205)
8aec324250467c4ec13b7809da86555efd76bc00b67a74eb8f16ef3205a66ebc1f2ed5820dfb692a3a05cdd6094b106a3c16ebf5941f7e7989dacadb044ec6c6,9/17/2025 9:13,CLEAR,"DARKNESS, LIGHTED ROAD",ONE-WAY,DRY,37,W,RANDOLPH ST,9,4,9,41.88437134,-87.62930765,POINT (-87.629307647905 41.884371342673)
e552e8f4a7883c55270ebbe61f9a10f637ada725b9d10da6f4099adb74d3db752f8df68323229aaca00cd7a5a52e8e94481af07f6a07930cd080444a8479473c,9/17/2025 8:40,UNKNOWN,UNKNOWN,FOUR WAY,UNKNOWN,283,S,MICHIGAN AVE,8,4,9,41.87834204,-87.62415992,POINT (-87.624159915645 41.878342039832)
52a11a9edfe66d1a6763715a38dc245ce09207775553f49299c5e78641e2bc7962609d2c9cc25e820a16478821b84c1a06b92c52cfa4ef4e541465abbf46bdb1,9/17/2025 8:20,CLEAR,DAYLIGHT,UNKNOWN,DRY,175,N,HARBOR DR,8,4,9,41.88566389,-87.61562501,POINT (-87.615625007948 41.885663892016)
908d0ed4572aff225428a2a7ac59a86b72bed95cda6015de3458049334ae574c54cdcd59f773c463adffd13d46ffde346922f561125eb1edfb246d16db46a041,9/17/2025 8:20,CLEAR,DAYLIGHT,NOT DIVIDED,DRY,101,E,OHIO ST,8,4,9,41.89241869,-87.62532544,POINT (-87.625325443089 41.892418688527)
7ff6a6f2c29de0b09e199a7066bdd4a55d428b8e8f42bffdd8ada4ece0cb4663987572b51b73b05fea6cd5f6798413f6df71b48872e791b36f24866dd0c4e8cf,9/16/2025 10:55,UNKNOWN,UNKNOWN,ONE-WAY,UNKNOWN,338,N,DEARBORN ST,10,3,9,41.88857641,-87.6297107,POINT (-87.629710698753 41.888576409164)
bb116c89684e4705b55f536ba00e448535ec7f3e93b49aedf1852f29672888e0f126b82bfc353c47e085584c7913231622ead277b1a7e8f7a91f4f40612a3ad9,9/16/2025 9:30,UNKNOWN,UNKNOWN,FOUR WAY,UNKNOWN,242,N,FRANKLIN ST,9,3,9,41.8867273,-87.63557576,POINT (-87.635575764873 41.886727300566)
6200963e7b973159df3779a234298ef85116304a18361331135551bb220ff52cb8e69a2833c7d3f87fe9effb96523dc9dd1783c70232dd044b4496a3dbbecb56,9/16/2025 7:45,CLEAR,DAYLIGHT,ONE-WAY,DRY,20,W,KINZIE ST,7,3,9,41.88935203,-87.62884885,POINT (-87.628848850273 41.889352033014)
bfb259b5b116d25b0301d9b844935abe30ba557849c643aeb0532f102f370e804e88a22b02e6fd3dd6716be1d7b50b445ebb653a008c96b38b65a06a927e4c13,9/15/2025 19:00,CLEAR,"DARKNESS, LIGHTED ROAD",NOT DIVIDED,DRY,600,N,STATE ST,19,2,9,41.89250117,-87.62824274,POINT (-87.628242737819 41.89250116695)
54eaf2d89543b199731e7852d9feda1e0cde3659710e948600224497a43aa021e68bbca7f6860d44c2ab7b6b8b96bbf113f82812a79db93ebb2e41f94bc19b34,9/15/2025 18:05,CLEAR,DAYLIGHT,TRAFFIC ROUTE,DRY,278,N,WELLS ST,18,2,9,41.88749768,-87.63411742,POINT (-87.634117423981 41.887497681571)
b66cc4346e9f842278c442d74502eb2c1decac733e8eb0917c70aff124e7bdc3e3ca2d710de1c30ec2f8faefe2aee2785ab24029475a00d3bbb289a479efd7bd,9/15/2025 17:47,CLEAR,DAYLIGHT,NOT DIVIDED,DRY,6,E,KINZIE ST,17,2,9,41.88936751,-87.62780107,POINT (-87.627801069927 41.889367509849)
228aad2be1f00ac0926ae1c50c147508880bc72bc1ab9f809f394099f5e6ef2017bbad9eabb58c3b30d7e5dc0ef9ed395104b37aae3d11f0fa69b4c031b7b9f5,9/15/2025 17:45,UNKNOWN,DAYLIGHT,NOT DIVIDED,UNKNOWN,6,E,KINZIE ST,17,2,9,41.88936751,-87.62780107,POINT (-87.627801069927 41.889367509849)
c0bd56489e364bc351e696facc007e484c8cc6ce043c3801d4ff9890b03964a9c2790b5565bfe15ba1b645e9d2c4bab6dd4fab17d5ba75f1b0a41304c6a6da0c,9/15/2025 15:00,CLEAR,DAYLIGHT,PARKING LOT,DRY,140,E,LOWER NORTH WATER ST,15,2,9,41.88989056,-87.62426164,POINT (-87.624261635014 41.889890560859)
8877504a984d331439eff02e832287e6da57a6a2216b27d3038c3578113b6a48cfcddc343d7c0fe85b48550eafc23d1cf0b0f0d8ebaeaaeacabd8a7884e9accd,9/15/2025 14:00,CLEAR,DAYLIGHT,ONE-WAY,UNKNOWN,245,E,OHIO ST,14,2,9,41.89247906,-87.62090238,POINT (-87.620902379891 41.892479059112)
df4c9768b176e1603f78e558ba06d63b69d7aeb6a61a6b6d755a1f5937897bd56082e3331f106909d5e0d132bc330e889da0faf650b8bbd67f2ff38d3c059669,9/15/2025 14:00,CLEAR,DAYLIGHT,NOT DIVIDED,DRY,530,N,FAIRBANKS CT,14,2,9,41.89191337,-87.62038281,POINT (-87.620382813048 41.891913373934)
4dcfcdb698a5b1498e953e13d98fbe440193b68f1c46947caec1e9873b8f8b5553e2692e9754e6905b40ee436fb9990dfddccd3e9659807300566c9cf805b9ed,9/15/2025 13:10,CLEAR,DAYLIGHT,NOT DIVIDED,DRY,200,N,CLARK ST,13,2,9,41.88601364,-87.63113018,POINT (-87.631130181818 41.886013640229)
22c369a1eb5ee080d3187e832ece1aa08669d3950c3aa764afba3ebedd53e89c6c952baca8531e6cfa44a6d8e59c46017d103f2ebbe39d9c54dabefffb1ea441,9/15/2025 10:50,CLEAR,DAYLIGHT,NOT DIVIDED,DRY,310,S,MICHIGAN AVE,10,2,9,41.87798781,-87.6244598,POINT (-87.624459800703 41.87798780697)
d8d775fa2b5664eea27f2d8d7c4d8c2b611ba0c0726f893e4906f405c8c142c5cef9a17961a0d1f8c9486d8cb7061e1674576f90b5d2f284ddf3df43099ac876,9/15/2025 1:35,CLEAR,"DARKNESS, LIGHTED ROAD",ONE-WAY,DRY,151,W,RANDOLPH ST,1,2,9,41.88436312,-87.63250839,POINT (-87.632508385165 41.884363124338)
a6f1b1c860e5d12c731d10775f51b454be15a3849256582a5a807b8ebd053ea8cb177bb61194ca4ad5c38c2c6225aee828d131f1a5e343a7dc86e97fd601d920,9/14/2025 18:00,CLEAR,"DARKNESS, LIGHTED ROAD",ONE-WAY,DRY,406,N,WABASH AVE,18,1,9,41.88954935,-87.62679734,POINT (-87.626797337302 41.889549347017)
66026d86f85d1f1c37b1807f8f1393e67fd8ea085494b4101f82b1fbe8b065d7809039f981244c75c340a6b52422fe6b5bf9daa10f65f157cbe03bf12ff08de6,9/14/2025 15:40,CLEAR,DAYLIGHT,FOUR WAY,DRY,35,E,LAKE ST,15,1,9,41.88564251,-87.62664486,POINT (-87.6266448607 41.885642507716)
42e1fb64956f61a3c52e7ade2ff220f6a9509c892e146068175bd079a4f8c3fe2ed6c05db9a54ee6f687489de8f781ef1e80b6ab6792caa95ce4483856c62393,9/14/2025 14:30,CLEAR,"DARKNESS, LIGHTED ROAD",OTHER,DRY,401,N,LOWER WABASH AVE,14,1,9,41.88927257,-87.62659638,POINT (-87.626596384505 41.889272568271)
800e287df1f0671982ccd224af7afee48933782196a3a7a736240fab3df1ed88b0aeafa6462629d0a32706e5bcee4d271c2b88eb59a28541f2e7200815e82b9f,9/14/2025 13:00,CLEAR,DAYLIGHT,FOUR WAY,DRY,150,W,RANDOLPH ST,13,1,9,41.88458266,-87.63250801,POINT (-87.632508009736 41.884582656121)