CRASH_RECORD_ID,CRASH_DATE,WEATHER_CONDITION,LIGHTING_CONDITION,TRAFFICWAY_TYPE,ROADWAY_SURFACE_COND,STREET_NO,STREET_DIRECTION,STREET_NAME,CRASH_HOUR,CRASH_DAY_OF_WEEK,CRASH_MONTH,LATITUDE,LONGITUDE,LOCATION
603ba65af90048d312f7a1d744d3d1441216a42ad108c2af249aa4ca93b92045ef335e79f174f92fa22f6fd4d8d61bfe17376267356027000a9edfaffb386764,9/14/2025 12:07,CLEAR,DAYLIGHT,NOT DIVIDED,DRY,333,N,DEARBORN ST,12,1,9,41.88841374,-87.62941081,POINT (-87.629410812998 41.888413743062)
190172f492f59876b10f6893a45171cdfd4414fd689137dd2b7cdbcf05f16f41f44b9347b5900be81bd0124cbeb55c523c8956990961c5d568f16f3ab4e482c0,9/13/2025 23:07,CLEAR,"DARKNESS, LIGHTED ROAD",FOUR WAY,DRY,101,S,LAKE SHORE DR NB,23,7,9,41.88085693,-87.61710338,POINT (-87.617103384378 41.880856926277)
ba631878e0666eead4c71605ae74a726ab639d01c16ee5cd4ee7641772a00eb627fc6d718ea4d65b75236baf499e77e5c668296187196b3baac8d22acd15157b,9/13/2025 20:50,CLEAR,"DARKNESS, LIGHTED ROAD",DIVIDED - W/MEDIAN (NOT RAISED),DRY,35,E,WACKER DR,20,7,9,41.88683151,-87.62655608,POINT (-87.626556084936 41.886831512317)
64abdd62c941f8967d072604fe6f3a483fe8e8c455e8f242b5825ca6e484175be2699985e9d4bed01bb426f1630501ce4a9d97dc6c74fe67e0957cb361e89531,9/13/2025 18:15,CLEAR,DAYLIGHT,NOT DIVIDED,DRY,400,N,MC CLURG CT,18,7,9,41.88911847,-87.61775488,POINT (-87.617754876517 41.88911847301)
d87b02b6f3d6ccf137e58459ee119a3c49c4e3d3c77b68459647d16d4ab7c6d5f48ae2d133b44625e6cb248fb8fcd4d63d20cad25e5b607a5a535c002d50dba9,9/13/2025 17:30,CLEAR,"DARKNESS, LIGHTED ROAD",NOT DIVIDED,DRY,540,N,RUSH ST,17,7,9,41.89218974,-87.62552459,POINT (-87.625524592411 41.892189737372)
3d297335a04eecd356583c47ab7adc0daf18e770673c792e9fccd9f0888b8c12091506194ca2333e7a097a531d6da1c819bb85c0af58ea2ec4baea62945708c8,9/13/2025 14:45,UNKNOWN,UNKNOWN,NOT DIVIDED,UNKNOWN,300,N,COLUMBUS DR,14,7,9,41.8869732,-87.62084833,POINT (-87.620848332588 41.886973200874)
77432f2489f7e6bc67d4ea1fb168eeede2ca159de2b93153fe05e9ad795f1dfa530a975409a6a10b0a8e40f7e60e6f9a9cc78b5b89f606997e2b5c282c793fc9,9/13/2025 11:45,CLEAR,DAYLIGHT,NOT DIVIDED,UNKNOWN,176,N,WELLS ST,11,7,9,41.88525273,-87.63406352,POINT (-87.634063516161 41.885252730721)
459b634e6e17cb87aed45a1cc859e353d12c95c7d046d9079cdabe09a065d16e06d0815a0adfc619c30f2dbdc7c80536f1aee5ae58db30e8655240662ddb7e4b,9/13/2025 11:30,CLEAR,DAYLIGHT,ONE-WAY,UNKNOWN,44,E,ILLINOIS ST,11,7,9,41.89100796,-87.62639773,POINT (-87.62639773052 41.891007960255)
b8963f84e042b0d77a3107c0d3e8b837f8259e4ea7e5b554e92014e057ef5b35ca773d1799a371930dc940d256021daea9f9fb71a21ebde3a19559e870343997,9/13/2025 10:45,CLEAR,DAYLIGHT,DIVIDED - W/MEDIAN BARRIER,WET,400,E,LOWER WACKER DR,10,7,9,41.88755113,-87.61735601,POINT (-87.617356008287 41.8875511317)
8f18977af47333e33568e0acead64c4ca2197ce72fe74ea1bf1347fd742e1650a97fe0cf82ddea4ae8e0dee24f753b4225022df89aafdb8bede142598ec9ba7c,9/13/2025 10:30,CLEAR,DAYLIGHT,DIVIDED - W/MEDIAN BARRIER,DRY,100,E,LOWER WACKER DR,10,7,9,41.88843209,-87.62442469,POINT (-87.624424686932 41.88843209205)
b3a883dd4a94c0012c7c258aa3fc26c9319c845d48cb62a53af8d538ce6e9e76b67a638d32d5e9ad9e468dc16a0112c695e2a127ef1c0e2e650fc042a058f398,9/13/2025 10:00,UNKNOWN,UNKNOWN,PARKING LOT,UNKNOWN,401,N,WELLS ST,10,7,9,41.88921522,-87.6338644,POINT (-87.633864400819 41.889215221757)
c6d8b8f25225789ecf799e338430b01743c4a76fde47cbb79dd8be8862298ecff3f9ee10b956e24f00fb96ff83c78e7ac10684f1574c123640bb366e220a6ce9,9/13/2025 9:55,CLEAR,DAYLIGHT,NOT DIVIDED,DRY,50,W,WASHINGTON ST,9,7,9,41.8833222,-87.6297751,POINT (-87.629775096643 41.88332219915)
f1b07fc9d7c054e0fc4b936f1e0618916d1c90f8beed0c74866571162f55ac31a00df1edd8ea9a41ce8a3fa90b70a378f64d902d8c34cd60717aec12f6b610b6,9/13/2025 8:50,CLEAR,"DARKNESS, LIGHTED ROAD",PARKING LOT,DRY,20,E,RANDOLPH ST,8,7,9,41.88460285,-87.62718694,POINT (-87.627186940196 41.884602854888)
83474f91115a2b21266d36259ea8c584d29af08318e6dee1304106db912d4ffedab91b1a382f04a1e44346315aa054e4bc4041cbe2e8e545aa775c07995f5761,9/13/2025 8:44,RAIN,DAYLIGHT,FOUR WAY,WET,40,W,WACKER DR,8,7,9,41.8870437,-87.62945493,POINT (-87.629454928218 41.887043702337)
ba187e60dcb61da7ff7b5494f38fa9092cec6d8aff042758a9985753b9a3f6036aa3f048b1edcde09f4ff30445841b67e14186680ca8c21e787db82f899db65a,9/13/2025 3:00,CLEAR,"DARKNESS, LIGHTED ROAD",DIVIDED - W/MEDIAN BARRIER,DRY,300,S,LAKE SHORE DR SB,3,7,9,41.87831013,-87.6175759,POINT (-87.617575903416 41.878310134581)
cef6eacaf62a311bbbee0bf498548202d1fe39beef43a329111e0fc342970262334bb7169c5fa4a980fb15ea486b9f9d097f3a8ffda8e6fa0cd402442f75252b,9/13/2025 0:50,CLEAR,"DARKNESS, LIGHTED ROAD",DIVIDED - W/MEDIAN BARRIER,DRY,90,N,MICHIGAN AVE,0,7,9,41.88317111,-87.62454402,POINT (-87.624544016816 41.883171112015)
102c5110527a983bc099f486f58e146071b944242e9c4be7a5c9608a0f0440f012730ab86035200adce105a56c394d6ba9173ba9dc317a026afd9e63523569bb,9/12/2025 23:40,CLEAR,"DARKNESS, LIGHTED ROAD",NOT DIVIDED,DRY,145,E,IDA B WELLS DR,23,6,9,41.87563756,-87.62257231,POINT (-87.622572307966 41.875637555154)
a2d2f23882b40bb3301bfc4fc3ef16480be86f246a8dcf887d7ab5d2203f4c929ef5d330a2726bd8d79044beb337a52f4b2017ee1460ca294bacfc77c8d04177,9/12/2025 22:00,CLEAR,"DARKNESS, LIGHTED ROAD",ONE-WAY,DRY,200,N,WELLS ST,22,6,9,41.8857537,-87.63407776,POINT (-87.634077755706 41.885753701664)
0e1a233882419f858e1eb357d9ddb4b0e1fc35818ec57f2e48b5e1361076c7eaeccac3ec65cbd705c7aa31726bc6265a1a0910125480dc742b315104fb6f232a,9/12/2025 20:55,CLEAR,"DARKNESS, LIGHTED ROAD",ONE-WAY,DRY,520,N,DEARBORN ST,20,6,9,41.89160128,-87.62979671,POINT (-87.629796705231 41.891601284754)
5410a440c3404f6bcba346d1bfdb3051b18d655b985e3f70396580a93aacede6b8987438bd0d20f861a76769dbe84f5ebb372e8f37779844c0d5f1ea6b6ab70e,9/12/2025 20:25,CLEAR,"DARKNESS, LIGHTED ROAD",NOT DIVIDED,DRY,100,W,HUBBARD ST,20,6,9,41.89012998,-87.63115697,POINT (-87.631156974306 41.890129978045)
af0e3b01ddcfa7d2039e0644300a9b098fab92790c28c32aab4ef3d3edc340f9798d7a5baf4064b89474033aab37f7b0a26a7bb33835c85e08f40e653ed5dc08,9/12/2025 17:00,CLEAR,DARKNESS,NOT DIVIDED,DRY,63,E,LAKE ST,17,6,9,41.8856197,-87.62576044,POINT (-87.62576043519 41.885619703216)
85e652a868e8377a48f801f2696a491ed33b76144a0ae47fed0241be462ba446ef77291d07bf37512e9c92c625bb13753ee881876eda94f88e8c156a8caa954c,9/12/2025 13:42,CLEAR,DAYLIGHT,FOUR WAY,DRY,100,W,ADAMS ST,13,6,9,41.87952321,-87.63089527,POINT (-87.630895271228 41.879523208521)
fe1893f6aa855e0de510ffe009c784935bbbd9e3de01e46fa16b1265d6906a075f0b86fec99b1096618053406ad54f92125f0663512f8508075a2d69620e565f,9/12/2025 13:42,CLEAR,DAYLIGHT,DIVIDED - W/MEDIAN BARRIER,DRY,58,S,LAKE SHORE DR SB,13,6,9,41.88118118,-87.61763001,POINT (-87.617630006228 41.881181181145)
157fbd2309e97a1d711e38bb8a29aba5b0aa58ce27f0a024da745fc011447bd24c4341dce24ffdc9abbcbe6ebf6929cd72583bb11ac1c90b60c7f3c721f9fa45,9/12/2025 9:50,CLEAR,DAYLIGHT,PARKING LOT,DRY,195,N,DEARBORN ST,9,6,9,41.88563517,-87.6293469,POINT (-87.629346898823 41.885635170798)
bd64d7d16d39f41e33884fd9d1c749b1609c629640bd3f5bfa1a435ade2ff586ee1268408e197029d7eb83a81b34a3cbb67a554aea24d88eb45ec4b712af350f,9/12/2025 9:00,CLEAR,DAYLIGHT,ONE-WAY,DRY,111,N,WABASH AVE,9,6,9,41.88352649,-87.6260822,POINT (-87.626082196787 41.883526491747)
b2498fcf1e6d07fd94ffa0b71f6ff55a928ee33134fad3f9bb0aeb3a52e9ce6bcba888bee7060a376cb20f3f07bb71dce708dbc92d96b22d66f5ffa70bd521af,9/12/2025 8:20,CLEAR,DAYLIGHT,DIVIDED - W/MEDIAN BARRIER,DRY,400,N,MICHIGAN AVE,8,6,9,41.88939788,-87.62439039,POINT (-87.624390394571 41.8893978833)
02400ba2222d53a5deb4ec1466065b289db49fce9c44d7d0c18e6caef29e4ae85e36e998647f413870cb7f450ffe84d79de9b6597bfe334ffa0fd75f6bff512c,9/12/2025 8:13,CLEAR,DAYLIGHT,CENTER TURN LANE,DRY,254,W,LOWER WACKER DR,8,6,9,41.88701536,-87.63539341,POINT (-87.635393413252 41.887015356921)
762ab9fd02fe08bf9eeeaf0d6ff2785e13e72eb6c2187afb26a464abd5d13bc6fe1b2f66faf4c5e31da5b8ae580404f6929c88b53a0b6c4135cb628cc6e4b1a8,9/11/2025 19:53,CLEAR,"DARKNESS, LIGHTED ROAD",FOUR WAY,DRY,100,W,RANDOLPH ST,19,5,9,41.88458627,-87.63101045,POINT (-87.631010445886 41.884586267155)
8bf9e9de7069c07108ce46d739d5666c80123450bd5f3def4b7fec1de97e5bd026bc7acf018dbdc879db88bff6ffdf598772f1af85828f905eaf69f3132669de,9/11/2025 19:30,CLEAR,"DARKNESS, LIGHTED ROAD",NOT DIVIDED,UNKNOWN,60,E,GRAND AVE,19,5,9,41.89181437,-87.62568526,POINT (-87.625685264584 41.891814365281)
f780abecefa9d8882249a62ba895299ad718eaa642001d7a7cb8418f01393de5b535f7f49417263d06e169a500327410c156692e54a1158001d01a46b49a10d7,9/11/2025 18:10,CLEAR,DUSK,ONE-WAY,DRY,100,W,GRAND AVE,18,5,9,41.89173502,-87.63120169,POINT (-87.631201688792 41.891735020379)
89a30d2b0894f2888bbb9a399741ffe3bbb846934d27305120f21ed0559e15977123c4dd80b0fa89f32736158ff1212be023e55cc0cbfc1974540305e6634406,9/11/2025 16:20,CLEAR,DAYLIGHT,ONE-WAY,WET,23,E,OHIO ST,16,5,9,41.89237718,-87.62706986,POINT (-87.62706986103 41.892377182292)
eaa760d6b6b0c8301b1864fc753be00be04234de1fc1eed7836fa587b8696012bd9dba3b9e25b43aed02a2d74a0489c1e478211666994ac3df2c3467501aacd9,9/11/2025 15:15,CLEAR,DAYLIGHT,ONE-WAY,DRY,350,N,LOWER MICHIGAN AVE,15,5,9,41.8879982,-87.62474378,POINT (-87.624743782175 41.887998199349)
d3f75a5f7b91bc887ce200e4541dc802eb855ae47a768ce878c2822490f5832bcca7df8661caa3b76da3b79ca94fd2b5296ae774365911a59be013328c27d0cb,9/11/2025 10:00,CLEAR,DAYLIGHT,NOT DIVIDED,DRY,310,W,WASHINGTON ST,10,5,9,41.883314,-87.63568809,POINT (-87.635688085612 41.883314002028)
29a58f3501b4d25ae255c8bea6d07ae89165de1c758c569b49a47028fdfdf91e3bd8aa23b998f6dd113e0c6ba1ad479b70e9df8b096b0e81d942d70f53c8e446,9/11/2025 7:35,CLEAR,DAYLIGHT,ONE-WAY,DRY,198,W,MONROE ST,7,5,9,41.88077104,-87.63372735,POINT (-87.633727345085 41.880771044559)
ed6375764d678e5f46e72e233466ed7f5df210ff88d2c951454d968b2f46022e2bc8b1b7b62b5f7b480c4550450d0bab34d24f46bc884f9065301de7a1b8ad0e,9/11/2025 4:55,CLEAR,"DARKNESS, LIGHTED ROAD",DIVIDED - W/MEDIAN BARRIER,DRY,540,N,MICHIGAN AVE,4,5,9,41.89214078,-87.62431278,POINT (-87.624312784422 41.89214078372)
e37fd1053b2cc77ab3e4ce493924165d4a13ba9c9cda0c7e232c4c335fe88588c3cde9d11200c204447efbfd658f109c01a657c99c1782b7f8b9db7bb5b4a5bc,9/10/2025 21:55,CLEAR,DARKNESS,NOT DIVIDED,DRY,151,E,WACKER DR,21,4,9,41.88799989,-87.62256513,POINT (-87.62256513256 41.887999887349)
cc1cf4d26f335ebf25740fcb93e7f1c81b940842549efa18c4f8dbe6b4d026465d1ac52fbcc8a8c2c6d8284b77bafc17df629556f34be0f3d72f980f8ccac952,9/10/2025 21:40,CLEAR,"DARKNESS, LIGHTED ROAD",FOUR WAY,DRY,41,W,RANDOLPH ST,21,4,9,41.88437259,-87.62953212,POINT (-87.62953211832 41.884372585411)
b0a7a2db6073acb1add295990604da0dbba438ddb5619d8fe3a7cff1d900a7f0aef6a212fe90b89fdcdfcf342a40d5c7d4ee165da3726c2be3318c7d76bb5f07,9/10/2025 20:05,CLEAR,DARKNESS,DIVIDED - W/MEDIAN BARRIER,DRY,300,E,WACKER DR,20,4,9,41.88807333,-87.62059446,POINT (-87.620594461337 41.888073331609)
04e0b8819396c8e5215e87c635ef8458a63e44e4ba0dfa2468ad58b172bafdfed72d77488c7d2a7fd58f019360d1b296157516bc1ccb013c840f964e75f3a6c7,9/10/2025 17:58,CLEAR,DAYLIGHT,NOT DIVIDED,DRY,78,E,IDA B WELLS DR,17,4,9,41.87582314,-87.62476762,POINT (-87.624767620127 41.875823143635)
f8581f42fe7fdb69073e826cc1ae45fc7871ff06c1eaa1fe19641fd815293d1530a792b9a99258b8cca9ca2a9cfee080117bcf6939b5ed9364558363019bd73a,9/10/2025 15:25,UNKNOWN,UNKNOWN,DIVIDED - W/MEDIAN BARRIER,UNKNOWN,211,W,LOWER WACKER DR,15,4,9,41.8866806,-87.63436668,POINT (-87.634366680565 41.88668060286)
5eae14d48cca7708a0bbcd5e1a95795159368300512b2cb037e0c7e3b2abecd45ceb3ae4287113ccdd6bde880c7065a7f1f928123288eb7fa898972f18d52fc1,9/10/2025 10:40,CLEAR,DAYLIGHT,NOT DIVIDED,DRY,100,E,OHIO ST,10,4,9,41.8926379,-87.62534141,POINT (-87.625341405856 41.89263789576)
0e8b26cb76e891d5444b0be18382e486f2dfe3100e58cbba740976833fec27c343d74789e4cce1da285e35e25363cc2a54fde78897240fd7a7731820ebad56af,9/10/2025 8:45,CLEAR,DAYLIGHT,DIVIDED - W/MEDIAN BARRIER,DRY,300,W,RANDOLPH ST,8,4,9,41.8845749,-87.63545069,POINT (-87.635450694754 41.884574896475)
5aa0207f48d649beae093dd1b4196ded0f9a234cf4c5f57c0e8c999948468aacf5309ea60863bb23d3b7948f007e39bcd709f30cf3f3dd545dca6b9563a04ccb,9/10/2025 8:35,CLEAR,DAYLIGHT,DIVIDED - W/MEDIAN (NOT RAISED),DRY,316,W,RANDOLPH ST,8,4,9,41.8845739,-87.63588649,POINT (-87.635886488313 41.884573904609)
049c1100ccde22f063f6e9f73d2e2d4fb83cbeb38d03366437de0821332fe29e88df4c3c577ae080fae2219afbdde6a724e5026c2690ca50e6af74a22df7b845,9/10/2025 8:30,CLEAR,DAYLIGHT,NOT DIVIDED,DRY,210,N,WELLS ST,8,4,9,41.8860284,-87.63408498,POINT (-87.63408498312 41.886028398061)
0063567705afc9659ae230fa23cca63b56318268f81dd267e63eb684fee76fe6b5457a1fc180dc32f3de3efccafd6c83e090a70e9307c0530ecd25e5e504b2fc,9/10/2025 8:20,CLEAR,DAYLIGHT,ONE-WAY,UNKNOWN,485,E,LOWER WACKER DR,8,4,9,41.88726009,-87.61607812,POINT (-87.616078119403 41.887260092953)
36f2650d490b670055eea4f7921d5345e4fb3ea85ebc4f606e18915c189c843aaf5b4dd00bb26131b01005017a438b2ca1c2f08be359c685793dfa79f345749a,9/10/2025 7:40,CLEAR,DAYLIGHT,ONE-WAY,DRY,198,S,WABASH AVE,7,4,9,41.87958205,-87.62627561,POINT (-87.626275614281 41.879582046673)
7d7668b76ac5b4662b9ee9415f2731efeb473df5505f83a152310d22f01eeafd5d7d454f1258231660286c1a81b6cf3a0a25cf8dde3a5dd17337a145195eecfc,9/10/2025 3:39,CLEAR,"DARKNESS, LIGHTED ROAD",FOUR WAY,DRY,512,N,MC CLURG CT,3,4,9,41.89151789,-87.61783052,POINT (-87.617830522582 41.891517894531)
7ad3bd28c6f358221c209034d524d2602f1e6b245f7a8b4475a12e247f0ce6b815277cdcfa1d3e7fc692e6afca4f7a4ae729c609badcaed9c16bdd4686af1caf,9/9/2025 22:00,CLEAR,"DARKNESS, LIGHTED ROAD",DIVIDED - W/MEDIAN (NOT RAISED),DRY,150,N,LOWER COLUMBUS DR,22,3,9,41.88457675,-87.6208286,POINT (-87.620828603912 41.884576750709)
90542697c3d3bf3ddfe96af36c57dd97f44cf231aa72553871b408623ac352828780b4af39b7c0e68387145942ce1330f4731a69b8651f4c09bec93a28d7b828,9/9/2025 17:30,CLEAR,DAYLIGHT,NOT DIVIDED,DRY,300,W,LAKE ST,17,3,9,41.88584617,-87.63547453,POINT (-87.635474529551 41.88584616588)
53df1ccbd908676d36395cbae230a967e6df38a0065798232cd6c23898c5b0adf032d0ed20b7cbef01305fe6230ecb01d16530c32bef04400ff7a2dadc598e8f,9/9/2025 17:06,CLEAR,DAYLIGHT,NOT DIVIDED,DRY,200,N,LA SALLE ST,17,3,9,41.88576112,-87.63259515,POINT (-87.632595153109 41.885761124491)
4a733242289ba44493bb153f6481927a6a87a77c94a4044db0d71e7bf07c6878e444f9a461dd0d23ede2e537ddd125bf9fccecde89bd3e69e1ac95ffc205ad7d,9/9/2025 15:25,CLEAR,UNKNOWN,NOT DIVIDED,DRY,415,N,MICHIGAN AVE,15,3,9,41.88977643,-87.62398694,POINT (-87.62398693813 41.889776428129)
f37b570df92980cd37d4d0f962763d750d22eb1139352757d7c534c78fb78cd879b690aa4a844f4a94668aa0327262844151efe96d5bd0fb90c2e851d72ae782,9/9/2025 15:17,CLEAR,DAYLIGHT,ONE-WAY,DRY,145,N,DEARBORN ST,15,3,9,41.88433967,-87.62930247,POINT (-87.629302474107 41.884339671462)
6b7bd868a69c765b33f267c3d5fac800c19b908429f8b18263abf3c3c1e4d49278c3d2dafe163709ae319280ed1a8ab73415077d6e500396cf77daacb2e76865,9/9/2025 14:30,CLEAR,DAYLIGHT,NOT DIVIDED,DRY,200,N,DEARBORN ST,14,3,9,41.88579631,-87.62964615,POINT (-87.629646154129 41.885796312349)
53ae705336076cc1fc42d9c6dc6a84a6a17ee8b49277e890d80117f94043bef59c356e6ec51f0a00560c446790a86c683c1152236aa64f2079d92beae9ed3c8f,9/9/2025 14:01,CLEAR,"DARKNESS, LIGHTED ROAD",DIVIDED - W/MEDIAN BARRIER,UNKNOWN,201,N,GARVEY CT,14,3,9,41.88579223,-87.63004554,POINT (-87.630045535683 41.885792231222)
867172feff70c5ee546598ff4795306f41c43693f95049eff50d70a5ec2f923ddada182a0fd4db2ac1bf7f23e7305acc26c3f1d17715e67d0d64eaf27db40c95,9/9/2025 13:00,CLEAR,DAYLIGHT,DIVIDED - W/MEDIAN BARRIER,DRY,299,E,LOWER WACKER DR,13,3,9,41.88769947,-87.6208488,POINT (-87.620848799935 41.887699473201)
08ac45c1d6b44eb162567b4e1e30abe3782b1dbb8c488e1ccada10ce7ee30053e5663be3b14773039a6ce0e939192742ac61dfa394e4c2d9d02783b5b26d12bd,9/9/2025 8:47,CLEAR,DAYLIGHT,ONE-WAY,DRY,186,N,WELLS ST,8,3,9,41.88545388,-87.634069,POINT (-87.634069000862 41.885453884453)
4a40e1884859a73ebb5f23674d58c1692fbb4521d56fd517c4bbc66fa5ea3bae90dabb0c21a12bdd294cf6a33fc496e2ebfede68554fba5c13142281b160d718,9/9/2025 8:11,CLEAR,DAYLIGHT,NOT DIVIDED,DRY,50,E,IDA B WELLS DR,8,3,9,41.8758026,-87.62573441,POINT (-87.625734412266 41.875802599285)
4a5e83091a1bf9438f63367aa8e76f55d52aaa868ef21a331f0d149a20e58b67f27af12ad5c09e4c724ffd7d17320ef9f8d5e922c5e3b33c4bb4931eb6f78094,9/9/2025 7:52,CLEAR,DAYLIGHT,ONE-WAY,DRY,30,W,MONROE ST,7,3,9,41.88083862,-87.62890194,POINT (-87.628901944452 41.880838615883)
3fb8ec8fd490609a007d5ffd2bd2c4457aa070ddded7f38e969e93c84f0d1c91103f5aa8874fd626e5b8a99fd4d7454723827b04ddfe8ecb9865dc803d536cf0,9/9/2025 6:13,CLEAR,DAYLIGHT,DIVIDED - W/MEDIAN BARRIER,DRY,499,S,MICHIGAN AVE,6,3,9,41.87579106,-87.62411501,POINT (-87.624115012282 41.875791059222)
59250257cd407b22cbfad4e5262cd7df717896f47a670cfc7cc283a76902ce24d14131c951f09a45b70798b9d563525ffc81f25bc2f598e31e44880c20a7a6ed,9/8/2025 8:10,CLEAR,DAYLIGHT,NOT DIVIDED,DRY,500,S,MICHIGAN AVE,8,2,9,41.87565854,-87.62440494,POINT (-87.624404940923 41.87565854302)
89554e0811e680881c0376b1b7ea3519cdaba0ac7c385a353cb53cb455b1bcee154779bad53e451382ea7097569967938a36e4157737824492e0fd7303a9ae54,9/7/2025 21:00,CLEAR,"DARKNESS, LIGHTED ROAD",NOT DIVIDED,DRY,16,W,ADAMS ST,21,1,9,41.87956244,-87.6283392,POINT (-87.628339196731 41.879562439822)
89a924be4b3278f3315672ba281d01a4ffa4fc136bc554caf624e0824646e3ae63da29a395293986f9412f2b774da7dcf67eb0d576252de54db7b0aad874ecd7,9/7/2025 20:55,CLEAR,"DARKNESS, LIGHTED ROAD",ONE-WAY,DRY,86,W,ADAMS ST,20,1,9,41.87952449,-87.63074826,POINT (-87.630748258267 41.87952449037)
adf73d725ef8fec01d2f0fd511138ec75efb1be07e4de1d25f929c1e47d7050db6b72e9c8a4e1bbf8bca152a4dd07cf978cdaeb5512885340f220562165d6313,9/7/2025 19:00,CLEAR,DUSK,NOT DIVIDED,DRY,100,S,LAKE SHORE DR SB,19,1,9,41.88085605,-87.61763589,POINT (-87.617635891755 41.880856047671)
40b1a8a6aefb0022830843d71894e73b00c10b604ae201a9d2c44131ce1aebe4a89ce58f6ea66cc786e17aec36928db6289ae3c051d473d1fd44768657362ba6,9/7/2025 18:28,CLEAR,DAYLIGHT,NOT DIVIDED,DRY,2,S,MICHIGAN AVE,18,1,9,41.88204398,-87.62451104,POINT (-87.624511036615 41.88204398026)
cb53dfb302f9eda5e3f9da9c0a5fe5155c832fddd49af39672ef7134d2528428bafc1a85c4817e6108c19f208900cc09e201aed82b8ea76a4d953fc201b9828b,9/7/2025 13:45,CLEAR,DAYLIGHT,OTHER,DRY,51,E,OHIO ST,13,1,9,41.89240009,-87.62606729,POINT (-87.626067294137 41.892400092975)
492dae8b6c833f7c8ecf5a6998ecd5379ad625b5fc61cc4896573d77c02b1072840d3f6a3535207b1449066fdbf5e810f5ae67f2411c53784270d5b3ce64b728,9/7/2025 13:30,CLEAR,DAYLIGHT,NOT REPORTED,DRY,400,E,RIVER DR,13,1,9,41.88902752,-87.61742812,POINT (-87.61742812045 41.889027522356)
6af53fc56d21eb3e61d804cc5cbd17ecc2e7ba31881778c33a7a6bde6b1ab705e163a8e1e30f1c0f4cfc5a318886d91f9ce899dc9754d6a62db87f11dc73d866,9/7/2025 12:58,CLEAR,"DARKNESS, LIGHTED ROAD",PARKING LOT,DRY,240,E,ILLINOIS ST,12,1,9,41.89109962,-87.62096764,POINT (-87.620967638105 41.891099616664)
4e41f8d20e2fe55c4ba9f08cc33698e6d6504baa37b7a6b55eb054d260be81f53d027f65aa3ba8dab2d9b92801cd8aa0e1a1cfeecee609287872b67fcfe00844,9/7/2025 8:43,CLEAR,"DARKNESS, LIGHTED ROAD",NOT DIVIDED,DRY,120,E,ILLINOIS ST,8,1,9,41.89104195,-87.62422289,POINT (-87.62422289014 41.891041945462)
895d33a70173936a83721a9b5ba9e71119cbb171abe391a864cf5f58ed83c429f054e24ff4795dc3196133733abcc25dcf48a6f180cda97f18d545f838be695e,9/7/2025 8:00,UNKNOWN,DAYLIGHT,NOT DIVIDED,UNKNOWN,111,W,WACKER DR,8,1,9,41.88670684,-87.63140796,POINT (-87.631407958651 41.886706842037)
20e85b0090c5613798ebefff8d02d90518d4b832c847de711ce50ef0d3464a344140e1e1ea705f40d8a00fdda47ac37efc9a905579416a959b2e15c3e3217c78,9/7/2025 7:41,CLEAR,"DARKNESS, LIGHTED ROAD",OTHER,DRY,200,N,LOWER COLUMBUS DR,7,1,9,41.88585183,-87.62086026,POINT (-87.62086026425 41.885851834564)
2d4134e7411bba828a117da418f1d0612b1a3156b85b7187454d19ee48f84717cae3fd6ba2ef0f7b8b57b1ed00102404453f0f2c6badd840371eb1029504fd8e,9/7/2025 1:15,CLEAR,"DARKNESS, LIGHTED ROAD",DIVIDED - W/MEDIAN BARRIER,DRY,364,N,MICHIGAN AVE,1,1,9,41.88834353,-87.62464876,POINT (-87.624648761452 41.888343528092)
7d22f3099d446ed670b6fa6f9efef9fb75f26affab8e4cb669164fc3c14a15b81c889dd56335837b776520ee02e06a089e961a41be6fa57ca5c9edb75babc953,9/7/2025 1:09,CLEAR,"DARKNESS, LIGHTED ROAD",FOUR WAY,DRY,600,N,MICHIGAN AVE,1,1,9,41.89259323,-87.62433405,POINT (-87.624334047949 41.892593225538)
f027e154dea1caebaf8d009cfebeb49ef0e33c60f1fb62f186949ee48b70848f9f1d8fba73c2eb828ec3f07ff5c9d46017c24a87a867d0c52a86453f415f5295,9/6/2025 21:01,CLEAR,"DARKNESS, LIGHTED ROAD",ONE-WAY,DRY,44,E,JACKSON BLVD,21,7,9,41.87835772,-87.62599835,POINT (-87.625998354247 41.878357723442)
e2b872ff44623391dacd951a75804fcb7ef6ff839cbaf367b704ab614914528eb0fabfa02b90edd4391facf93c8199c2fc1cd8d76000df3bc9f6118e4603160e,9/6/2025 20:28,CLEAR,"DARKNESS, LIGHTED ROAD",ONE-WAY,DRY,2,E,RANDOLPH ST,20,7,9,41.88460096,-87.62782852,POINT (-87.627828520965 41.884600961961)
c1711530a684d2957b10ede5ca383858be036ea5a4731d0a32eefd334bfb6a9c5612410cb0bc646b969fcfc5649792a09bbdb042046a85daa4e068ad0dd78a7f,9/6/2025 19:00,CLEAR,DAYLIGHT,DIVIDED - W/MEDIAN BARRIER,DRY,510,N,MICHIGAN AVE,19,7,9,41.89132763,-87.62429239,POINT (-87.624292385094 41.89132763217)