CRASH_RECORD_ID,CRASH_DATE,WEATHER_CONDITION,LIGHTING_CONDITION,TRAFFICWAY_TYPE,ROADWAY_SURFACE_COND,STREET_NO,STREET_DIRECTION,STREET_NAME,CRASH_HOUR,CRASH_DAY_OF_WEEK,CRASH_MONTH,LATITUDE,LONGITUDE,LOCATION
2a022fdf26e2cf9c455d7081b02e3ffed90d493d669d6d054ce38baace1530ad2c73e123de6c7ed90c4c2a714aedaeed934f8fe8db7ef929cab17b7aa4872f96,9/6/2025 16:10,CLEAR,DAYLIGHT,DIVIDED - W/MEDIAN BARRIER,DRY,112,E,WACKER DR,16,7,9,41.88839918,-87.62395428,POINT (-87.623954281953 41.888399177959)
4510c844a6a652c2f0f1f26e3f0199436fe40f7a2aa8037357ed2ab10a9b0255d08c451b1e80bc06eb206a29620c601e97ccef359a8c8bb9279fd63cae6e2cdf,9/6/2025 15:00,CLEAR,DAYLIGHT,FOUR WAY,DRY,56,S,COLUMBUS DR,15,7,9,41.88092927,-87.62094176,POINT (-87.620941756279 41.880929265608)
b4168046ddf42cfae9c6f7ba3a0cf4ab0826c10c25c156a65a0ff5af9e13dea85ff4499fa1596deec69e9bdcb7a427aa2c8e250283da6468f54d162cdf244e7b,9/6/2025 12:08,CLEAR,DAYLIGHT,ONE-WAY,DRY,545,N,DEARBORN ST,12,7,9,41.89219366,-87.62952201,POINT (-87.629522007684 41.892193657029)
6b9ae21bf91a8b4664eb5806b60cf0760da51842eafc371fe2da16acd1b686ffae0912360d58dd4908c7c5cd879fb41f684cf26ae1b3cd4f16b04fafaaa41433,9/6/2025 11:05,CLEAR,DAYLIGHT,ONE-WAY,DRY,139,E,OHIO ST,11,7,9,41.89245465,-87.62400673,POINT (-87.624006732671 41.892454646725)
5dc877748fc625c28c4c3f8dc4e1dc3afd34d48fbadc2ea56c04170f320aa39d61b163c70f3fcddfd49317df5cb8ffa1add7459fa6adc9f46fea4ed6efe39062,9/6/2025 6:30,CLEAR,DAYLIGHT,DIVIDED - W/MEDIAN BARRIER,DRY,2,N,MICHIGAN AVE,6,7,9,41.88216417,-87.62451427,POINT (-87.624514273622 41.88216416733)
27253a36fb6a455fa55cbd50546d33023589a077599a96da74b61ad2e500a22b119ba8796095ba4c07002b2a0f1a8fb04864263795484b8c4b7c4ebf9e272718,9/6/2025 6:04,CLEAR,DAWN,ONE-WAY,DRY,319,W,WASHINGTON ST,6,7,9,41.88309395,-87.63590504,POINT (-87.635905041158 41.883093947429)
a0b02ae0e960726d38951208232bc6952a92005cba5170abdb8fb3ec478f2ac361da1a4cea8fc4f31b7d0b71f4c55234039fad3574e3b56f2f4986804f06279c,9/6/2025 0:35,CLEAR,DARKNESS,FOUR WAY,DRY,298,W,WASHINGTON ST,0,7,9,41.88331551,-87.63526928,POINT (-87.635269277037 41.883315505727)
b333abe9ec0a64f4773897cd7d8db2656ae551f4ed2e533b839cfc55190452273c06861309b04d28557e29ff54e5478251a9756519644eee922a59e4cfa5368e,9/5/2025 23:55,CLEAR,"DARKNESS, LIGHTED ROAD",FOUR WAY,DRY,301,E,LOWER WACKER DR,23,6,9,41.88767222,-87.62057394,POINT (-87.620573939863 41.887672220686)
9b1d6e368fd609b03cb8c6f363c0dafba410c9efc5c17e79708c187f744cf1a7d2ec8cbba82eee33323a28c3f8f4740cb56175b3b5c47b98e89ded76f34b2800,9/5/2025 23:00,UNKNOWN,UNKNOWN,NOT DIVIDED,DRY,21,W,OHIO ST,23,6,9,41.89234714,-87.62900741,POINT (-87.629007409126 41.892347139749)
5fe0eeb4737935066dfa8de6ee7f0c44661a57bd3d0db193d8bbf4f2496c9144befe0561f4ffc61dad65c4ad00afd4aa95cfe05db5e31ffd211b05852e4231b6,9/5/2025 21:15,CLEAR,"DARKNESS, LIGHTED ROAD",ONE-WAY,DRY,100,W,RANDOLPH ST,21,6,9,41.88458627,-87.63101045,POINT (-87.631010445886 41.884586267155)
857519ce39816ed561503c60c6a9139bbaaafd121d8e4d4cee909e4f355857fdf67d85e5571e09ecab92b34fff2a0116d118ae3614763dc788044bf8fe2dd91d,9/5/2025 19:28,CLEAR,DAYLIGHT,T-INTERSECTION,DRY,101,N,LAKE SHORE DR SB,19,6,9,41.88286598,-87.61600139,POINT (-87.616001390868 41.882865977541)
0e430d6d4d07d41a52c601b8de976e62b13a7acd65b9b81a6d39393528cddca35c76ced6cd0be1c87ddf83808f6453bb651d0ebc31b7cefe86be297219b9213d,9/5/2025 17:29,CLEAR,DAYLIGHT,ONE-WAY,DRY,25,E,WASHINGTON ST,17,6,9,41.88310908,-87.62697603,POINT (-87.626976033709 41.883109078966)
1f415e7a6803988f6feb29ca02f17fbdc997cc8db0a065ce8af1d328f49490d4442746b873b492b8238b0edfe7300af24445733cae363a9fa474d42110452652,9/5/2025 16:58,CLEAR,DAYLIGHT,ONE-WAY,DRY,400,E,LOWER WACKER DR,16,6,9,41.88755113,-87.61735601,POINT (-87.617356008287 41.8875511317)
613ff79b20a510df5a0e29a1dff0a62c291c8bbaea40102dc441b4c8752d072363c6494ddf74537d4b8e845355c791df84b3dcb93efb8ed435a24d7dc32d2d31,9/5/2025 16:36,CLEAR,DAYLIGHT,NOT DIVIDED,DRY,60,E,JACKSON BLVD,16,6,9,41.87837042,-87.62544271,POINT (-87.625442713458 41.878370420311)
be059a6a00b0bddb67448fa0f7fd5eded1792b8042d1664b9cbecfe17725ce0e4fd1e9c21f54f2d378965bec0c9a86b6aa7bad15e4021e6fca8bc50b5916d2ca,9/5/2025 14:46,CLEAR,DAYLIGHT,ONE-WAY,DRY,12,W,MADISON ST,14,6,9,41.88212361,-87.6282465,POINT (-87.62824650148 41.882123611667)
0839abbdc1ab7ce4b12d24ff7b5aa675116bde98f5e5efb5368259ba43d2c7feb4cb07b311f7db737eee29015f9fafe238da0dbf74e060088f9f81687a6e1dd9,9/5/2025 14:00,CLEAR,DAYLIGHT,FOUR WAY,DRY,200,E,IDA B WELLS DR,14,6,9,41.87586075,-87.62229586,POINT (-87.622295862344 41.875860746521)
3f94b0786340a9028b3cdd366edf84c2b6965bb546c76b67478306a2df33cf8ba77ccb40ccc87a36dfa59e3ab3b16e22e908d16c315849c4a7b16f3ada293bc5,9/5/2025 14:00,CLEAR,DAYLIGHT,ONE-WAY,DRY,74,E,RANDOLPH ST,14,6,9,41.88460771,-87.6252,POINT (-87.62520000158 41.884607713743)
6a726432c141f1f494aed220d4c355fb6bb681e04615cbfc6610899269fa6c75ea4137111af4bee2acadfddc3f3102186cc3b9f958c2eb5ca55e9a73c16523c1,9/5/2025 13:50,CLEAR,DAYLIGHT,DIVIDED - W/MEDIAN (NOT RAISED),DRY,186,W,WACKER DR,13,6,9,41.8870411,-87.63355772,POINT (-87.633557716852 41.887041095504)
158b1b67b4fe1d626f4f0961faff0b92d488b569ab094a2f2c003c72d0e1798973280702da9eea1d3039106b93921670587c89dba6e8a214bbd8b060db14c4e9,9/4/2025 18:25,CLEAR,DAYLIGHT,DIVIDED - W/MEDIAN BARRIER,DRY,101,S,LAKE SHORE DR SB,18,5,9,41.88085693,-87.61710338,POINT (-87.617103384378 41.880856926277)
e7e20180f9eb98cb8bfbb9cc659e73608ab2e6cfb23a36a428005eb0fba335f32ed52716e672a5a97d96e7a8d2fb1367debfbcb06c986bb6934af324ba9cf25d,9/4/2025 14:23,CLEAR,DAYLIGHT,T-INTERSECTION,DRY,241,N,CLARK ST,14,5,9,41.88679298,-87.63085367,POINT (-87.630853674236 41.886792979968)
ae9ad30ce08c7a72aece5a9f5ca66c945bc4552ab693af2cbb58c688ade5eddc5952fa07f73c0c2dec971508272973b4442cc4edbd18619d3044206ee4b38cc9,9/4/2025 11:25,CLEAR,DAYLIGHT,DIVIDED - W/MEDIAN (NOT RAISED),DRY,401,N,STATE ST,11,5,9,41.88926542,-87.62786766,POINT (-87.627867657864 41.889265415961)
569c75a358ef237e48857eeb73efe90449cdfe371253f20e9ab4af8950a380794bde47ce51878029ad055fddfc0f0a795b8d3a9b73c46a7a085aefc8f213a9fb,9/4/2025 8:30,CLEAR,DAYLIGHT,FOUR WAY,DRY,600,N,MICHIGAN AVE,8,5,9,41.89259323,-87.62433405,POINT (-87.624334047949 41.892593225538)
fb1b2867f12f2ab97c8da1005ad8b442105dd5fb2f97bcb201b6089bb8927d8fd416eec0b8c70294296b607114e45f16a4da87441f7824991c8aae10326e98c8,9/4/2025 7:45,CLEAR,DAYLIGHT,NOT DIVIDED,DRY,399,E,JACKSON DR,7,5,9,41.87826909,-87.61720934,POINT (-87.61720934423 41.87826909091)
f71e4aa6f478c11ca74fdbdd1a37a8cfe4a7b2a6ade8cce7ade220cc42e297c4f21ff4ca7f8fce12e35e08f11c2f50155be125b6a3c45ad1ae2ddf3de5bfbc29,9/3/2025 18:47,RAIN,DUSK,ONE-WAY,WET,111,N,WABASH AVE,18,4,9,41.88352649,-87.6260822,POINT (-87.626082196787 41.883526491747)
48d1a60f0bf661ef429c1ecf682a536634628e73f77db16e953eb2c2a464d5a8850f3807b912026504b91e1036059243566f2dbba6f9ff2e5c85b9b3473015b4,9/3/2025 17:50,RAIN,"DARKNESS, LIGHTED ROAD",ONE-WAY,WET,424,N,DEARBORN ST,17,4,9,41.88999657,-87.62975251,POINT (-87.629752508556 41.88999657187)
bb97c1f27450888be9305843765e2c9cd5d6a3ea68d97d918ae458a22a97fc3de352634cd10bfab4b9fecc9a975c652ce8b50055f36bc2501051d032fb2270b2,9/3/2025 17:44,CLEAR,"DARKNESS, LIGHTED ROAD",DIVIDED - W/MEDIAN BARRIER,DRY,460,E,LOWER WACKER DR,17,4,9,41.88751545,-87.61644077,POINT (-87.616440774478 41.887515452435)
1b37752eca1e47771e27e821c7daaf2443e01dcc24fe9c881d5965a3779449fd2dadaba506820e36bb3ab363e45458efdad1b2319fdbcbffa68d1734e0bf526b,9/3/2025 16:52,OTHER,DAYLIGHT,ONE-WAY,OTHER,342,W,WASHINGTON ST,16,4,9,41.88331191,-87.63655979,POINT (-87.636559794103 41.883311909138)
8c4f7c29a752e9ed857eeccad0a2f236eefb9bda56b8ab795967a2ebaac92c6593263beef7a3750f3260223c278da6a869ed221478624ee467a29089a4fc747e,9/3/2025 16:40,RAIN,DAYLIGHT,FOUR WAY,WET,401,S,MICHIGAN AVE,16,4,9,41.87694309,-87.62414295,POINT (-87.624142954225 41.876943094038)
b525b59400b8b8175d62ef57f2ebce03ec16a327a3230b929950a0944c68870467382c1bebcd45ec60d855d412499e5279cc8c2bc47b5c4479a968fbde81a535,9/3/2025 13:30,CLOUDY/OVERCAST,DAYLIGHT,NOT DIVIDED,DRY,101,N,LAKE SHORE DR NB,13,4,9,41.88286598,-87.61600139,POINT (-87.616001390868 41.882865977541)
e2b3029d6980ec441d96acbaedf4c9d6c481d90ead3e3d08eca14baf22996bf84d2ade0f502c9d7ac9c019c5547a2981844b7a8f27e5eac5b07bc834dd7feb75,9/3/2025 12:00,CLEAR,DAYLIGHT,NOT DIVIDED,DRY,33,W,KINZIE ST,12,4,9,41.88912549,-87.62942249,POINT (-87.629422488805 41.889125488003)
f295e976ceec174a13c1459f4edad1b1f2a7ccd7df081c85d017bdef1ba0dd545fcb176559fbaf369fe27155302198bf5bd2c12aea86e98fa6e5668982deb664,9/2/2025 23:20,CLEAR,"DARKNESS, LIGHTED ROAD",ONE-WAY,DRY,98,N,CLARK ST,23,3,9,41.88317524,-87.63105236,POINT (-87.631052362552 41.883175240277)
d6e76e65d18c4f26a1c422f10685f9564fbdce0a96dfe8a2c8a0a4da055668489f8533b0cc491b623ec2855c173e5a887565ceaee7f1c951b99b4c54044f0f2c,9/2/2025 17:13,CLEAR,DAYLIGHT,ONE-WAY,DRY,306,S,DEARBORN ST,17,3,9,41.87796415,-87.62943971,POINT (-87.629439710942 41.877964151158)
7295cc6f8287afb678aa9ee92778f2c83b12114106570f92fdff1c125df451a8fe2c3082a2b1aef1f8af2ace3c01457b3acf640a1530959c5aa99433281601ba,9/2/2025 15:30,CLEAR,DAYLIGHT,NOT DIVIDED,DRY,35,E,LOWER WACKER DR,15,3,9,41.88679622,-87.62656228,POINT (-87.626562277964 41.886796215825)
3d57fb2b642890f9e5f2754081afba28c7ab8706284935070d202824388304c7cf3b82777ac1e2ba9fc1c8968ce5cd1e8a53ed00e5479ab4902d509de8295917,9/2/2025 11:45,CLEAR,DAYLIGHT,ONE-WAY,DRY,110,W,LAKE ST,11,3,9,41.88585099,-87.63132537,POINT (-87.631325365498 41.885850988925)
edaadf4430b1369f8b9f7d0043d25badd2c0c17e484a1fabc1577cb2c0f3dcb3151198591f526e7b7772700699423855c73be578c4787ef2036ba1d4e742ac34,9/2/2025 11:30,CLEAR,DAYLIGHT,NOT DIVIDED,DRY,155,N,LOWER WACKER DR,11,3,9,41.88461592,-87.6366456,POINT (-87.636645603242 41.88461591746)
2725a0546e7e25a158a60e4e40fdf9c2ec9bdb0034f60c87e9d984eefc4919b08fc411d7abdc3efda1124b7fa04beca9e3ecc29f39bd1982ba09898cd7964ecf,9/2/2025 11:07,RAIN,DAYLIGHT,NOT DIVIDED,DRY,300,S,DEARBORN ST,11,3,9,41.87810112,-87.62944389,POINT (-87.629443885475 41.878101118568)
805df4396f338ea2f0827bb57267aa88e15bf51e2752b7267a2799ae037a637a6bb7c25db626be6b9b9c047a14b325ab7503a1d56306fdebb0589de3f2005e7c,9/2/2025 10:21,CLEAR,DAYLIGHT,NOT DIVIDED,DRY,210,N,GARLAND CT,10,3,9,41.88604284,-87.62543647,POINT (-87.625436468581 41.886042842556)
46f5a62ff6ed48cef8c48ae66565a777e44abbeade6b151e643fc0dca8f4f551cc2ff165ac2bed356e47fe25068f90b123ae948d2a878dd79a83899d90c9f7e7,9/2/2025 9:17,CLEAR,DAYLIGHT,NOT DIVIDED,DRY,150,N,COLUMBUS DR,9,3,9,41.88458537,-87.62079215,POINT (-87.620792152563 41.884585370634)
27d77863feea2cec8c918aa9ce2d0610b535c4a9a046800bc4146818f444622a5d8c21e9c26d0ebbdc2f5a61f04b044098d4344abf3c6c071c8d9c9156b18089,9/2/2025 9:10,CLEAR,DAYLIGHT,PARKING LOT,DRY,10,E,GRAND AVE,9,3,9,41.89179146,-87.62765774,POINT (-87.6276577412 41.891791463112)
1dded0f4a21fbd2e905ea45998a6313d8ef2d3359cb2e23f5a295a67f5c708d7a4254e9cc4c22fe9e672aba4bc3206cdc110bbc04bf68a9f5a174d7ae8c48225,9/2/2025 9:06,UNKNOWN,DAYLIGHT,PARKING LOT,UNKNOWN,10,E,GRAND AVE,9,3,9,41.89179146,-87.62765774,POINT (-87.6276577412 41.891791463112)
106d326edddcc80f174c69827811b6d4646c37d3896c597fb33b077fec97b2f53f44b644b99158c980ea5ef3ea7423161f160eb4101114e75b870e36fa4059d3,9/2/2025 8:10,CLEAR,DAYLIGHT,ONE-WAY,DRY,200,N,WELLS ST,8,3,9,41.8857537,-87.63407776,POINT (-87.634077755706 41.885753701664)
e4daaa51fed4467778fa2264d7ba9e7ddccb223bebbcace90d57a14fe1d9aa71118be5a608a5a90394632513088576dc2ef45c94d4494deff1fcfb666370d1f4,9/2/2025 0:00,CLEAR,"DARKNESS, LIGHTED ROAD",DIVIDED - W/MEDIAN BARRIER,DRY,130,S,LAKE SHORE DR NB,0,3,9,41.88016581,-87.6176248,POINT (-87.617624802678 41.880165808098)
97e409efba827f24325b64014f0e3cf2d5f4b51fd5501e7cec96675b18968953fbe56d6f9f6eb30a9efcb9a9eb0d784a9b7cb07fe38aa4ed1bd2b60a47b032e6,9/1/2025 22:50,CLEAR,"DARKNESS, LIGHTED ROAD",DIVIDED - W/MEDIAN (NOT RAISED),DRY,330,S,LAKE SHORE DR NB,22,2,9,41.87762277,-87.61755984,POINT (-87.617559837571 41.877622766864)
83091bee93af0507ad4dab96516cc0962b17f18f0622567bb1869c9e9b2751172e2b52a9e616f55688b6bbe45bcefe14e3991bb271cd572934d13f09eadd1b6d,9/1/2025 22:11,CLEAR,"DARKNESS, LIGHTED ROAD",FOUR WAY,DRY,230,W,WASHINGTON ST,22,2,9,41.88331786,-87.63476909,POINT (-87.634769094617 41.883317859851)
27015a63982e2437de7a16996cb0d3b57ece25d854a2dfa288c49e75028614278153e25c43a25619b73095696371df8b1b0cdb879a774aba532b4157a08edff6,9/1/2025 20:15,CLEAR,"DARKNESS, LIGHTED ROAD",ONE-WAY,DRY,210,E,OHIO ST,20,2,9,41.89267717,-87.62219449,POINT (-87.622194494473 41.892677171855)
c38b7b28839426b35134ac2f1eb08283a96fbd351f6c4b7c8d8d25c268cc94a37f188437f370883ffe27e41ed80a618465084764cf954dbd058f99da63d56eb0,9/1/2025 16:30,CLEAR,DAYLIGHT,DIVIDED - W/MEDIAN (NOT RAISED),DRY,199,N,DEARBORN ST,16,2,9,41.88571652,-87.62934961,POINT (-87.629349614796 41.885716515717)
3e7360c79f75a22768fbac0853faa9bb95140d5cfcf271867e5260898a38f984cbd81356473bf6f1976539ac80f80673112112a2cc1803bdc25d52b8b322e7fe,9/1/2025 15:40,CLEAR,DAYLIGHT,T-INTERSECTION,UNKNOWN,600,N,WABASH AVE,15,2,9,41.89253115,-87.62689596,POINT (-87.626895964473 41.892531148205)
7bc5bef7a0a3a1f5eddb0dbc42f7ff20e7fabc575b564777c1f42bf8802aff7381700a11fadcd76d9bd8e80d9f1d5b16388124215352040cd6b2c7c179346371,9/1/2025 14:00,UNKNOWN,UNKNOWN,ONE-WAY,UNKNOWN,10,E,RANDOLPH ST,14,2,9,41.88460203,-87.62754293,POINT (-87.6275429272 41.884602034208)
913e036e2109a22aec4368fae2db1afd950a66e9b8e230fd1b0df3a17bdc4182c4cc59fa205769e774b6b62291f83f396314d6e6a2980f71a9512a06520d47ec,9/1/2025 0:15,CLEAR,"DARKNESS, LIGHTED ROAD",OTHER,DRY,129,S,WABASH AVE,0,2,9,41.88009038,-87.62600208,POINT (-87.626002079376 41.880090381251)
ac70251236891a62e6bd90582d6355e768cafede87cb7d34583584c178eb471bfbdf5e741762d9cd772b9dd32f0eaf40f4842eb232a30ed5e35ce06ce40ae15c,8/31/2025 21:40,UNKNOWN,"DARKNESS, LIGHTED ROAD",ONE-WAY,UNKNOWN,416,N,CLARK ST,21,1,8,41.88983292,-87.63122265,POINT (-87.631222647039 41.889832916658)
f248501c63d39f03852656ad6a15494e29e2ab353be943c0ae958c22b195a33bce614d3f09013c660f09642d1fbe35c02cf5c90319eb7823bcec5086e2c77bfb,8/31/2025 20:55,CLEAR,"DARKNESS, LIGHTED ROAD",DIVIDED - W/MEDIAN (NOT RAISED),DRY,111,W,HUBBARD ST,20,1,8,41.88990443,-87.63159249,POINT (-87.631592488569 41.88990442842)
53d9fd90e243f98bc5aa02629c8955482162805310fc9344a96818b251c0ed63461a07e54d5927d882190ef519501ddb03cd3b6ad939b6728812b85e99dd0202,8/31/2025 18:46,UNKNOWN,UNKNOWN,T-INTERSECTION,UNKNOWN,300,S,LAKE SHORE DR NB,18,1,8,41.87831013,-87.6175759,POINT (-87.617575903416 41.878310134581)
c1319bf761c5e7cc068335efc77cc3890180b83b266828f5a1f96c50294951a89240d90ba2e41ff521b3400e8fcebdd653643cf92966dd677dfdc904cb62ae23,8/31/2025 16:58,CLEAR,"DARKNESS, LIGHTED ROAD",NOT DIVIDED,DRY,200,N,LOWER COLUMBUS DR,16,1,8,41.88585183,-87.62086026,POINT (-87.62086026425 41.885851834564)
1a3f8f7775eee1216fe5ec2a0d31f18fe2d31545af4f819342e2609a99da51ffc31ced76ca7c7dbe75c3e017c64a7572953e1d5799050ef21d3045a0a3873253,8/31/2025 16:52,UNKNOWN,DAYLIGHT,DIVIDED - W/MEDIAN (NOT RAISED),UNKNOWN,225,N,COLUMBUS DR,16,1,8,41.88637314,-87.62054303,POINT (-87.620543030168 41.886373138256)
c00626b61558d87ec918d868c7eb4666d1e794249eb88fd7e426ef39adea88be97743a83bc696db8836f2cb099d49b750df618a0531c51dfcd47b4e0978295a8,8/31/2025 16:30,CLEAR,DAYLIGHT,CENTER TURN LANE,DRY,219,N,MICHIGAN AVE,16,1,8,41.8862349,-87.62437945,POINT (-87.624379448414 41.886234900519)
fb84436947806905ade958327cb72b9dd0924381a52ca7f2387e7ccfcdcb0fde24ff4ac8500b6aa9d56348119e08dac385609e62289f0a3ec8dbb23456c366ca,8/31/2025 16:00,CLEAR,DAYLIGHT,DIVIDED - W/MEDIAN (NOT RAISED),DRY,500,N,MC CLURG CT,16,1,8,41.89108825,-87.61781709,POINT (-87.617817088506 41.891088251976)
db957459e28b157c6cb1543ff493ebaa50ec8c00f9c466d0db53793d745fa34fa7ef2d023a8a53d4c0c8d2af0a163cb536869fc8da270a9cbaef7eaaddf1e0e8,8/31/2025 15:00,CLEAR,DAYLIGHT,NOT DIVIDED,UNKNOWN,100,W,MONROE ST,15,1,8,41.88080528,-87.63092933,POINT (-87.630929332143 41.880805278204)
648c31e8f895306314fba8539a191bae2936290e9326899b3509b0755a299759cc4e6c0a05a541a44d6efa48a8189b5621ba4db82a228661f5e7148b39e85db6,8/31/2025 11:20,UNKNOWN,DAYLIGHT,PARKING LOT,UNKNOWN,430,N,RUSH ST,11,1,8,41.89014356,-87.62546158,POINT (-87.625461576604 41.890143556964)
0d2d1afddb05b3997c2fd9fedd9aeff7bbec026e169d2643cd8839a63821d3e8addf01410ae87fb0891e3d53c716b0d9897f90e3d01fe3dd4015f0d3929de51d,8/31/2025 2:52,CLEAR,"DARKNESS, LIGHTED ROAD",FOUR WAY,DRY,200,W,KINZIE ST,2,1,8,41.88927484,-87.63408372,POINT (-87.634083717969 41.889274843852)
84a80c03f122b4f7a7b54ce6b8564a4b121836d01d601e5ea30276685b19e93827614eaddace4f2daae27fcf419430936d6fa276046021acb166287fc63d3226,8/31/2025 2:10,CLEAR,DARKNESS,DIVIDED - W/MEDIAN (NOT RAISED),DRY,399,N,LA SALLE DR,2,1,8,41.88916459,-87.63237745,POINT (-87.63237745274 41.889164591335)
34719d941bdce509c381ad5eca727f9c94260ede24fa6dcd19b5df5befb51404d83a16ea404b5bf68df1a36923616bc63488c7129920faf041872fa039f818a3,8/31/2025 1:47,CLEAR,"DARKNESS, LIGHTED ROAD",ONE-WAY,DRY,412,N,CLARK ST,1,1,8,41.88968728,-87.6312191,POINT (-87.63121909812 41.88968727652)
532ce2f6c4209cb9bd425ac833fe3dba4162530d4be0ea369adbebf07af3a28377fc2e2d9e8bd3693c1c1ab5f52188524b6c5d5b6bc610423459bd0c052bc30f,8/31/2025 1:32,CLEAR,"DARKNESS, LIGHTED ROAD",FOUR WAY,DRY,498,N,LOWER MICHIGAN AVE,1,1,8,41.89089203,-87.62430483,POINT (-87.624304829149 41.890892025715)
da1b44672df4a6d57f374f0b8bf2899142f05b65eba04d0e740e7c00c2d292055971ec5352e44e9b4f6a571b17cbb765ce30a775f968f176aa885fc60c9e178c,8/31/2025 1:30,CLEAR,"DARKNESS, LIGHTED ROAD",ONE-WAY,UNKNOWN,111,W,ILLINOIS ST,1,1,8,41.89070475,-87.63161066,POINT (-87.631610661651 41.890704754245)
b4eafb9187ce8c08ad43b6cdcb10cfbd9ae9e89974b8d699ed0981c6b41c918c28ea57e1cda5187d430f1eebb8e1ca4f746035f26b2bf3e80bc57bc3ab624339,8/31/2025 1:27,CLEAR,DARKNESS,NOT DIVIDED,DRY,85,E,WACKER DR,1,1,8,41.88809629,-87.62517728,POINT (-87.625177278957 41.888096290382)
7d1fabfececfb995e8a2b54c2c46b738269bdea0bc2e8c1212c05f6adf38969434f722c6533ba40d63f96e7be658e6a4e3d95ce90f4e3f8250b7a1a814cc11b1,8/30/2025 23:30,CLEAR,"DARKNESS, LIGHTED ROAD",NOT DIVIDED,DRY,23,W,KINZIE ST,23,7,8,41.88913061,-87.62900987,POINT (-87.629009866158 41.889130612422)
28008b8d9d745c33d8047c2486afb877893546ddec5f8a2b6ff87618cd19d84c7d1a91da2a48d7ac51667990359bce6b6e92a0f8205cd5962bde1007ee7efa27,8/30/2025 23:01,CLEAR,"DARKNESS, LIGHTED ROAD",FOUR WAY,DRY,35,S,MICHIGAN AVE,23,7,8,41.88122985,-87.62419525,POINT (-87.624195254355 41.881229851733)
c0a8ba3fe19cbed430ed4206dae59eec120df0d6aea1da6b200ca87eaaff27f291798bb5930b503f174cbc2cee30993d964d2c7a9abc51da94adbae126e808a8,8/30/2025 22:00,CLEAR,"DARKNESS, LIGHTED ROAD",DIVIDED - W/MEDIAN BARRIER,DRY,400,E,LOWER WACKER DR,22,7,8,41.88755113,-87.61735601,POINT (-87.617356008287 41.8875511317)
2f8746f4050803261ff4d3868a0fb77a2b6522ec1597591fb1d419de4aeaf9d5bd496afd0acbed85108a14dd28ac7f980163257a2d4743b979f1d8436686c24f,8/30/2025 20:30,CLEAR,"DARKNESS, LIGHTED ROAD",NOT DIVIDED,DRY,221,N,COLUMBUS DR,20,7,8,41.88631251,-87.62054177,POINT (-87.620541769872 41.886312514284)
5775b1de69ac24a23918540fe2d3657e5aabd94f637ed6336aef17c271cd6873f8adc5bd20b9818512d874bb049e874dc0323cb96274d90e19626e7f30ab8f8f,8/30/2025 18:01,CLEAR,DUSK,RAMP,DRY,323,E,WACKER DR,18,7,8,41.88755604,-87.61965509,POINT (-87.619655093285 41.887556040949)
bbedeb035cc79d9135450e40891fb392813219661179bf149d756f9c81af9d83d98868a20ed352551e636e42e051eb344bbbe660ae56d5adbecc356fd8183297,8/30/2025 17:40,CLEAR,DAYLIGHT,NOT DIVIDED,DRY,100,S,STATE ST,17,7,8,41.88071514,-87.62787608,POINT (-87.627876078416 41.880715137843)
c91c7f7d79948205d3a8da1d0f5adec33f3b7637f91d3b5b534e2529453f647211bb797c7204f64ed30743ff31fd9803b0bfa35614c943c2d2f06b7a4f6bbb71,8/30/2025 16:43,CLEAR,DAYLIGHT,ONE-WAY,UNKNOWN,200,E,OHIO ST,16,7,8,41.89267129,-87.6225722,POINT (-87.622572202481 41.892671290686)
bcddef22a1267f72dbfa55cbf99bc4f7cb7a3a7649a380b6db54b54d2f27d87b42572d97e629305b759e7c3cfe380425c6ce84f6342d3a11f12ba2d77e1008fa,8/30/2025 16:20,CLEAR,DAYLIGHT,NOT DIVIDED,DRY,110,W,RANDOLPH ST,16,7,8,41.88458558,-87.63129174,POINT (-87.631291744815 41.884585584315)
5a37a9b73f3b5755c5b178ff204f1837ec6d28c1b2ac490a3fab3ffaf2b5befdc37a5cef3596959867dc973b082cda08c24803deeef3a963f206c326423d75e8,8/30/2025 13:39,CLEAR,DAYLIGHT,DIVIDED - W/MEDIAN BARRIER,DRY,34,E,WACKER DR,13,7,8,41.88733124,-87.62691155,POINT (-87.626911548108 41.887331236205)
291c9241a64fd6a2ca324f961612b8f05340f6d2145cb818103a26f6fb0dccb361b3158004e6136cd45c1bb7394e5212d0f1a66a56a918e4ff0257c84ecc5f55,8/30/2025 13:00,CLEAR,DAYLIGHT,ONE-WAY,UNKNOWN,456,N,CLARK ST,13,7,8,41.89078197,-87.63125181,POINT (-87.631251814186 41.890781971197)
1346957e67c3e881fc80d01a1135f058aca77b339df2350958cc7cd7a1d6fee51553487edc07ac6f1914bd1dd88b3498d7321b0ab88233b2d8b0110d0c8ddaa9,8/30/2025 4:10,CLEAR,"DARKNESS, LIGHTED ROAD",FOUR WAY,DRY,10,W,KINZIE ST,4,7,8,41.88935677,-87.62843531,POINT (-87.628435313352 41.889356767141)