CRASH_RECORD_ID,CRASH_DATE,WEATHER_CONDITION,LIGHTING_CONDITION,TRAFFICWAY_TYPE,ROADWAY_SURFACE_COND,STREET_NO,STREET_DIRECTION,STREET_NAME,CRASH_HOUR,CRASH_DAY_OF_WEEK,CRASH_MONTH,LATITUDE,LONGITUDE,LOCATION
238662c463f9be9e7a7c52a3b5e125fabe1d304131f8e5fcf6e0ebb63ae31dfa063ac68cb038beb8839045c5efdcd24da73da2e5f697baf69076fff949d0bf5d,8/30/2025 1:00,CLEAR,"DARKNESS, LIGHTED ROAD",DIVIDED - W/MEDIAN (NOT RAISED),DRY,300,S,LAKE SHORE DR SB,1,7,8,41.87831013,-87.6175759,POINT (-87.617575903416 41.878310134581)
69dd06752d9a8dd1df4de4896a0c32652e2bd358bd2840bc8bae283f032eb8632031525dd379d74a6ad9ddafef18476b3c8c0f8cec218ba4e469bbf9ab7d7969,8/30/2025 0:45,CLEAR,"DARKNESS, LIGHTED ROAD",DIVIDED - W/MEDIAN (NOT RAISED),DRY,20,W,KINZIE ST,0,7,8,41.88935203,-87.62884885,POINT (-87.628848850273 41.889352033014)
70d11d5f8e1e63067f42de6e9ec280bfb379bf1a0a47edcbd85dfc7808adb630d9bc00e2205e48314aa2a81ab80a6da14a13616800733280122d2b42a1091375,8/30/2025 0:21,CLEAR,"DARKNESS, LIGHTED ROAD",DIVIDED - W/MEDIAN (NOT RAISED),DRY,613,N,STATE ST,0,7,8,41.89294484,-87.62796811,POINT (-87.627968110994 41.892944835147)
8b1e418fddf780423fa43e246f69b1ab7220ccf1e1806d4ac6930eff90916eafb68c208b4dbca12e51c92350caddc5ef9a00a2c9a24d4944e8add17cbaf6a313,8/30/2025 0:10,CLEAR,"DARKNESS, LIGHTED ROAD",FOUR WAY,DRY,198,W,WACKER DR,0,7,8,41.88704174,-87.63389094,POINT (-87.633890937092 41.887041742144)
099d3b47886c248e75bbcf5631a4182e101f8dfa15d2cd931115b14c93fd3a9307b0b9520cddbabb1c0701b0ab141736fd909910d4fe3997d6a95a6fafb91ca3,8/29/2025 22:00,UNKNOWN,UNKNOWN,PARKING LOT,DRY,322,E,ILLINOIS ST,22,6,8,41.89113317,-87.61916021,POINT (-87.619160207046 41.891133170855)
c301727313b2bd1b30a71c10fd1dad61a9d2f95cc120db7b0fcd8e4d97541bea5c7795d36f0b3c14d81550f010a47179eb6f0c29bc3735ab356bb77f80c43761,8/29/2025 19:37,CLEAR,"DARKNESS, LIGHTED ROAD",ONE-WAY,DRY,60,E,GRAND AVE,19,6,8,41.89181437,-87.62568526,POINT (-87.625685264584 41.891814365281)
7ff448a1919552bf8a74a6e3435e90935e127e650f48648fb652c36e4e9699b94cb7c2c0f6d3d393c5dba1808b1670cba60c6de537b973a4da3e462ff98d0771,8/29/2025 18:15,CLEAR,DAYLIGHT,NOT DIVIDED,DRY,48,N,WABASH AVE,18,6,8,41.88312456,-87.62637977,POINT (-87.62637976584 41.883124559892)
53002d47e2fdb1d73c13c955775a777de0fbb4f4d15ee801ebac31176b841af850688c65138827c570c8b15c82d8192a905e609afe8f8c69e6b5795aaf56e564,8/29/2025 16:30,CLEAR,DAYLIGHT,PARKING LOT,UNKNOWN,225,N,COLUMBUS DR,16,6,8,41.88637314,-87.62054303,POINT (-87.620543030168 41.886373138256)
140be6419f25eda6a1e1a5bdef0ec089e9a5722eb2e3f60222c40e15400d684fbb723b4d5336ae9ece58832521942fb929a921fca8f57f04549ec2e8b26cfb0d,8/29/2025 14:50,CLEAR,DAYLIGHT,NOT DIVIDED,DRY,502,N,LOWER MICHIGAN AVE,14,6,8,41.89104153,-87.62431086,POINT (-87.624310861674 41.89104153306)
e54532970137b7dd7ea08eea9e0f6844b276141e7335e05ef5c6803f084c7ade637d9e5bde3c74bea15d1692bc7522c1ee34910769ab44013c7c41cc011db82d,8/29/2025 11:30,CLEAR,DAYLIGHT,DIVIDED - W/MEDIAN (NOT RAISED),DRY,50,N,STATE ST,11,6,8,41.8831577,-87.62801553,POINT (-87.628015529251 41.883157700149)
d2f98fefc38e7c2534c2e2c1517482013ef4ea070d4ec7af284ea97b988913e07551e4900cb413b81f266c50437dba5f21cb197af1ad3c6d294ce67e22a07e58,8/29/2025 7:15,UNKNOWN,UNKNOWN,DIVIDED - W/MEDIAN (NOT RAISED),UNKNOWN,290,S,LAKE SHORE DR NB,7,6,8,41.87843745,-87.61757918,POINT (-87.6175791807 41.878437452526)
e5a4031284c5c2707b73ce2027396f35e245765698fbbbafc679a819149b6b6cf93643038581bfd2467709a126f51d7584473b708332b870958f811b89dbc729,8/29/2025 7:15,CLEAR,DAYLIGHT,NOT DIVIDED,DRY,318,W,LAKE ST,7,6,8,41.88584504,-87.63594704,POINT (-87.635947038221 41.885845041909)
57ea24c05be95254541d2d39c478f92074a72a38696e0a8aa1fcc0c9ba25c6dacaffb1031cb6b7b58cce072210f1cb7905a34d8897bd3259cf47f5211d1d8276,8/28/2025 23:15,UNKNOWN,"DARKNESS, LIGHTED ROAD",NOT DIVIDED,UNKNOWN,120,N,COLUMBUS DR,23,5,8,41.8838193,-87.62077091,POINT (-87.620770909988 41.883819296748)
ca194fdc347953024e0950c863b123607cd20382c27460d2e621f3d309de02f05053cc546b3ab5bdb5d79a10c61ee08515073fd0877fefb5c3ebfe152caf1bc5,8/28/2025 17:43,CLEAR,DAYLIGHT,NOT DIVIDED,DRY,320,W,WACKER DR,17,5,8,41.88648676,-87.6362445,POINT (-87.636244501938 41.886486756535)
7f7292e7749a208efa953a43ff35123db25fa3e7771e179cfceba698d2e9c1cb7629f6d73eca2110825d4859086320049f56659df7168e9699093649be907f20,8/28/2025 16:04,CLEAR,DAYLIGHT,NOT DIVIDED,DRY,338,N,LOWER COLUMBUS DR,16,5,8,41.88775442,-87.62086865,POINT (-87.620868649612 41.887754416165)
03c560775bc23c2aa915a457e8ee585e9cd731ec94b09c50a2fc1fd060b84a5c76c910cb0f79abc900836710d50215701a2cbceaf8c42afa6f8ac29763e47d4d,8/28/2025 14:45,CLEAR,DAYLIGHT,PARKING LOT,UNKNOWN,50,E,OHIO ST,14,5,8,41.89261824,-87.62616035,POINT (-87.626160348476 41.892618240004)
3fce978c9b5d334e5eaeb556cb1a3314a375eb2aa156da0b94f0295c561f1f7a62a07b4aad1c7f5df981534c48954a411a54461441c52592a5aa08c702706346,8/28/2025 13:58,CLEAR,DAYLIGHT,NOT DIVIDED,DRY,100,S,CLARK ST,13,5,8,41.88066287,-87.63099923,POINT (-87.630999232701 41.880662867542)
a3e98b0af130f3d0b3a0d2566d1b707812c0ad4e0d999cac4e6821a75266eb668395d227878f79150549379f1b8081cc8762ab4d0adc13bfcbb8a0834d3bc5f1,8/28/2025 13:30,UNKNOWN,UNKNOWN,NOT DIVIDED,UNKNOWN,301,E,NORTH WATER ST,13,5,8,41.88945828,-87.62036838,POINT (-87.620368376429 41.889458280109)
cd6d579f1fa22dbfccf9fa56fc8806b1d4e433dd3ec8cd7666dbe68772ff70d729aa1134cf73500adb095a3720d7e109ef8ea0cfc0cd20fca3147978f506681e,8/28/2025 12:15,CLEAR,DAYLIGHT,ONE-WAY,UNKNOWN,44,E,GRAND AVE,12,5,8,41.89180016,-87.62633187,POINT (-87.626331866183 41.891800155408)
a8b4705fd25e3ff9d24c298d59bf4b372065bc993203b76c32e00e48aabd79fb6b444f1336102b2f94a336fde3b2d30bff5f4f741aeb5d9e46bea1452c10cd36,8/28/2025 9:45,UNKNOWN,UNKNOWN,NOT DIVIDED,UNKNOWN,150,N,STATE ST,9,5,8,41.88452056,-87.62805828,POINT (-87.628058282128 41.8845205564)
d5a3e3df7ad3ef3f0259663f91691a0092cb97b0b340812a39a79679f3dfaced20b6458eb665d86568deaae01b792c465c565c891df6b1bd21e26e8d55cd8093,8/28/2025 7:19,RAIN,"DARKNESS, LIGHTED ROAD",FOUR WAY,WET,406,N,LOWER MICHIGAN AVE,7,5,8,41.88979531,-87.62431922,POINT (-87.62431921662 41.889795307747)
f6ca169c5a8dfde53ca36897c0a056af377b88749faef00c7063182beebb1024b81cb7e182be915673a84e77e6f2ffa94ede970cea512c2cf16d107bdb1f7e07,8/28/2025 6:25,CLOUDY/OVERCAST,DAYLIGHT,FOUR WAY,WET,134,W,ILLINOIS ST,6,5,8,41.89091294,-87.63248786,POINT (-87.632487864005 41.8909129356)
d312a84b3764231c0cd4efd296a63a3e7313cc06a76e3f28e43d0a94adf9001d93d4bf4335aa6a28af8209b0c35a82680d70bbeb8fb6779bc6d198a2b78de0c6,8/28/2025 1:23,CLEAR,"DARKNESS, LIGHTED ROAD",FOUR WAY,DRY,430,N,LA SALLE DR,1,5,8,41.89004243,-87.63269468,POINT (-87.632694681299 41.890042429682)
292efaa1e4d5095147b028240ad5ecd7766fb51c48131e5a62d26bf186e61ac46b28c21a8ebd3e819cb5ece59a60fdff0fec5067852d213527d6cdaace3528a6,8/27/2025 23:33,CLEAR,"DARKNESS, LIGHTED ROAD",T-INTERSECTION,DRY,300,S,DEARBORN ST,23,4,8,41.87810112,-87.62944389,POINT (-87.629443885475 41.878101118568)
a6c20373adcb84932733709af791475bd4365dac35450ba3ea3ff697e805eb9456b0b1503c8965ee85d9a0683e07c3fab430661efb270e36ccbf27de63a41e5f,8/27/2025 23:00,CLEAR,"DARKNESS, LIGHTED ROAD",NOT DIVIDED,DRY,111,W,ADAMS ST,23,4,8,41.87930128,-87.63116779,POINT (-87.631167792781 41.879301284703)
a399ace68f131fbbb92a1d2c43ff5ede54ce16a6d8cd83e1e7a85b024f485256280f80b66e0b8880ab5e85db3e899d57299d92885f5043d662383ed9ecf558a8,8/27/2025 21:45,CLEAR,"DARKNESS, LIGHTED ROAD",ONE-WAY,DRY,200,N,CLARK ST,21,4,8,41.88601364,-87.63113018,POINT (-87.631130181818 41.886013640229)
aeaf22ce9419a4bb3fcb3e077f00ef69d16c5f8d1ffae813a89cc910cd84841c8e3e8758d4b1c3f1303d91bba57d91db088dcf8c3c3034311136d80e36d6017c,8/27/2025 18:00,CLEAR,DAYLIGHT,NOT DIVIDED,DRY,141,W,JACKSON BLVD,18,4,8,41.87802566,-87.63206229,POINT (-87.632062286267 41.878025655261)
69dd49d025bc26d3c52994e20b6a7ad86a68c23e0a3af4eb8e085205c2c9e6f80e1c6218d8d45b9540a120486a1072d08d0a0035c6b64e01b46846272c85b3f4,8/27/2025 17:43,CLEAR,DAYLIGHT,DIVIDED - W/MEDIAN (NOT RAISED),DRY,101,N,STATE ST,17,4,8,41.88325137,-87.62772344,POINT (-87.627723435953 41.88325136575)
20b1fbd1c524849c6dbd5f0b0a816b01e1442f13dbdf09d1a48c207dd6d02f620d5b01b1a670a49b1060c346b13395452fc291200839231b741367b19ad9eb6f,8/27/2025 12:59,CLEAR,DAYLIGHT,DIVIDED - W/MEDIAN BARRIER,DRY,2,N,MICHIGAN AVE,12,4,8,41.88216417,-87.62451427,POINT (-87.624514273622 41.88216416733)
ed3610894c80ad7889181dc96e01fb5464c370c9c758cbcbff5ae6a734d88eee072986feafa5d342ee83b01f206efe71f3089a199744eedc1068c18ba35f6725,8/27/2025 7:50,CLEAR,DAYLIGHT,FOUR WAY,DRY,99,E,WASHINGTON ST,7,4,8,41.88312052,-87.62444426,POINT (-87.624444255441 41.88312051574)
4ec7271cabbc6de0c90cc2d4c49ccc54c96dbc728315d9f8aa4b51f7b76dc055c1a06a0a70d31a1bf18d32024bd017cf64a90419caa17ac2cab7cb09e8449972,8/26/2025 17:50,CLEAR,DAYLIGHT,FOUR WAY,DRY,498,S,MICHIGAN AVE,17,3,8,41.87578624,-87.62440868,POINT (-87.624408678665 41.875786239706)
4935b33c66ca54d8efe5cc8993c25beccc039fc5cf1f9934d3b41df79ca0f7ae79a2bcc30e77a86818ece05a95513f52b65de43f6e462d6c6d636f5d80175f5f,8/26/2025 17:40,CLEAR,DAYLIGHT,UNKNOWN,UNKNOWN,333,W,WACKER DR,17,3,8,41.88602541,-87.6362977,POINT (-87.63629770323 41.886025412541)
9a8ba28ba95274ae9521201e7ce21077dfa7810989c4dfdb139177b494e3aa6c9f2f64210c513dcb3df8306b7d452de492c3530fe165e07da6c3e5163834d7de,8/26/2025 16:57,CLEAR,DAYLIGHT,NOT DIVIDED,UNKNOWN,80,E,LAKE ST,16,3,8,41.88584721,-87.62509486,POINT (-87.625094857363 41.885847208705)
2f122a0c618b95ade52c1a24ca3faea5546ef74ad15bd9e4772a54726781f78fbce1d130a46a533d51a8b4ee16f2bbaaf2e7cc507e2268eb90b358e4da9917af,8/26/2025 15:30,CLEAR,DAYLIGHT,ALLEY,UNKNOWN,151,N,STATE ST,15,3,8,41.88452436,-87.62776455,POINT (-87.627764548957 41.884524361763)
e0ccc6500072e5005dcae6acdcb2c3687152717ff5e37125765ab336aa40fbc6069afc114539fa30e70227d1311c87393acd4201de145a32ff1768f6887f398c,8/26/2025 14:49,CLEAR,DAYLIGHT,OTHER,DRY,475,E,LOWER WACKER DR,14,3,8,41.88727415,-87.61625137,POINT (-87.616251368996 41.887274147538)
1ed839e785ae5623118b8fef940899be770d7129dd5c4b93dc42b97ddb2ac374e0c4e2b94ac0a877002b51a85d3c86d567ebbe569e9b4c89d1ac0ca1573553c3,8/26/2025 13:35,CLEAR,DAYLIGHT,ALLEY,DRY,151,N,STATE ST,13,3,8,41.88452436,-87.62776455,POINT (-87.627764548957 41.884524361763)
8340edbbc0e23a91f9ec8e524fbbc6a645420a7ec991f92b721e1a3802d24683c2c8294812292a1a9dd308739f997f210c086b8ae4c026e87d530e72f972cc36,8/26/2025 12:20,CLEAR,DAYLIGHT,FOUR WAY,DRY,500,S,CONGRESS PLAZA DR,12,3,8,41.87566868,-87.62341082,POINT (-87.623410818474 41.875668676196)
fe85b2a0e970820ae2ad8cfe019eed3a36530b8a0278732bb794e06405197c1936695086b60a2acf8390b38589027f5beeb2d8d4b5a197908a5c69eeee15fb1a,8/26/2025 8:15,CLEAR,DAYLIGHT,ONE-WAY,DRY,227,W,MONROE ST,8,3,8,41.88053925,-87.63459246,POINT (-87.634592463514 41.88053924995)
00b96ec0e2e4dc5baf66ec6b61afcd6e07ae72a4413ba4d7e2a44628354f81984913e80fa0371e70b60b18aeb9260ab3a069e2f3e965be8d23ad10c1f12a4a1e,8/26/2025 7:40,CLEAR,DAYLIGHT,NOT DIVIDED,DRY,130,E,RANDOLPH ST,7,3,8,41.88458837,-87.62327256,POINT (-87.623272561055 41.884588371969)
66531dda447715842b69c3ac6d221548babf6885ec8d40e0c6288d164f5e4dda5e33166f6db015d09d0f06555067c129cf0e5d4aff2fe658572df88af3435dc2,8/26/2025 7:40,CLEAR,DAYLIGHT,DIVIDED - W/MEDIAN BARRIER,DRY,100,E,RANDOLPH ST,7,3,8,41.88457722,-87.62440363,POINT (-87.62440363391 41.884577219487)
51f73c52562b7c80ceb763c4d3bca086a48beb7032ac3b1768c1827c2d81190b8aabf58f3533781e16d88d08eaae66f7e2ee2085b992e2394c3c6bf6e4d453b6,8/26/2025 6:50,CLEAR,DAYLIGHT,ONE-WAY,DRY,111,E,OHIO ST,6,3,8,41.8924287,-87.62478652,POINT (-87.624786521509 41.892428703591)
bc07a84b80dfce780bd5ba2bbe4f6ce5f915bfa225acc0c17747a4425397ca08b1d1f5105de8d17dffa5836dc5eab72a4a357010b4ed994438fc05e4f798f8e2,8/26/2025 4:12,CLEAR,DUSK,NOT DIVIDED,DRY,301,S,COLUMBUS DR,4,3,8,41.87826992,-87.62052861,POINT (-87.620528612011 41.87826991907)
c0ebe2c235ab9dcb400298c2c207c09ea71bcd89c9bce3ba6a4dc1b0d11fbfe2c5797e3219062253e0cb7cbda598545cc42b8ee7c74d9a5bf82643885a404503,8/26/2025 1:06,CLEAR,"DARKNESS, LIGHTED ROAD",FOUR WAY,DRY,498,N,STATE ST,1,3,8,41.89082334,-87.62818359,POINT (-87.628183594381 41.890823339552)
dde25d560f87fd7f8ffd11a9232ed04e602e6529053ef293afc54d4d614614e4302eb5a831717cff6e0608fb37851f7f124c5aefe543ab67ca018c6391574dcf,8/25/2025 20:14,CLEAR,DARKNESS,NOT DIVIDED,DRY,393,E,MONROE DR,20,2,8,41.88080587,-87.61765082,POINT (-87.617650816317 41.880805868219)
bd0bc63ba950abecb1188afbfc38784d37b54ae13d24ba8f8bf2f093d0381aea9d6c1571ddee2612c5605b17bf20372417f2aad2ca85032ab5bccacac462d8b6,8/25/2025 18:10,CLEAR,DAYLIGHT,DIVIDED - W/MEDIAN BARRIER,DRY,300,N,MICHIGAN AVE,18,2,8,41.8868758,-87.62468519,POINT (-87.624685186707 41.886875795392)
8068f48d2f7a13a0b16cd2d68d1823cc274ed73be1e0c3b7a5f97b77967492d8d6c755e8df1c4f2f3ea8f18aa3fd43c42d71833dc872d87cbcabb759ccc24062,8/25/2025 17:10,CLEAR,DAYLIGHT,PARKING LOT,DRY,412,S,DEARBORN ST,17,2,8,41.87655845,-87.62940134,POINT (-87.629401340801 41.876558452452)
268ec85c8901c60f82045fc2de294f314eb99dc7fec0205b0ba8cfa5a12050ec66e5a9f51fb1381030059339c84e2192af2472bde57f05fe7d2d1c58a378ad4f,8/25/2025 16:47,CLEAR,DAYLIGHT,NOT DIVIDED,DRY,363,S,MICHIGAN AVE,16,2,8,41.87706984,-87.6241455,POINT (-87.624145495633 41.87706983621)
3c3a62cc97c3d0b03c80ae9cdb7ac7f6ded1f488f0e5685eb4c268aaa656331782656ceb586b6367264d36e64e2562f5c910edd1e656b71b85c831ff6fd7548d,8/25/2025 16:21,CLEAR,DAYLIGHT,FOUR WAY,DRY,201,S,DEARBORN ST,16,2,8,41.87937584,-87.6292039,POINT (-87.629203901922 41.879375838435)
790b3e0a89d378b380c9046d8bcd6fc9edee4e8fa0698c10b5f04aa02e91a37a6a4ca007581544f3c9e120df4bd90716cb7d273d3ea8a094449ba6d0d3aa0851,8/25/2025 15:41,CLEAR,DAYLIGHT,DIVIDED - W/MEDIAN (NOT RAISED),DRY,100,W,WASHINGTON ST,15,2,8,41.88332051,-87.63098191,POINT (-87.630981905164 41.88332051362)
710c886dc82eae5794e8de48f09cae3b9a0950e0ca6a3b93a2835c9b5a7fbd4a5e41b80128a6cd1a3a8d43def507942810dc9d3334b1c2cbc6cebb767e923337,8/25/2025 15:30,CLEAR,DAYLIGHT,ONE-WAY,DRY,201,N,WESTSHORE DR,15,2,8,41.88617367,-87.61610866,POINT (-87.6161086631 41.886173670412)
fdb8a54fc450d4c3c756255422db6c375cea29b6914d0163b1806b12f5ccdc2122b84687ce139e478dd9cf10e0ebfc0bb59c3b46fab096d1f60cc3a97b9137de,8/25/2025 13:20,CLOUDY/OVERCAST,DAYLIGHT,NOT DIVIDED,UNKNOWN,120,E,GRAND AVE,13,2,8,41.89184069,-87.62425342,POINT (-87.624253422208 41.891840692154)
1640bc289b2fb577db38c2c96eb381478219aa04c73b0a4ca5af954a8291969167a672fa3ccd5e362785331e95418b42d03ca95259db0b9687460784be64a404,8/25/2025 11:41,CLOUDY/OVERCAST,DAYLIGHT,OTHER,DRY,400,E,RANDOLPH ST,11,2,8,41.88464637,-87.6172485,POINT (-87.617248496239 41.884646365435)
0d8f76e89a00ec6fa99b777709024e731b5c39204ac354815e9b91618bf4b8652764dac958e58e67639acbbe6765cfdec374ad7217a9c6755c260fd0ab411d98,8/25/2025 10:16,CLEAR,DAYLIGHT,NOT DIVIDED,DRY,327,S,PLYMOUTH CT,10,2,8,41.87743774,-87.62858234,POINT (-87.628582340224 41.877437739688)
4115d2bcf8285eac09d7231b0afc374a481f1540ad9fe62d6d8fd5dca5358c8005e7507b7151fa094fc907fa8b1eb82f8df66be840a4a4ed1f096e981ad737af,8/25/2025 9:00,CLEAR,DAYLIGHT,NOT DIVIDED,DRY,352,S,STATE ST,9,2,8,41.87698941,-87.62780071,POINT (-87.627800711839 41.87698940753)
b660ff245e83ef8b03920b1b7c45a4dc15a242377e2fd233fb82517cd5bc697d3b06648b5ea29acc4c3e95f24eaecc337338bb1e061c3898d9ad8a1745f3f6d4,8/25/2025 8:56,CLEAR,DAYLIGHT,ONE-WAY,DRY,313,W,LAKE ST,8,2,8,41.88562745,-87.63578698,POINT (-87.635786983858 41.885627452995)
c2f5eeaf656532b951ed540db931435ea35ed69fcd5e4f302ba302f55f6ca6e01bb2ccd3ac14eaef31eb7301a3d9cc52cb8bfbe8df1f9bcaa8ee86a1828daaf0,8/25/2025 8:01,CLEAR,DAYLIGHT,T-INTERSECTION,DRY,230,S,LA SALLE ST,8,2,8,41.87853829,-87.63241426,POINT (-87.632414261188 41.878538291685)
0039a1cd0a96350afa38efeffc665308f962584389080c17f64a7039314f41c6ddcfac3bc081fc7b5705ddb3e5f70392bca92e906913e0c690fb8e3b3c73ee33,8/25/2025 0:19,CLEAR,DARKNESS,ONE-WAY,DRY,134,S,WABASH AVE,0,2,8,41.87994706,-87.62629031,POINT (-87.626290310204 41.879947059909)
227397a3365ada3bbdf6638d372b86cf0e9a84913d7ea2b46fb1fe4ec2bbd3ed5627d9ebc89a418f285a024d7743f813f412fb61371ecf3af20255a26233a2ab,8/24/2025 21:30,CLEAR,"DARKNESS, LIGHTED ROAD",DIVIDED - W/MEDIAN BARRIER,DRY,535,N,MICHIGAN AVE,21,1,8,41.89189708,-87.62401629,POINT (-87.624016288559 41.891897075755)
153a4de0d3e2793dec6ecf80920c40f31e20b9094eebd3d3244f512889138da5ca50d035e77dd3b2a4a5a6c7c125fb4e5e25d3d8f41c69f05e12066785cf96cf,8/24/2025 19:00,CLEAR,DUSK,DIVIDED - W/MEDIAN BARRIER,DRY,500,S,MICHIGAN AVE,19,1,8,41.87565854,-87.62440494,POINT (-87.624404940923 41.87565854302)
33ff1503f6bea430202bfd42f36fc47121eec004b543d26c198dcb660ca7999202e442742d12207d33f255f8feaaafffc901abca7dd5796180c6adf45552ea01,8/24/2025 18:14,CLEAR,DAYLIGHT,NOT DIVIDED,DRY,100,S,LAKE SHORE DR SB,18,1,8,41.88085605,-87.61763589,POINT (-87.617635891755 41.880856047671)
637854a60bd99b1008745e67bed18553b47d547058743f62494ff0a10d23f00097dd0621c5c2df8be8c97ed53b140d8cfbffe9a87b78df54510139cef63e5483,8/24/2025 18:10,CLEAR,"DARKNESS, LIGHTED ROAD",ONE-WAY,DRY,151,W,ADAMS ST,18,1,8,41.87929007,-87.63236273,POINT (-87.6323627253 41.879290073296)
dc408d5ccf2736128fce6cda0f0b5f8e6d55fdc11b1ecaa25719aca6faa09f10b61826b05f4b1675bc14908a9a41a983396d8abdb395882ef55c10700df12c35,8/24/2025 17:10,CLEAR,DAYLIGHT,ONE-WAY,DRY,20,E,ADAMS ST,17,1,8,41.87960813,-87.62699911,POINT (-87.626999112973 41.879608125405)
c62d3786b4a30edf0c926fe9de860a04a99ef80fd5e659cf15a18e4cf0e32ba96c1a8c9bb4bfe97e882fb31560f41680d2abff229058792f404e72aeeb365450,8/24/2025 16:50,CLEAR,DAYLIGHT,DIVIDED - W/MEDIAN BARRIER,DRY,435,N,MICHIGAN AVE,16,1,8,41.89042416,-87.62396548,POINT (-87.623965477756 41.890424159772)
4ab7d11a37304a72092f522ddba15f340f704a52191ec4530dfb4e64003497afd58eec317e719a65c46cf31fdc1403e067230b4ebed6989ab9632c244930a3c0,8/24/2025 16:30,UNKNOWN,UNKNOWN,NOT DIVIDED,UNKNOWN,550,N,STATE ST,16,1,8,41.89242137,-87.62823487,POINT (-87.628234871137 41.892421366131)
0a65369636faa3597e62cf88c145b19166866a42949d5f4c1b892d619eb5b61d59e8b391c9d9f1e2a8cb3b60f943154729121454c84364003c1fbc6ede8e6007,8/24/2025 13:05,UNKNOWN,DAYLIGHT,DIVIDED - W/MEDIAN (NOT RAISED),UNKNOWN,259,E,JACKSON DR,13,1,8,41.87822059,-87.62076223,POINT (-87.620762232986 41.878220589803)
b3b2209ef270e0b71a316b2eccc0cb4be1b64ec94878294cc8af49927a644ce46876794d18e35de50de34b4b413d86d17f7579f9dc32bcd3d111dfd533c17f64,8/24/2025 13:00,CLEAR,DAYLIGHT,OTHER,DRY,300,E,RANDOLPH SUB ST,13,1,8,41.88467174,-87.62054767,POINT (-87.620547670709 41.884671734998)
80fa9ab576baade681183864603ee74906fd4c3e557bc751544851333c78b39db7020fbb3b72119c05fcafc51a6f7c95db27ec3babbb961bd2fb89586df107b2,8/24/2025 12:26,CLEAR,DAYLIGHT,NOT DIVIDED,UNKNOWN,59,W,HUBBARD ST,12,1,8,41.8899215,-87.63029754,POINT (-87.630297536513 41.889921495112)
337bd9a0d14d661f88c77d57dab4784f86865c6bb602053bb03faf6884535ed55c27ec24368c4ad1fafbebe36f23df926a0a3e4926ae1bb2598557d6853b288d,8/24/2025 11:00,CLEAR,DAYLIGHT,FOUR WAY,DRY,108,N,STATE ST,11,1,8,41.88342264,-87.62802165,POINT (-87.628021652075 41.883422637015)
481c5d2cd7a95525ac675af0d2a2e9028a93849b361ee8f45d8904c867eeeceb9a5f315611f868444061cb0bb57f8eb0c32dcd2c779034bfcd29f2650e9e0730,8/24/2025 7:02,CLEAR,DAYLIGHT,NOT DIVIDED,DRY,35,N,STATE ST,7,1,8,41.88285248,-87.62771366,POINT (-87.627713657955 41.882852478279)
e78f631bd5df9f180e1b42cd1c8ad5417189510228343973236813e848ebe2a82106c98064e5f23d01e5bc322b34300640017ba99350dd4ecea0c0371ef90d64,8/24/2025 0:10,UNKNOWN,DARKNESS,NOT DIVIDED,UNKNOWN,420,N,CLARK ST,0,1,8,41.88997769,-87.63122708,POINT (-87.631227083419 41.88997768697)
a06628cc1fb316c408c56e11f8a9d477ac952dd896ede3017e3d65714c368abffbae2d2c01a2e7908d4b646c592170eb96b357db23a390a27f4aabd7745b9c81,8/23/2025 23:00,CLEAR,"DARKNESS, LIGHTED ROAD",FOUR WAY,DRY,626,N,MICHIGAN AVE,23,7,8,41.89337221,-87.62436142,POINT (-87.624361418497 41.893372214284)
1e44f4862d8319038cfd9c841f0177dd33cbe5b055323de81ae871e30642d43629ad632109654832c48704cc4f1370b5b5b4872c63b084377b4b362a4ba80da5,8/23/2025 22:22,CLEAR,"DARKNESS, LIGHTED ROAD",FOUR WAY,DRY,43,E,IDA B WELLS DR,22,7,8,41.87557993,-87.62593588,POINT (-87.625935878816 41.875579925497)
d3d96a28199dba20bc61af0021ef706d0074095217eac82f7bc50fc34cb182c6b25010d9447369da3833fd84dd39d398385730a36ae5aaca47d218f8852f8bb1,8/23/2025 20:00,CLEAR,"DARKNESS, LIGHTED ROAD",FOUR WAY,DRY,500,N,COLUMBUS DR,20,7,8,41.89104457,-87.62037184,POINT (-87.620371839074 41.891044569124)
45e5c4eae30c062a9c1c7947449568d7adc5164ee476d01dfd95037c2f0674736d304b5798aeee141e0cb4718b7fe7edd8210635e4be9017acd09b9e23f63014,8/23/2025 19:53,CLEAR,DARKNESS,NOT DIVIDED,DRY,509,N,COLUMBUS DR,19,7,8,41.89133293,-87.62007988,POINT (-87.620079877845 41.891332929058)
025462f35a9f5c8f84caa0836041a4227c630db7119ef148d368bc1d450bdd889caef40d86b4b4751739a3c77b228aaecfad13ea85c6ba14cef655a17e562d96,8/23/2025 16:54,CLEAR,DAYLIGHT,DIVIDED - W/MEDIAN BARRIER,DRY,398,S,MICHIGAN AVE,16,7,8,41.87706678,-87.62443921,POINT (-87.624439210263 41.877066783143)