CRASH_RECORD_ID,CRASH_DATE,WEATHER_CONDITION,LIGHTING_CONDITION,TRAFFICWAY_TYPE,ROADWAY_SURFACE_COND,STREET_NO,STREET_DIRECTION,STREET_NAME,CRASH_HOUR,CRASH_DAY_OF_WEEK,CRASH_MONTH,LATITUDE,LONGITUDE,LOCATION
ad7b0cae0801df02a7f4a0bf75688b8a53afce5f6f4d7b3df500035bcfafa27688579ad1a5d99fb0f23aa70d631a52d93e0935196d6b9267139fb0e3fc718507,8/6/2025 9:00,CLEAR,DAYLIGHT,NOT DIVIDED,DRY,29,S,LA SALLE ST,9,4,8,41.88115309,-87.6321957,POINT (-87.632195702862 41.881153093806)
55c8ef83bb0599ae84e04e76bbd04f373cf49ecd6332d7315f94a347e112d63cc5e8eeaab92688b5fb46607068f0d96b2bfe7183135ad89876b967f165e88696,8/5/2025 20:30,CLEAR,"DARKNESS, LIGHTED ROAD",PARKING LOT,DRY,113,W,KINZIE ST,20,3,8,41.88909369,-87.63165737,POINT (-87.63165737183 41.889093691147)
b6e8245165849e33e01b0f919c0bad07b60f5c2adb4ba7e0dda18af091eaee28f6df01f51ab62d202791610d8758e1ba4dff03936709118b992c6ffdb97c4abb,8/5/2025 18:05,CLEAR,DAYLIGHT,NOT DIVIDED,DRY,400,N,LA SALLE DR,18,3,8,41.88922537,-87.63267412,POINT (-87.632674114985 41.88922537162)
a26c5f25dbbbbb597f12ef99db8790166895dbf213ba2d17e2561748009bcbbb82560ed574a1f1bade3f79f102f7e8e13b30022ee6f830ef4930f3fcc247bd11,8/5/2025 17:07,CLEAR,DAYLIGHT,ONE-WAY,DRY,166,W,MADISON ST,17,3,8,41.88206406,-87.63287495,POINT (-87.63287495162 41.882064061573)
8d2b68f95625aa6db23e720330f311f7a39c21f4bddb4a365e546ce4914c0f97e7cb2597ee68e7857dc20d01b1ba04d1afac4e98b12da076413eb4bd054e8efb,8/5/2025 16:25,CLEAR,DAYLIGHT,NOT DIVIDED,DRY,303,E,WACKER DR,16,3,8,41.88770538,-87.62058814,POINT (-87.620588143928 41.887705379378)
bcda5aeff8749042034aa0862a5cddc554ece5474ff50ed7d972afc8bf4038579d34f2ab2b04ae6f15544184bed71ea29cf1e0a76d4efe3b8ae84ad715b7323f,8/5/2025 16:15,CLEAR,DAYLIGHT,NOT DIVIDED,DRY,298,N,MICHIGAN AVE,16,3,8,41.88675392,-87.62468205,POINT (-87.624682047135 41.886753920482)
307e0727dc3217134e11e91a5501504920c3ff5e9b7f5cf7665c24e160492775adc36648eb4ccf1d9736c514aa7141895b17415eb4ae9eccf1a677ed1fd05070,8/5/2025 15:00,CLEAR,DAYLIGHT,PARKING LOT,DRY,25,N,MICHIGAN AVE,15,3,8,41.8826705,-87.62424154,POINT (-87.624241538569 41.882670496958)
cb57a01b36d46ebdb5cdf1c1f95a993d96888466e20317c3732086d4a1a2467efc3d95606805aade7c9f80b6132ca457478c0e63d11905a79b994d2584f6469d,8/5/2025 15:00,UNKNOWN,UNKNOWN,UNKNOWN,UNKNOWN,102,N,WABASH AVE,15,3,8,41.88333593,-87.62637275,POINT (-87.626372754911 41.883335928868)
54df628dae63a421f348458fb2569e79df973687919de0376cf24dd00579315936ba400abac216a8f4f1e7288408ad0793f75cad7e33039696fc4eb7421f1213,8/5/2025 0:10,CLEAR,"DARKNESS, LIGHTED ROAD",OTHER,DRY,209,W,LOWER WACKER DR,0,3,8,41.88668035,-87.63429414,POINT (-87.634294135673 41.886680354524)
9d4a17edeb877bb45ef85c31c57d6f00bd3c2444e04d916778c02978a54fccb3817f77c760e2af4bdfe92b04f87d5cc6c4ba60fe6db00100064c60ee7a2665f9,8/4/2025 21:45,CLEAR,"DARKNESS, LIGHTED ROAD",ONE-WAY,DRY,300,E,OHIO ST,21,2,8,41.89271058,-87.62013066,POINT (-87.620130658406 41.892710584594)
f1057d2372bc710772d0e1ed6ddf7d1550726c6ee395841b939e9c8f2d436d0136c977a39941cabc712b7842b6b1f24c31036e81e1710b95b431357faf620b39,8/4/2025 21:40,CLEAR,"DARKNESS, LIGHTED ROAD",FOUR WAY,DRY,526,N,DEARBORN ST,21,2,8,41.89160128,-87.62979671,POINT (-87.629796705231 41.891601284754)
92ff9689ff7e6bf299dbc0fb7b7e53161a20b14ccd64c492b8e50fb8b0eb099ff646bb64b5af2cd6317cde4217a7c752b1c7425ee0904c57ef0553baa8ab937a,8/4/2025 16:48,CLEAR,DAYLIGHT,ONE-WAY,DRY,7,W,MADISON ST,16,2,8,41.88190631,-87.62809668,POINT (-87.628096675208 41.881906312234)
95c5c4d22d917e50655d2beda79f7e8855102533edee55bb498c21715df3e17333afa59817a2e0de3821ba7923f36eb6bbf251a5bde4e196c9b9e2738f75d0ea,8/4/2025 15:30,CLEAR,DAYLIGHT,NOT DIVIDED,DRY,33,E,IDA B WELLS DR,15,2,8,41.87557316,-87.62637611,POINT (-87.626376111661 41.875573160461)
f6abaabda2c14f7d1869e393b40af9b15f3a284dd47e01f05762b99901bf73ecee85f03f664634c1fce686d7f67cd160185f8c5a230faf9cf5a80b2d5929c457,8/4/2025 13:10,CLEAR,DAYLIGHT,ONE-WAY,UNKNOWN,25,E,OHIO ST,13,2,8,41.89237877,-87.62698328,POINT (-87.626983277027 41.892378774151)
51aa7ac87e189cfd8a45273468387613ebfe3099d8e82b58a026f54417c2043e98dd439e25219c2deda550d0884c647904c21fe605757793a63c943a998a3891,8/4/2025 12:00,CLEAR,DAYLIGHT,DIVIDED - W/MEDIAN BARRIER,DRY,301,S,LAKE SHORE DR NB,12,2,8,41.87831701,-87.61705213,POINT (-87.617052125371 41.878317010667)
b8dba1f53b295643f9fe4ca3a214617d2c6bc0701d0bc77bef14067cbba3a1e504b71a3e9a3475c063b337aba6f2be0331c7fe5a9cc62c369889c6ea188c3c99,8/4/2025 11:50,CLEAR,DAYLIGHT,FOUR WAY,DRY,31,E,RANDOLPH ST,11,2,8,41.88438467,-87.62675822,POINT (-87.626758223377 41.88438467021)
65da273759706c81764dc28f3bef384918bceb4bb544758a81e3bcbc2e1861594349fe5070aca21cfc22b23cfd80f3b8f0e855ce64a62828ad58e8119fbe8951,8/4/2025 10:38,CLEAR,DAYLIGHT,NOT DIVIDED,DRY,98,S,STATE ST,10,2,8,41.88081262,-87.62787053,POINT (-87.627870529942 41.880812615283)
f47b7b84eb3535baac2b2dcfbc2e3afe29870459f904d5bc33f67b635d50c3e087399a619fa030217d6e268d201cce9036f818adf7197e9faa66c367ca20cfbf,8/4/2025 10:15,CLEAR,DAYLIGHT,PARKING LOT,UNKNOWN,181,N,CLARK ST,10,2,8,41.8852538,-87.63081561,POINT (-87.630815614115 41.885253798084)
7a6197a531ccc969d8cd828fe2010a6d22c136246ad53f67adf5d097db7127816f00b67563dcf6d8c69818a5dca3dad06c78f49f89f372b8c567069567a15f25,8/4/2025 3:49,CLEAR,"DARKNESS, LIGHTED ROAD",DIVIDED - W/MEDIAN (NOT RAISED),DRY,41,E,WACKER DR,3,2,8,41.88692153,-87.62636576,POINT (-87.626365761146 41.886921527731)
64d61bd3ae64896149d8b56263e51225ca7717079f1dc213204a92de8878923984d5128bc5bf1436a9ee22401cd0b71f2128981edcc0b2c557bbb4ed99002b6f,8/3/2025 22:30,CLEAR,"DARKNESS, LIGHTED ROAD",ONE-WAY,DRY,20,W,MONROE ST,22,1,8,41.88084655,-87.62851331,POINT (-87.628513312614 41.880846551058)
e7fbda167a1f6ec8e5b25b2b9ad503d3cf7a8eae755afdd8c6d062c2bb08fcbd70aee62b761124d305c9e77999a9b3a8a2f5ede22321ae63423f319a7818b41a,8/3/2025 17:15,CLEAR,DAYLIGHT,OTHER,DRY,100,S,LAKE SHORE DR SB,17,1,8,41.88085605,-87.61763589,POINT (-87.617635891755 41.880856047671)
02450f4c0d136788184da0f420de501b6bd3105f4899d5343006c5fd59eeed61bb473ce597260229a174134ea3003c968bbc46a51307ff61b2ca76101dca87f0,8/3/2025 16:17,CLEAR,DAYLIGHT,DIVIDED - W/MEDIAN BARRIER,DRY,225,S,MICHIGAN AVE,16,1,8,41.878942,-87.62418959,POINT (-87.624189586631 41.878941999762)
980e8999344aa33eb71d42e477dc8f3110b99f710c97409269120491ab15231828e4cb62b36d9293369c69319d38380bee05a896ad21e9520b887e07ed6b4e08,8/3/2025 14:13,CLEAR,DAYLIGHT,FOUR WAY,UNKNOWN,97,E,WACKER DR,14,1,8,41.8880989,-87.62477,POINT (-87.624770003635 41.88809890391)
85eb5f6af2dfd4674ccf70d73d04f2ce7a883c96ecd1a0af7dec01db2ed9c7302004186fe811abf3b466c8dcccb8bf52280644b23e83f92531655d4e63f74137,8/3/2025 13:40,CLEAR,DAYLIGHT,FOUR WAY,DRY,300,W,RANDOLPH ST,13,1,8,41.8845749,-87.63545069,POINT (-87.635450694754 41.884574896475)
fb62539cfda9866232a27f1c8dc02add5bbf61fbf0d0523e341b412acb140eb3b066761aef8629f2d84ae4e1754dc88b0d03f44062ea8e4b5eab7d82e2c0aed1,8/3/2025 11:38,CLEAR,DAYLIGHT,ONE-WAY,DRY,629,N,WABASH AVE,11,1,8,41.89325598,-87.62661246,POINT (-87.62661246369 41.893255982975)
e3cb28700f5814cef12cc577ed3ffb22ad76d12d4220e8a65d1e088e93031861a31d4932758a9647bac62ffb3b94c9ae021d76032ff0fec1fbe226525342a82f,8/3/2025 9:15,CLEAR,DAYLIGHT,NOT DIVIDED,DRY,63,E,RANDOLPH ST,9,1,8,41.8843889,-87.62560158,POINT (-87.625601579315 41.884388903541)
8b81bf66703c0ed4fcfaad839da75732d981b6096d9dbeec85c4df206759a9891b14f2ef18c9a3a18ed26293c249b88c0d45a499fe4fe49ee26f0c8110126340,8/3/2025 4:15,CLEAR,"DARKNESS, LIGHTED ROAD",ONE-WAY,DRY,36,W,ILLINOIS ST,4,1,8,41.89094466,-87.62955405,POINT (-87.629554048003 41.890944656709)
95eea18e4723cd5329d37896a6615ecf19291d65144080164a7b34f78d9bfd7615210f83c4bf529c99a332e5703315e18e5bf27080cdede71940215add757b01,8/3/2025 1:37,CLEAR,"DARKNESS, LIGHTED ROAD",FOUR WAY,DRY,198,W,RANDOLPH ST,1,1,8,41.88457947,-87.63382252,POINT (-87.633822521504 41.884579472658)
0dd62ab1802d1034b1f17587ef7ce2f564edb95644cabae3ad7d2a50b6756392709f96aff948c0a5a04bb027ff072d4e0e9ebbc1faffbf27dd5493278929269e,8/3/2025 0:46,CLEAR,"DARKNESS, LIGHTED ROAD",DIVIDED - W/MEDIAN BARRIER,DRY,500,S,MICHIGAN AVE,0,1,8,41.87565854,-87.62440494,POINT (-87.624404940923 41.87565854302)
f9af5a7bffb4e402312e47334942c11abc5469b5aa4ceca37e15bb48512ea27cc871057b8475b2a15dcd64a07211e3dc8b44225d760185ef38ccf1ca9470d7fb,8/3/2025 0:00,CLEAR,"DARKNESS, LIGHTED ROAD",T-INTERSECTION,DRY,235,N,POST PL,0,1,8,41.88662802,-87.63462207,POINT (-87.634622068401 41.886628020332)
900a323295269f37f4c0b3c924285cae9fffb37ddea89e0a9f8b1a0e5c10b91815142e1627633aa366df7d095169eb4b16328a7eacad3fa678a8c21631f0008c,8/2/2025 23:45,CLEAR,"DARKNESS, LIGHTED ROAD",DIVIDED - W/MEDIAN BARRIER,DRY,444,N,MICHIGAN AVE,23,7,8,41.89071448,-87.62426987,POINT (-87.624269874292 41.89071448026)
cafe7272918d816e943b4ad3a658a08e788777bb42ae8a1761b1dda32a4011b7c80cb426aebefba9c97eb7978d998472503c46c956820cbd4a8e703f4b037c49,8/2/2025 22:30,CLEAR,"DARKNESS, LIGHTED ROAD",ONE-WAY,DRY,49,E,GRAND AVE,22,7,8,41.89158503,-87.62612693,POINT (-87.626126931911 41.89158503337)
61ac8cb4b2db657b145053c34623915da28889056947c511ec4bce3ad8c133f111bc6aaa831cb8c261debefd895318fb56bc992f201c8096ed342572e83c8102,8/2/2025 22:10,CLEAR,"DARKNESS, LIGHTED ROAD",DIVIDED - W/MEDIAN (NOT RAISED),DRY,2,N,MICHIGAN AVE,22,7,8,41.88216417,-87.62451427,POINT (-87.624514273622 41.88216416733)
9171c73611a9e4bc5c9e1cb9b6bac577d8f787d3ef5da1376bb4ef7c2ed7bfc060137857678a4921b351d49df0d3edc979c4d3ab52a48e3fbb6a4c7e1ad4a7af,8/2/2025 20:30,CLEAR,DAWN,NOT DIVIDED,DRY,401,N,WELLS ST,20,7,8,41.88921522,-87.6338644,POINT (-87.633864400819 41.889215221757)
ed640d26e5ba081ef64df26638f95b2144cf0cae7e392626a07fe57c3608314edbd73fd07dc2f21c2ad6d2122fb6a3d7e742a8366eb77a0c9bebed1ddbb91091,8/2/2025 20:30,CLEAR,"DARKNESS, LIGHTED ROAD",ONE-WAY,DRY,55,E,GRAND AVE,20,7,8,41.89159074,-87.62586714,POINT (-87.625867137245 41.891590741084)
b409ed0477587b60844acb53b02bf949e7b0a021aa6b418d92d7957f750379904b8912f7d772794c34dbb180409732a1e1282d17a80eb28eb033791ab0a997d7,8/2/2025 19:35,CLEAR,DAYLIGHT,NOT DIVIDED,DRY,75,E,WACKER DR,19,7,8,41.88786189,-87.62541304,POINT (-87.625413041357 41.88786189173)
bcb3b22bdefe25151c43ff408eed37bc2848695d4d7ae64013f58247077f8e611f770b6f1270ddd7cac26d92382188f60f4a465e40998f88f8ddc1fe891f29b3,8/2/2025 18:57,CLEAR,"DARKNESS, LIGHTED ROAD",NOT DIVIDED,DRY,340,E,NORTH WATER ST,18,7,8,41.88962593,-87.6189735,POINT (-87.618973499867 41.889625933968)
641d6e03e68aff8441dd5c3dbf298a1d3efbc9e4b420428a25c0300d5a687a4a7a419e2dec44895f72f60209362bb061786f61102bfe3683542448f041b12316,8/2/2025 18:56,CLEAR,DAYLIGHT,DIVIDED - W/MEDIAN (NOT RAISED),DRY,260,N,STATE ST,18,7,8,41.8874417,-87.62814764,POINT (-87.628147639483 41.887441697944)
2fef901d056137e97883284e1e9ee5374d3761e5d18267725b3cc5bfe9b8b753be7f97c9832109415ae572d5a6ebfebf3c2b11b1278a102ee8ae1e8257e0a887,8/2/2025 18:00,CLEAR,DAYLIGHT,FOUR WAY,DRY,200,S,STATE ST,18,7,8,41.87942705,-87.62785649,POINT (-87.627856485786 41.879427045001)
6af707846d0d03246534b977ff27c8a769599d0c2e34807da9a97d32169702e632e457d15830d1485817bab142902ef84b10dd290eaaca270d30fcda217ff772,8/2/2025 16:45,CLEAR,DAYLIGHT,NOT DIVIDED,DRY,130,E,RANDOLPH ST,16,7,8,41.88458837,-87.62327256,POINT (-87.623272561055 41.884588371969)
75f005a6fbb09bbdc0316cae0c32dbf0ff815060a99bf6481bc69b001736f01512010a6bd21043faa91a4c22759bc5b45e3ce5ff7d0ba745355efb08d70fdb6e,8/2/2025 16:00,CLEAR,DAYLIGHT,NOT DIVIDED,UNKNOWN,78,E,WASHINGTON ST,16,7,8,41.88333428,-87.62505014,POINT (-87.625050135114 41.883334279294)
10347a284079180993aa23e098719259ce74c126ca143604425d6339a91438c476c463ca8c8f0bfa894b7b5eb0a02fa9905a9984f95c2380048fe19238be80e5,8/2/2025 15:45,CLEAR,DAYLIGHT,DIVIDED - W/MEDIAN BARRIER,DRY,36,S,MICHIGAN AVE,15,7,8,41.88122671,-87.62448899,POINT (-87.624488986352 41.881226709374)
d5f52fdae4e9e97c739addc5b2558bb1f858078838ccc319a844d4f0a611226e04c7c50ddfe04836a325e2d925c2eee5ebf20520985aa744d628be835cb15ef2,8/2/2025 12:35,CLEAR,DAYLIGHT,DIVIDED - W/MEDIAN BARRIER,DRY,110,E,LOWER WACKER DR,12,7,8,41.88842651,-87.62405133,POINT (-87.624051327457 41.888426511913)
8ecfc8c662ace8cea7e72b281171c7b1f798a81bf9093faa122e792c9655c6276ff8e48629a7c1728ebec30034ccc211255b357acc5c2b1672bb93e333846bdb,8/2/2025 11:40,CLEAR,DAYLIGHT,ONE-WAY,DRY,214,N,CLARK ST,11,7,8,41.88601364,-87.63113018,POINT (-87.631130181818 41.886013640229)
a673a63f9de39492522b88e38f153df9b546bda5705bfcbcb6a4030e8271b85306513631d4ab6294878899d0e41e7efd0c2eb642410653fe3cb73fc5e6f514d1,8/2/2025 1:12,CLEAR,"DARKNESS, LIGHTED ROAD",FOUR WAY,DRY,199,S,CLARK ST,1,7,8,41.87944864,-87.63067401,POINT (-87.630674009145 41.879448636164)
ab426f20631c9ac620b3ed246ff276caaa429c372b35edfe00d603b401fbd7fc6973ac1eb442967d6e4516a1899e75730b75cca55f0fbb8ef85cb72f1fdac590,8/2/2025 0:47,CLEAR,"DARKNESS, LIGHTED ROAD",FOUR WAY,DRY,530,N,DEARBORN ST,0,7,8,41.89168202,-87.62980115,POINT (-87.629801148647 41.891682017778)
a4d074026bfdd1a4d8854e3f2ade3e3635233ea70d974c34a0c154018c25d860b0a08bdc062b50604a1f7ff032defbcf88e9d341d9a84021051491b1e92f03d9,8/2/2025 0:03,UNKNOWN,"DARKNESS, LIGHTED ROAD",FOUR WAY,UNKNOWN,401,N,STATE ST,0,7,8,41.88926542,-87.62786766,POINT (-87.627867657864 41.889265415961)
c7e6ce793263267f0719b4d09f3b1f37f5c58be08fef58979aa188317fa1419605ee27c1ad888aa92f4c5c4cbe4432db27a09ff07ce509c861c3552224cd655c,8/1/2025 23:30,CLEAR,"DARKNESS, LIGHTED ROAD",FOUR WAY,DRY,42,E,WACKER DR,23,6,8,41.88743109,-87.62667951,POINT (-87.626679506471 41.887431086623)
6b448aadb0d5e6c5153b7cd86d34eddd526307a3babc9ca9cee9e3613b2302c2acc0bea9a13012a0623221f9cc18b3985c743fff677d37199aebc719e71122ea,8/1/2025 23:00,CLEAR,"DARKNESS, LIGHTED ROAD",DIVIDED - W/MEDIAN (NOT RAISED),DRY,626,N,MICHIGAN AVE,23,6,8,41.89337221,-87.62436142,POINT (-87.624361418497 41.893372214284)
1359fffc7eb3fe341792b50a7c8c2183975026b20c4da9ab73ddf12bb93ccea9d45a0e6d98d8628981ad06da6f94798b13a8ae974dee9c9732298a4f20ae4a27,8/1/2025 22:59,UNKNOWN,"DARKNESS, LIGHTED ROAD",NOT DIVIDED,UNKNOWN,181,N,DEARBORN ST,22,6,8,41.88535046,-87.62933739,POINT (-87.62933739296 41.88535046357)
266b5e814dc7b5a35744ae81514a9280016070bbd8f27563ec461d3e9b3d1b2dd4dc96da76a7b8481cda8b6bd8236a454d3d0c01c916e38af86a568845c4bc63,8/1/2025 22:00,CLEAR,"DARKNESS, LIGHTED ROAD",T-INTERSECTION,UNKNOWN,100,S,LAKE SHORE DR SB,22,6,8,41.88085605,-87.61763589,POINT (-87.617635891755 41.880856047671)
19553030cceb63ac7ea6eac00b0d1869625f462c72a65a78d2f0f0d46e842e44f6e7466d824305d1911cd2cdc617183c32f869d3433117a60c9f6925d505cf8d,8/1/2025 21:00,CLEAR,"DARKNESS, LIGHTED ROAD",DIVIDED - W/MEDIAN BARRIER,DRY,230,N,MICHIGAN AVE,21,6,8,41.88651729,-87.62467769,POINT (-87.624677686429 41.88651728872)
25df322fec94848653200f42cb8ac6d80795f58bb9f14671de2d149008882f96f8c18e30e673eee13abea2687539cc8f776ff13952e0b54a06b85fe00cdb1be8,8/1/2025 19:41,CLEAR,DAWN,NOT DIVIDED,DRY,172,W,ADAMS ST,19,6,8,41.87950365,-87.63296974,POINT (-87.632969741567 41.879503650162)
585920f2e5fd7294753deaf591a47b84b4972724fda6afb808071e17e1d34c3b673e8c9ca46bf8f1b60b5ea4cc4015bfe3e0b03191b23c72056e91a11d49ecb3,8/1/2025 17:45,CLEAR,DAYLIGHT,PARKING LOT,DRY,50,E,OHIO ST,17,6,8,41.89261824,-87.62616035,POINT (-87.626160348476 41.892618240004)
76944c80e9d8c8f44e564c69eebf4c4eb361bf0b084c25c3bd815bdd18aec0c52d5a9bfd1672e5472f9dfa55358d1b2aca996b51ef93dec45442cbe0aa4ec478,8/1/2025 17:00,CLEAR,DAYLIGHT,UNKNOWN,UNKNOWN,343,N,MICHIGAN AVE,17,6,8,41.8877503,-87.62441087,POINT (-87.624410867821 41.887750298554)
fa188628125acbc76f36e597950e3369005b08d4c96ff10ac4642a56847f62f60fd22fd1ad329a2c3e45f97ea11a0e299ea194e60c5ebccc11ce21cf6ce15a28,8/1/2025 16:36,CLEAR,DAYLIGHT,ONE-WAY,DRY,98,E,RANDOLPH ST,16,6,8,41.88458427,-87.6244703,POINT (-87.624470296902 41.884584272017)
4776859703defabad5af5792b57ea20dedb9b7772c647e8782dc48208d40567a321ca1d85455b229ab60db175c70185236dd5e04f95ca36d24fadab1318ec216,8/1/2025 14:45,CLEAR,DAYLIGHT,NOT DIVIDED,DRY,115,N,MICHIGAN AVE,14,6,8,41.88362225,-87.62427063,POINT (-87.624270633457 41.883622246945)
1dc1abc868e3decac5f1222dfc97d64c32d5be30ce24f546e2d949fc74db4e9d6454f0f9fed10ee874b9f026041fea6398dd75e2852bbd88bd8361715b92fb17,8/1/2025 1:30,CLEAR,"DARKNESS, LIGHTED ROAD",NOT DIVIDED,DRY,200,S,MICHIGAN AVE,1,6,8,41.87948933,-87.62449812,POINT (-87.624498124934 41.879489328698)
94857d974172c9b807679c885ff4a7320e341e6fe9f6ba91524505f9a5dccd1e87da9144e676a0abc30c1282ed577c7c194724e5cc3626f971529c2b3c9e9061,7/31/2025 23:25,CLEAR,"DARKNESS, LIGHTED ROAD",FOUR WAY,DRY,424,N,STATE ST,23,5,7,41.89002141,-87.62815402,POINT (-87.628154019125 41.890021409111)
9c08094b042d9e9bce6ea4fa41b705d7ce914d8b27da29bdd377b39812906db337536a2c0ad06102f6f02412edcfd6af079203eecfad37db1321239ef512439d,7/31/2025 22:29,CLEAR,"DARKNESS, LIGHTED ROAD",NOT DIVIDED,DRY,404,S,WABASH AVE,22,5,7,41.87681339,-87.62620038,POINT (-87.626200376058 41.876813388426)
f0a173333ead3afa9e5fd48abff9d2cddf489a8a71f46d59c5f4c5d6d5d1df424326ffc3b9bf3ee2d79951fe874af1fdc7907d4f92deb505035c772836853e34,7/31/2025 22:16,CLEAR,"DARKNESS, LIGHTED ROAD",ONE-WAY,DRY,300,S,CLARK ST,22,5,7,41.87808251,-87.63093039,POINT (-87.630930390814 41.878082514793)
a40ae95729a94e422864369b955af0f84dcfeba6543f1400009c8c98b54f05f1fb7699e61a4c97398a647bda6285caabda51506295df360c8ece0613f14386b2,7/31/2025 22:13,CLEAR,"DARKNESS, LIGHTED ROAD",NOT DIVIDED,DRY,15,S,STATE ST,22,5,7,41.88163977,-87.62761271,POINT (-87.627612713615 41.881639772705)
72324bba273169bd3c2cb990dbabcec69905b50dc83e475b7c4902247009b53e9855a3aab4f1b4f42b340e2b9ceac252554cf8cb8bc7178964bf1785415ca8ce,7/31/2025 21:00,CLEAR,"DARKNESS, LIGHTED ROAD",DIVIDED - W/MEDIAN (NOT RAISED),DRY,78,E,WASHINGTON ST,21,5,7,41.88333428,-87.62505014,POINT (-87.625050135114 41.883334279294)
9454c474235d02b7822dc4d4df269a603a85cc8cb4c225b1cc17dafae281d4093a03da434da16d7ad38fce509cfd5aa43d4196070e615f698a24474253cf1052,7/31/2025 19:45,CLEAR,"DARKNESS, LIGHTED ROAD",ONE-WAY,DRY,43,E,OHIO ST,19,5,7,41.89239475,-87.62641534,POINT (-87.626415335436 41.892394750983)
4665b9d39df282435a22064c535ce789433c200360b7acb2e211f3da68109bed93535ba836bd21fc4755d02321fdf6eaa8bf588d1a08edb2162fe1d332fd9687,7/31/2025 19:28,CLEAR,DAYLIGHT,NOT DIVIDED,UNKNOWN,440,N,WABASH AVE,19,5,7,41.89048644,-87.62682446,POINT (-87.626824460289 41.890486444372)
e4384b5bfb121b72019af68179641440bfe6afaa4c103c3e12a17b58b77737357159399abaa42f38539caaca2c45f595f581bf12782ee3cd976145a26547328b,7/31/2025 15:30,CLEAR,DAYLIGHT,DIVIDED - W/MEDIAN (NOT RAISED),DRY,400,N,CLARK ST,15,5,7,41.8892498,-87.63120782,POINT (-87.631207820201 41.889249801889)
0a5e9cb60eea6e609c7ee2a45458d9601ed57b0c966dd385061143207a50f7b24e56c23834df63809544caefea7aba0f92700bd72ddb71684f1f84cd1ac23453,7/31/2025 14:00,CLEAR,DAYLIGHT,NOT DIVIDED,DRY,2,E,IDA B WELLS DR,14,5,7,41.87574953,-87.62758694,POINT (-87.627586935154 41.875749533911)
f88bf2b7113b99f4a6f15de7de8a53dc8bd63272b81c4e927cedf049a19de00b2aa4c3a47fa22430607c41ddd3b203b1deef7b7f4d8d9f95600e935fcbb1b859,7/31/2025 13:45,CLEAR,DAYLIGHT,RAMP,DRY,317,N,CLARK ST,13,5,7,41.88796934,-87.63088634,POINT (-87.630886337829 41.887969335307)
dc6cbc9e461dc38cdee53f361d1b6f02f5a8a3a65dde84590ca4c575025237be11a144f403f5eecf5c880828b9cc5feb2f3de5203d1ffcee50fc6ae4e32c1f0d,7/31/2025 8:56,CLEAR,DAYLIGHT,DIVIDED - W/MEDIAN BARRIER,DRY,200,E,RANDOLPH ST,8,5,7,41.88463208,-87.62224799,POINT (-87.622247991089 41.884632075767)
9a965704b42df477a2f74de7b3ed33c4674a349a84fc746b641456fae87b63b6a8d8f2a6ced90986c7385f8e10e24a308c7a66f2ff5c7806305a20c607a3e522,7/31/2025 8:46,CLEAR,DAYLIGHT,NOT DIVIDED,DRY,155,N,HARBOR DR,8,5,7,41.88475054,-87.61560396,POINT (-87.615603956473 41.884750538499)
a886280fd2d8f42ad8ed9fffad01f1299d06f2955904acc70e53ad834ce86b0afb8a8185f2ab8095ec4bbc8661c794eef7db5300ae281b59e5cfa632bfd209f3,7/31/2025 8:40,CLEAR,DAYLIGHT,FOUR WAY,DRY,100,E,RANDOLPH ST,8,5,7,41.88457722,-87.62440363,POINT (-87.62440363391 41.884577219487)
8bd79b8ff1a15acffe2b010f8377575a81c527f193dd396f56ad90d74506b9c65b6e06efa8fcb57b3d7f2b7e2df7b7447e076f7fa9f66a2fac06c68dc3cc1779,7/31/2025 8:33,CLEAR,DAYLIGHT,DIVIDED - W/MEDIAN BARRIER,DRY,400,E,RANDOLPH ST,8,5,7,41.88464637,-87.6172485,POINT (-87.617248496239 41.884646365435)
c0924aec4d1e27657cbef2d69e6c7ae0dc2fd9bdcfd47c176e0005fbb5f003350963d79b36476313d48c0e686d3928ac10a487ce84badfa6fdc08825267999d8,7/31/2025 7:50,CLEAR,DAYLIGHT,ONE-WAY,UNKNOWN,300,E,ILLINOIS ST,7,5,7,41.89111388,-87.62019942,POINT (-87.620199417551 41.89111388192)
313d2c3a94d92d013371e08974ff39d639b15a200fc18a072b1b4357d1410d50c362cdd702b228c7e48c74fed092743f51a3448b0424d6e419c026d8058d0b48,7/31/2025 0:04,RAIN,"DARKNESS, LIGHTED ROAD",DIVIDED - W/MEDIAN BARRIER,WET,15,N,MICHIGAN AVE,0,5,7,41.88246475,-87.62423302,POINT (-87.624233015564 41.882464749447)
86a18f7df8ba7265274739dbf67b071b1925929a2b7f9d4b67d6e196240fecdc6d1eb53d53a8cc5db58c8b546daa6e12fa128f12010b5d8ed4ba4675ad96d214,7/30/2025 23:00,RAIN,"DARKNESS, LIGHTED ROAD",ONE-WAY,WET,336,N,LAKE SHORE DR SB,23,4,7,41.88755645,-87.61428656,POINT (-87.614286561002 41.887556453813)