CRASH_RECORD_ID,CRASH_DATE,WEATHER_CONDITION,LIGHTING_CONDITION,TRAFFICWAY_TYPE,ROADWAY_SURFACE_COND,STREET_NO,STREET_DIRECTION,STREET_NAME,CRASH_HOUR,CRASH_DAY_OF_WEEK,CRASH_MONTH,LATITUDE,LONGITUDE,LOCATION
94e5a3e36a2623d973b6e1c3903207b5afffb303410ca742b9dc6089a4f63c4254cd1b02e55c7e6eaa6478002c1ae061c9e3e5fd52aa98829c69bd782addf0df,7/30/2025 20:40,CLEAR,"DARKNESS, LIGHTED ROAD",PARKING LOT,DRY,25,N,MICHIGAN AVE,20,4,7,41.8826705,-87.62424154,POINT (-87.624241538569 41.882670496958)
8235ad1dc6eae6d8e1b83dd9be82a848336b65b3e65c12dd2865c97cc12e523dbcc8ffdf37b1046074a55eb327460c85b04cf417eb446b3bc696ba60629997d3,7/30/2025 18:17,CLEAR,DAYLIGHT,ONE-WAY,DRY,108,W,GRAND AVE,18,4,7,41.89173054,-87.63155121,POINT (-87.63155121422 41.891730536855)
621dda762ba18429b4e3a036c794e56f5d25ea3e6acfb08e8727a010e06a82f351d984ed0d2e8ec6f230581762b0c6c0d9aa83491e257e2f10248eb58986c17b,7/30/2025 17:50,CLEAR,DAYLIGHT,ONE-WAY,UNKNOWN,79,W,MONROE ST,17,4,7,41.8805885,-87.63070954,POINT (-87.630709538662 41.88058850425)
705b572e7cad4a9b7dee5fcef434ab5ba67403820caf55ee02cda7ead64d42c64cea935bb0af8ef383bb40188467f0155b8cfbe439a7433918b91d511f0c2a7e,7/30/2025 17:45,RAIN,DAYLIGHT,ALLEY,WET,14,E,JACKSON BLVD,17,4,7,41.87833292,-87.62717897,POINT (-87.627178969182 41.878332921487)
e3afa994e8c9739978f1c5c5ddc5250d0fcf3dd3c877ca5eaa7fe7e0d7398be28ad565b98a8f166329fbbd1ea5aa4664916be57e12b059eafd9a701c0a1dab08,7/30/2025 17:03,CLEAR,DAYLIGHT,NOT DIVIDED,DRY,301,E,LOWER WACKER DR,17,4,7,41.88767222,-87.62057394,POINT (-87.620573939863 41.887672220686)
d9c1f1dc361314bb2ce9ff1cf30ef669b03a4a7d005f827b0d0262e2259f21ed00448b1d1b21f30a2f9d020f91babb7a7c23bad3f1bbaa1a940881ba50759548,7/30/2025 17:00,UNKNOWN,DAYLIGHT,NOT DIVIDED,UNKNOWN,25,E,MADISON ST,17,4,7,41.88196288,-87.62694834,POINT (-87.626948337943 41.881962877245)
dabd04977e2a03005072ce35e063fa20435695bf302bdb7721168cb3c0e7cacc0acaab0d2ccc8ad924f9fcc86130082cafba1fa7e4a4c77a3c34a33a8cbc64d0,7/30/2025 17:00,UNKNOWN,UNKNOWN,DIVIDED - W/MEDIAN (NOT RAISED),UNKNOWN,200,N,STATE ST,17,4,7,41.88577464,-87.62808748,POINT (-87.628087481118 41.885774641252)
a51355b2c254401becc7be3fb51cb52a2c0ecabeb27b64e3de48f6912a23f2791564f4f50d2a5747c0ba424f2a0aaddfccf09ee7ac99a037b1874fe9b7d61cb8,7/30/2025 16:24,CLEAR,DAYLIGHT,NOT DIVIDED,WET,200,N,MICHIGAN AVE,16,4,7,41.88580155,-87.62465977,POINT (-87.624659771063 41.885801546318)
ec6b524c28404d07a83b7a6a97dd0e70b029da957c74a95e62cacbadc36187a3259403bf67f5de4c610ec331d75fd5d9567fa7f57a6962665913f476045a1007,7/30/2025 15:00,CLEAR,DAYLIGHT,FOUR WAY,DRY,6,E,MONROE ST,15,4,7,41.88087809,-87.6275182,POINT (-87.627518202922 41.880878090525)
bd6938b23c145a9458f2b41389ff6275fcc7198600e09dbaad05af3fc78cabc28c06eea23d0e27125dbd46777068446f829fad86778e15c06323d296ea313965,7/30/2025 11:14,CLEAR,DAYLIGHT,NOT DIVIDED,UNKNOWN,222,N,LA SALLE ST,11,4,7,41.8863516,-87.63261395,POINT (-87.632613945519 41.886351604489)
f48e601007bdf1047e7a5e25d69d1933fc5cec492b6362f9d29755971eae1ce1fa34606eab535b82314cd5a496951d689d80384b3ca40dbe4e4e03117d033ed7,7/30/2025 9:50,CLEAR,DAYLIGHT,NOT DIVIDED,DRY,319,N,LOWER STETSON AVE,9,4,7,41.88733401,-87.62223723,POINT (-87.622237226247 41.887334012393)
e8151434adb454bbbf0f41786813daf98098bd6f63fff75330328ec0161b6413ead1f3754bcfb5bb893acdb47159ffc6f62f2dda969c11d015669251f0c7fed5,7/30/2025 8:26,CLEAR,DAYLIGHT,ONE-WAY,DRY,300,S,CLARK ST,8,4,7,41.87808251,-87.63093039,POINT (-87.630930390814 41.878082514793)
d9b426559d5d6badbbedd9b6fce3f1ac265505dac18b2c5739fe7c10d1257e8bcd648e21a9d25502939f6754e4fe964bb2d6f36997ef5435b1557268878023d4,7/30/2025 7:08,CLOUDY/OVERCAST,DAYLIGHT,DIVIDED - W/MEDIAN (NOT RAISED),DRY,85,E,WACKER DR,7,4,7,41.88809629,-87.62517728,POINT (-87.625177278957 41.888096290382)
3443b8a17ce755df1b1b1d168a7e724f6bb716cc6bb5d1e36fbfa2c6bf80ff21bdf18b88431e53f4adcc5a3f11f08146b9d8d2acf95a8228eccacf1639f87b7b,7/29/2025 21:00,UNKNOWN,DARKNESS,DIVIDED - W/MEDIAN (NOT RAISED),UNKNOWN,233,E,LOWER WACKER DR,21,3,7,41.88777617,-87.62135836,POINT (-87.621358362885 41.887776172574)
30ce70cfa437eb55d4e49037ca149fa8c568d47bfe1805f726ee404e718f22ed3af059197d3255acd2ef1a438dbdae669d9ed534e6426b0dfa3d20a31b606877,7/29/2025 19:00,CLEAR,DARKNESS,ONE-WAY,DRY,188,W,MADISON ST,19,3,7,41.8820581,-87.63347836,POINT (-87.633478360366 41.882058104945)
79ce6e3f0f269c12a1e4f8387a824215afc6a39dc84c644dca4bb6d6a64c19f709b9adb93a4e18f65860c8c32acf19795255cbbd55d48b1e6df4d53a7dbd0e71,7/29/2025 17:30,CLEAR,DAYLIGHT,ONE-WAY,DRY,50,E,GRAND AVE,17,3,7,41.89180548,-87.62608938,POINT (-87.626089378443 41.891805483488)
eca51a0426afe9cad946081b4ff79bb35b57fcac99f8d77b595294459b9da77048c062bc4347fe32f5d4e414bcd6159b3a761e0a080791ef88282c8c01a9d276,7/29/2025 17:02,CLEAR,DAYLIGHT,DIVIDED - W/MEDIAN BARRIER,UNKNOWN,530,N,MICHIGAN AVE,17,3,7,41.89177118,-87.62430865,POINT (-87.624308647349 41.891771183048)
9ea6e6b9552fdc82ad611b736453225305845d1ae35953e2e867f6da7a517cae25bd20fd08f020d46f77eb1c878772c96088742872c41d3e95919e4097845ce7,7/29/2025 16:20,CLEAR,DAYLIGHT,NOT DIVIDED,DRY,140,W,KINZIE ST,16,3,7,41.88929722,-87.63260165,POINT (-87.632601648173 41.889297219473)
b0921fac28dd438525d45d4a91bc2a99a32de9eeb076b4f46b245a91e58617d38930f91a3017c608a252db19c6f6125d27997768ad7e9be21d1be5d58649a8f6,7/29/2025 16:05,CLEAR,DAYLIGHT,DIVIDED - W/MEDIAN BARRIER,DRY,140,N,MICHIGAN AVE,16,3,7,41.88422003,-87.62458859,POINT (-87.624588590033 41.88422003391)
17e062a5fee28ec10ba8fb836208c74449ef882b36fa6158db25f63c499b3d2967b71b25cdbc1d75f270793ccad75692d5fff1c469a452ee8eb5271089422a30,7/29/2025 15:00,CLEAR,DAYLIGHT,DIVIDED - W/MEDIAN BARRIER,DRY,50,S,LAKE SHORE DR SB,15,3,7,41.88131456,-87.61762921,POINT (-87.617629213183 41.881314564097)
11ae62216647914d0d6ac5ac158d217e22e74cff2bbc6ea2f7d5f9bd87cec4d0a72aee96ac5372b5b1ec9e351f67005c58c575779413a9c485f14144e276294f,7/29/2025 13:45,CLEAR,DAYLIGHT,ONE-WAY,DRY,17,E,MONROE ST,13,3,7,41.88066458,-87.62708936,POINT (-87.627089364442 41.880664578396)
7f41ac0b8139798f1cfb7fb01a52be1f63587a861d11029e30df36c6bfd8c21234f620eb824ae8e59d3cae2ed84403a37fe89a4688952db61832ec6017217381,7/29/2025 13:22,CLEAR,DAYLIGHT,ONE-WAY,UNKNOWN,520,N,DEARBORN ST,13,3,7,41.89160128,-87.62979671,POINT (-87.629796705231 41.891601284754)
4640043595913c77e0e41bc08c2a0833bd6816265ef5277dbc651ab274ff4a5a8b779472ce52797e7d7df032e6ae47d78e024e81d9ea12a10908767b45548804,7/29/2025 12:49,CLEAR,DAYLIGHT,NOT DIVIDED,DRY,240,N,CLARK ST,12,3,7,41.88678806,-87.63114739,POINT (-87.631147388391 41.886788064498)
366c215c355a11e78243c52ea392ad153356fd50a227c585ed355bfab1dc8dec030fb24a0c9dde524737feefabf0b03f53d79b25f1a9aa2f119d6365bca05e56,7/29/2025 12:45,CLEAR,DAYLIGHT,NOT DIVIDED,DRY,63,E,LAKE ST,12,3,7,41.8856197,-87.62576044,POINT (-87.62576043519 41.885619703216)
61e9ff4c940df6f284e0119969fa1d417db66d7d9e071397f8b4d2af0bc98ec1dd55b1884a8791f88ef990c3bb511ccd4ee15b411837a5db177378a8899f3a5c,7/29/2025 12:27,CLEAR,DAYLIGHT,PARKING LOT,DRY,20,E,RANDOLPH ST,12,3,7,41.88460285,-87.62718694,POINT (-87.627186940196 41.884602854888)
d495bfcc7e8b4d0049a3790f8dacd869affab1a312bf43d9a57f3017f470e5bcae3b2c67df8eb342279139783141e5c99d662b7c5e4d641a223276a81ec1720d,7/29/2025 12:15,UNKNOWN,DAYLIGHT,NOT DIVIDED,UNKNOWN,100,S,LAKE SHORE DR NB,12,3,7,41.88085605,-87.61763589,POINT (-87.617635891755 41.880856047671)
d7b7dc0dab80f5b7d0a1c250dd30d628423af93c585f910320610cd67453c203fa538161d864e6e91752ad287005c16de47528ea80e35c407f54ff26c6a03648,7/29/2025 9:45,CLEAR,DAYLIGHT,ONE-WAY,DRY,17,E,MONROE ST,9,3,7,41.88066458,-87.62708936,POINT (-87.627089364442 41.880664578396)
d8b66255291a896a6b5b5c58ec9c9e337acb805671f73961346e0b4852463c3b87b07d3f2762731742d66d88b5e0c69f3dc978c1199ee9a7c8447b080fd7e949,7/28/2025 22:10,CLEAR,"DARKNESS, LIGHTED ROAD",NOT DIVIDED,DRY,71,E,WACKER DR,22,2,7,41.88775652,-87.62551819,POINT (-87.625518191614 41.887756522735)
6a1f2f1170b69110b2c5d780ce47caddf17e9371e122325e993872bf194a900cb77385e1bab01691e9de80ae8b7b791eac578633f72400a43d9a74065ab912a5,7/28/2025 16:46,CLEAR,DAYLIGHT,DIVIDED - W/MEDIAN BARRIER,DRY,100,E,LOWER WACKER DR,16,2,7,41.88843209,-87.62442469,POINT (-87.624424686932 41.88843209205)
d8b74371643290dbd8e17c5fbcde001340d09e25ed8250ce51991b246a0833bb1c1b1a75119904376c0c2c4ff32f51f70983acc9ea3bedc831581d16e9707a03,7/28/2025 16:41,CLEAR,DAYLIGHT,ONE-WAY,DRY,180,W,WASHINGTON ST,16,2,7,41.88331789,-87.63329669,POINT (-87.633296691093 41.883317894491)
be87999ae380f9c5941d0793907d738a1e5a7eba9d0a4be15037fbaf3b0df0dae0bc395d9156717a389ca6707a3f196f8d21171cd4a043923d51362b57d76769,7/28/2025 14:59,CLEAR,DAYLIGHT,DIVIDED - W/MEDIAN (NOT RAISED),DRY,35,E,LOWER WACKER PL,14,2,7,41.88669211,-87.62664785,POINT (-87.626647845513 41.886692112807)
0a6d860ca16240b0ff08a4df7e93a462305881cc704d23381ab9d63ca3f8c36986ef479e4b879e2080185ac6b72a6f7b99b1aa212d38ecd33b75ab4c52034de5,7/28/2025 9:50,CLEAR,DAYLIGHT,ONE-WAY,DRY,101,S,WABASH AVE,9,2,7,41.88072776,-87.62602263,POINT (-87.626022634918 41.880727764112)
3305b0497761c4b5f251d524d4c08f08a168e396455c0c571f4da569d00f824e064530b2fabfe05b103ed004944abe5b23bdc9585a996928b97d4ec7a8d0f98b,7/28/2025 2:30,CLEAR,"DARKNESS, LIGHTED ROAD",FOUR WAY,DRY,221,W,LOWER WACKER DR,2,2,7,41.88668184,-87.63472941,POINT (-87.634729405046 41.886681843855)
dedc837d84cbdb2158eb6fa532481d3aa47ed81f216f93fa73996d7ed9e779da15b04627e4d9ad6a396513f8f0a8e25c9ad501c5de5551dac13cc0840b45db40,7/27/2025 15:30,CLEAR,DAYLIGHT,NOT DIVIDED,DRY,435,N,MICHIGAN AVE,15,1,7,41.89042416,-87.62396548,POINT (-87.623965477756 41.890424159772)
909ae25e54db36ee1124ae5c068f5f0c57e141e8493391cbd38a806fbac876b08203c65143638139bc0679ca0b42121a033c060bba32da4b59be6a66c717b651,7/27/2025 15:00,CLEAR,DAYLIGHT,DIVIDED - W/MEDIAN (NOT RAISED),DRY,615,N,MICHIGAN AVE,15,1,7,41.89300771,-87.62405352,POINT (-87.624053519111 41.893007713211)
4237643497fa2bb79e7438b7a5d9b36ac9346b7112f45db854f44db2b8b764ab021ef08b75b30205a85649171e89e6d7be6c25e548aaba83b47192f1d3d8deba,7/27/2025 14:30,UNKNOWN,UNKNOWN,PARKING LOT,UNKNOWN,111,E,WACKER DR,14,1,7,41.88807943,-87.62404737,POINT (-87.624047369764 41.888079426105)
14507aad0c8dc73caa5464d56b310d337da3187f6b13b33d4dd7c80ecc85ec08f6dc72569ce00b04eab3e7ae276bad5829f7b45011dbb6fffdc349929ab0fe04,7/27/2025 11:50,CLEAR,DAYLIGHT,NOT DIVIDED,DRY,65,E,WACKER DR,11,1,7,41.88759875,-87.62567672,POINT (-87.625676723888 41.887598746811)
bc5c85d4d43b93eb0a1bb5709e25bdc4865e2f183eca112081475a76008dacd4e7efe7ae49b19d26a68fda024bf20a86423b8c43caa22ad6c22de376405dc682,7/27/2025 6:20,CLEAR,DAYLIGHT,FOUR WAY,DRY,100,W,WACKER DR,6,1,7,41.88704177,-87.63107821,POINT (-87.631078212725 41.88704176906)
672851a7fd33cdfe510080dcc2f695197060805016fb2a2879bac63d6c669d16946f35de7e88c86eb0893ed5285019900d2d5d780357018327dce46140d409fb,7/26/2025 23:40,UNKNOWN,UNKNOWN,UNKNOWN,UNKNOWN,340,E,MONROE DR,23,7,7,41.88100484,-87.61927762,POINT (-87.619277623582 41.881004841184)
428ea62fecc63652ec356f57dfd351129f6b5fec41fc4e4736f16ea0729490f802f71ae08236572c00168ca3640022c10564c1ce117294af5be9277114d992b1,7/26/2025 23:15,CLEAR,"DARKNESS, LIGHTED ROAD",FOUR WAY,DRY,301,E,MONROE DR,23,7,7,41.8807657,-87.62062379,POINT (-87.620623793543 41.880765701972)
048906009d6ebbc87d10ed0f74ec1f5af3111c09276ded2bdc06b6bd90bdaa97d6dc36064da26734497764d7702b1c28975fbc567776b4e1e547e8d118246c01,7/26/2025 22:30,CLEAR,"DARKNESS, LIGHTED ROAD",FOUR WAY,DRY,343,N,MICHIGAN AVE,22,7,7,41.8877503,-87.62441087,POINT (-87.624410867821 41.887750298554)
357ff11a66e4c744d8f71c4f7c397781818f3339fd1844799665c83e9a114aef1a683c856a6f953c270bdd9f7598470e4c9cd224d975a9e2775d788354bdc665,7/26/2025 20:54,CLEAR,"DARKNESS, LIGHTED ROAD",ONE-WAY,DRY,70,W,LAKE ST,20,7,7,41.88585081,-87.63051366,POINT (-87.63051365878 41.885850807163)
c3392af5c01f9b8c98af23abedd2652227abc2a977af936055dbe1f169d49df2a8dfc781a5b373dc31338b4e30628d9480b1eb9989afa6de57dcef1d131e0a42,7/26/2025 20:03,CLEAR,"DARKNESS, LIGHTED ROAD",OTHER,DRY,118,S,DEARBORN ST,20,7,7,41.88017001,-87.62950953,POINT (-87.629509529122 41.880170012805)
a631f1f6630217299baa7ef9aa0a76fcb30d089062e6fa2864ed6ef2218ecb50982fc46489fb96a2ac32fced2eb6644b07381b134325212c77a378caa960b97a,7/26/2025 19:45,CLEAR,DARKNESS,NOT DIVIDED,DRY,425,N,MICHIGAN AVE,19,7,7,41.89013052,-87.62395302,POINT (-87.623953024024 41.890130523411)
4b45186bf2e3be89967d11cfe081314e6014e6938eab5d5d68bf6709d82f30dc6f4fc51464bbbc03183dfb31bdfcef19a9a630c3ac612567274025eb5b4de948,7/26/2025 19:20,UNKNOWN,UNKNOWN,UNKNOWN,UNKNOWN,159,N,WABASH AVE,19,7,7,41.8847818,-87.62610787,POINT (-87.62610786782 41.884781799169)
d230e8f8420ef873d9001cae1f5d225902d05c160fbfdb2d2cf52b702fc5d6c8fd11869a220fd639e6ffa0bc2782895225fec885b22839ab4f08482bee70f64a,7/26/2025 16:55,CLEAR,DAYLIGHT,DIVIDED - W/MEDIAN BARRIER,DRY,302,N,WABASH AVE,16,7,7,41.88702634,-87.62651872,POINT (-87.626518723328 41.887026340946)
61443dbc8aa0da20091f080a79c40ecc07d09346505c16c63f1dd1a6f4a5a4a4bcb1f5dea261de3053d562109ebf367c85e6c423d026a737fada5e9d497efbb1,7/26/2025 16:28,CLEAR,DAYLIGHT,DIVIDED - W/MEDIAN BARRIER,DRY,87,E,WACKER DR,16,7,7,41.8881139,-87.6251724,POINT (-87.625172397513 41.888113901104)
6ddf21ce6b01b1feb4daa0482e2cd1a799d312644b4a2551375c1c82e9eb7892d3df27d9ffb8838c71833347908aa0b67cb4cf8ac2c17eca4e5f3719b33a10a0,7/26/2025 14:40,CLEAR,DAYLIGHT,NOT DIVIDED,DRY,512,N,MC CLURG CT,14,7,7,41.89151789,-87.61783052,POINT (-87.617830522582 41.891517894531)
b464d1132f79d491ba91cdf1b08a5f6638d1ed8f26edc3e30ed77323adba07f3be31ec46206d62be94a164b019545e2cb9d3daccd35fb3a214d3bbd41c1a8193,7/26/2025 12:27,CLEAR,DAYLIGHT,DIVIDED - W/MEDIAN BARRIER,DRY,101,S,LAKE SHORE DR NB,12,7,7,41.88085693,-87.61710338,POINT (-87.617103384378 41.880856926277)
0893d013eb620b8087005569eaf027a5ad0137c8222ca63b7aface50a203923547289584098fd00111a80578f2dd81e5ab7e4e696bbbd3ea47d2695893d9c4b3,7/26/2025 11:30,UNKNOWN,UNKNOWN,ONE-WAY,UNKNOWN,10,S,DEARBORN ST,11,7,7,41.88180696,-87.62954312,POINT (-87.629543115394 41.881806960065)
ff66278539d3646fb114ef72acf910e90fd26f4b7b66368ff79f78bf88d9e1a958e2286394a31bcd5f43ec9e9b9ddf17138e7f86894340abaee541450e6a3ce7,7/26/2025 9:01,UNKNOWN,UNKNOWN,FOUR WAY,UNKNOWN,200,W,MONROE ST,9,7,7,41.88076896,-87.63387497,POINT (-87.633874974095 41.880768960918)
825768f050d36d9ecfb08d011aabba2a80b4d88e83661668563c23845cd8e4cf9897b9295c581908180ff11228329efc0e43213533fe736bc1b0f41bcf5eef48,7/25/2025 21:30,CLEAR,DAYLIGHT,PARKING LOT,DRY,111,W,WACKER DR,21,6,7,41.88670684,-87.63140796,POINT (-87.631407958651 41.886706842037)
36e98808035dc60458ea2d7466b0bede2eb478d76dfca782e3c378efb0fcfb77b1a93eee35e77057606f14dd9fa56b7f0ca8e87b45161d919fb2018cf79165ac,7/25/2025 19:00,CLEAR,DAYLIGHT,DIVIDED - W/MEDIAN BARRIER,DRY,240,N,LA SALLE ST,19,6,7,41.88678441,-87.63262706,POINT (-87.632627059079 41.886784406868)
edf1375b637484bc5b18f4f5036990e27180db86d7e24cd28ad1d331a35dfcce3437cc408534548306d705928d7c750c29771f84204accad88d457e1969e2900,7/25/2025 16:30,UNKNOWN,"DARKNESS, LIGHTED ROAD",OTHER,DRY,201,W,MADISON ST,16,6,7,41.88183547,-87.63389739,POINT (-87.633897388601 41.88183546591)
fb31312cb11b05cc5c6e76cef69f4f41607fa6c68c6c58a59d67867cd5b658b18f4077cf345a273be3ea4ffde1a54851789bd9dce9a0b2dcb1a532e6c5aebd66,7/25/2025 12:59,UNKNOWN,"DARKNESS, LIGHTED ROAD",DIVIDED - W/MEDIAN BARRIER,UNKNOWN,222,W,LOWER WACKER DR,12,6,7,41.88705826,-87.63480204,POINT (-87.634802040642 41.887058257995)
2629a4027a5dda826525c004050f8761c6b685036ce6169cdcf01d9a2312c6212e48c02e970eac06b81041bdd2655f3b026e5ae69755ac5dc7719c955dbd2bb9,7/25/2025 12:32,UNKNOWN,UNKNOWN,NOT DIVIDED,UNKNOWN,331,E,WACKER DR,12,6,7,41.88752707,-87.61929414,POINT (-87.619294138983 41.887527073601)
28ec2ea5c7e3e66b3435d9d6826611905dcf89a6d5827a5fa33e070f17c01fe9125152928bbcb0accf5091e324e8b0e9d33cdcd4ecb2a499cba32f0bb0053d0d,7/25/2025 11:30,UNKNOWN,DAYLIGHT,NOT DIVIDED,UNKNOWN,211,N,STETSON AVE,11,6,7,41.88602728,-87.62216627,POINT (-87.622166270919 41.886027277678)
77a176dea4aafddf6a462d0522dd41a8fb8b770259940dd97013d1a13c73a9adc69ae84b26b5351155d8a4cb20ae41e4462c4aa50aaaafb9cea3276fdda06504,7/25/2025 11:23,CLEAR,DAYLIGHT,ONE-WAY,DRY,201,E,SOUTH WATER ST,11,6,7,41.88680041,-87.62224306,POINT (-87.622243056661 41.886800411541)
2be60b3861534f4d6b82611a8874de5aacfc3035a231568e045016cb78728762287534cf7eafaa89287d7675c0fba4d55243498d4e24272f5677466556dc63b0,7/25/2025 10:25,CLEAR,DAYLIGHT,ALLEY,WET,430,N,LA SALLE DR,10,6,7,41.89004243,-87.63269468,POINT (-87.632694681299 41.890042429682)
29d1b5e162c521cbcdc47623440b5bf54041a3cd0fdeb46240780492004a6accd472b03ca2b77224874101879263a0b4d1dc3d76defa019d811d8e6645262e93,7/24/2025 20:30,CLEAR,DUSK,NOT DIVIDED,DRY,151,E,WACKER DR,20,5,7,41.88799989,-87.62256513,POINT (-87.62256513256 41.887999887349)
21a1cf1c562fdeab814dd934c7757e0f9bf55a19e84562137b41ce40b48be11003a4a75712921c1d6c0e048cedc879e092e956596358c97ea362ff4ca9f5c198,7/24/2025 18:50,CLEAR,DAYLIGHT,NOT DIVIDED,DRY,300,E,MONROE DR,18,5,7,41.8809852,-87.62062875,POINT (-87.62062874871 41.880985202525)
acae8cbe2d1e6dae27752879d5ebabe4eaaca31207fe7592436c1d1027adf341b37f2f9b0f6e262ecd3f3dd60f85c2aa5a94c97700063dbcebac2e3bea13f5d6,7/24/2025 17:10,UNKNOWN,DAYLIGHT,ONE-WAY,UNKNOWN,150,N,WELLS ST,17,5,7,41.88449841,-87.63404285,POINT (-87.634042846828 41.884498405733)
320032ed78e16cbd4590d5721d87d115487aef969a54311f32e4fd2411c66c0d0232265100eadcb3a800883b169e1d7290973d6f440b6e71aef94824f652bc35,7/24/2025 15:00,CLEAR,DAYLIGHT,DIVIDED - W/MEDIAN (NOT RAISED),DRY,8,W,MADISON ST,15,5,7,41.8821258,-87.62810265,POINT (-87.628102650393 41.882125798759)
f4e1f209d745e1481b06c47f247eeed57d889971013d6e7a7debf1e23976b1a294f4b470f1076d396e6dc87781d3eea60192cc8cf01419da1aefc6c2c874b409,7/24/2025 14:45,CLEAR,DAYLIGHT,ONE-WAY,DRY,150,W,MONROE ST,14,5,7,41.88078681,-87.63240446,POINT (-87.63240445739 41.880786810461)
6dbba6a769aa10f45719f70c0c07d39fb380bfeaca5af2a9b9a621031d0a24b41ac0e6441397d0f1c395ada4ff52550cc32e0a99f8733b7737d43aec85fe9d10,7/24/2025 12:40,CLEAR,DAYLIGHT,ONE-WAY,DRY,17,N,WABASH AVE,12,5,7,41.88248143,-87.62607683,POINT (-87.626076826909 41.8824814273)
4ed42be03a4cbe683d7caf5e4550abfc54e1f467b5c79aaed4a7133122f276313937f8f8d70574d75ab812a0bc3bce00d049573fa7b1c6ddf73059135d983972,7/24/2025 11:11,CLEAR,"DARKNESS, LIGHTED ROAD",DIVIDED - W/MEDIAN (NOT RAISED),DRY,111,E,WACKER DR,11,5,7,41.88807943,-87.62404737,POINT (-87.624047369764 41.888079426105)
e7337f2bf66788954a45771adeb0f86f3ca51bed42e6d017aced5aeb3ec8fe399dc2ee9f9fc0fc604f6bdcff4cf809e05f0ba23a7d5cdae44d24a582a5845d3e,7/24/2025 7:50,CLEAR,DAYLIGHT,DIVIDED - W/MEDIAN (NOT RAISED),DRY,25,N,MICHIGAN AVE,7,5,7,41.8826705,-87.62424154,POINT (-87.624241538569 41.882670496958)
e85681ca9bb9169ced9ca18e8049095f53a55ecaf51808cccdfec57b04f32408dd4634298ad212218096ba509079092ac70fc4c8572a5927b34510fb160775e8,7/24/2025 7:16,CLEAR,DAYLIGHT,ONE-WAY,DRY,201,N,FRANKLIN ST,7,5,7,41.88578469,-87.63526314,POINT (-87.635263141109 41.885784690122)
bea312474ef1ed3b0b077430d51dee5971e4206c0f47698e6bf822dbbecec49db1149081b399611d6ee7e35df55fc6c506613c99d9003d895743c983252dcca0,7/23/2025 21:20,CLEAR,DUSK,NOT DIVIDED,DRY,5,S,COLUMBUS DR,21,4,7,41.8819421,-87.62059571,POINT (-87.620595711289 41.881942101491)
443249cafd667aeab249a2e6aba84ffce514485f8a03ff120d49e7f449fc8614d029a4fdea7b689ec9b1a4de1eeacaa38a6c0cdffacd1ea9b8ecda0e077b7d38,7/23/2025 17:30,CLEAR,DAYLIGHT,DIVIDED - W/MEDIAN BARRIER,DRY,66,E,WACKER PL,17,4,7,41.88692341,-87.62538653,POINT (-87.625386530919 41.886923414167)
9b6f052846d0a54bf2f662f9bff6401882f963129d3aa7d4ff9fa362d7980458696f01b0c662c7a6bb0981d670d04ac44ddb359799276d4bc8312818aa34feb7,7/23/2025 16:30,CLEAR,DAYLIGHT,NOT DIVIDED,DRY,235,S,COLUMBUS DR,16,4,7,41.8790544,-87.62058658,POINT (-87.620586577771 41.879054401989)
bf7fcea963ef0ad6476cd47263a4e5713bd223eda42b6144e450ed1bb3b578d748b67bcb82124a7c415fbe0b08891f57c3db878329d83bc12877f67863f33934,7/23/2025 16:00,CLEAR,"DARKNESS, LIGHTED ROAD",PARKING LOT,DRY,401,N,WELLS ST,16,4,7,41.88921522,-87.6338644,POINT (-87.633864400819 41.889215221757)
9bd3ca6582ad374ffe32fca0c044d41e6e28dc0086ef7a60160033832bf0a600e445afddd0cd04e235e65c09bf64575a4f55bb01cf5db6e678d36a852be4f197,7/23/2025 15:50,CLEAR,DAYLIGHT,DIVIDED - W/MEDIAN BARRIER,DRY,112,E,RANDOLPH ST,15,4,7,41.88454861,-87.62392953,POINT (-87.623929532169 41.884548605766)
f398622d71ec6fe6e8dad3897634b67689f1cb4422a110a25f257c893e0dd148c640bd063b69d725164444a5b92099d4a9e90b276caff4ec4c6f53471915b207,7/23/2025 15:24,CLEAR,DAYLIGHT,NOT DIVIDED,DRY,321,S,PLYMOUTH CT,15,4,7,41.8775935,-87.62858706,POINT (-87.628587060163 41.877593500503)
d623053fd509008856a2eb82ae46bca257bc96f6b83a45bfd492625da0fafa88433461e6e206ba59df125cbd686ea0c7b671c56c13a4c4637890f685df9299fa,7/23/2025 15:10,CLEAR,DAYLIGHT,DIVIDED - W/MEDIAN BARRIER,DRY,227,W,LAKE ST,15,4,7,41.88562149,-87.63488887,POINT (-87.634888871539 41.88562148545)