CRASH_RECORD_ID,CRASH_DATE,WEATHER_CONDITION,LIGHTING_CONDITION,TRAFFICWAY_TYPE,ROADWAY_SURFACE_COND,STREET_NO,STREET_DIRECTION,STREET_NAME,CRASH_HOUR,CRASH_DAY_OF_WEEK,CRASH_MONTH,LATITUDE,LONGITUDE,LOCATION
cf7ecd975ca7471f5d0c225cf7cefa4e2214b450c64f8d110347e943c13f980a5c90aeedaa7edb3fe053df0dfc555880f70dc8f73cb372fe8349b17e1dad9adf,7/23/2025 14:00,CLEAR,DAYLIGHT,DIVIDED - W/MEDIAN BARRIER,DRY,121,W,WACKER DR,14,4,7,41.88670647,-87.63174095,POINT (-87.631740945436 41.886706472621)
760dabcd3c3ba3fd978f976863f9c0f78abeb415386dc09987389d50f067d7a65189ca1cadf39309e27ecb4806d04c234d607dab53e6048bc5140b39e06911ce,7/23/2025 9:56,CLEAR,DAYLIGHT,ONE-WAY,DRY,230,N,LOWER MICHIGAN AVE,9,4,7,41.88649668,-87.62471412,POINT (-87.624714122361 41.886496681194)
468b7262d840aa37b4c673677c9348103a09dbda142afce7842fc3dc273906093fb4d25e43164dff94c02f74ddad1852a41f971d5e40e2b3503c7263bcd0157c,7/23/2025 9:00,CLEAR,DAYLIGHT,NOT DIVIDED,UNKNOWN,1,N,FRANKLIN ST,9,4,7,41.88196747,-87.63516544,POINT (-87.635165442847 41.881967467024)
42343d7a978dd338c89c59b57131cc7765e65b911136fcd49dd16808c81370a505b2f4aa2df0ec97c35d6afc3b8d1acaaf57eb6600677ca67ff2f8ff79973184,7/22/2025 20:05,CLEAR,"DARKNESS, LIGHTED ROAD",NOT DIVIDED,DRY,600,N,STATE ST,20,3,7,41.89250117,-87.62824274,POINT (-87.628242737819 41.89250116695)
a2d453c64611bacb6e6f175f94153118bbfa884088a75f9ec1be4fdba97042a487142637ae42b0895b023828a4606b0768212869e1641ca09a5ad1c208f05cb6,7/22/2025 18:52,CLEAR,DAYLIGHT,ONE-WAY,DRY,521,N,RUSH ST,18,3,7,41.8916713,-87.62522473,POINT (-87.625224727853 41.891671299854)
54056e0b456196ab177be8a48e27be3e9b8733d1d56e6cfb71e0b564ccd48cfcf6fa71dcd140bb6c0f601d17dbe2394f73d24b9d30d04d76582a60cf1b290e9d,7/22/2025 17:45,CLEAR,DAYLIGHT,NOT DIVIDED,DRY,623,N,MICHIGAN AVE,17,3,7,41.89324118,-87.62406246,POINT (-87.624062461263 41.893241177936)
c7db57010512f23d9f01565cee62a4c0b0887a106edb9cd39fcf678998350be95f15fab1007cfea4339fc1d5d42ef16250dafcd8fd8b71f040c7cf1a051a1675,7/22/2025 17:16,CLEAR,DAYLIGHT,NOT DIVIDED,DRY,121,W,WACKER DR,17,3,7,41.88670647,-87.63174095,POINT (-87.631740945436 41.886706472621)
77ca21cb86d2fbf162776658fa7aa550a5bb9af0095f00497b3b6c04ba5dfd50cb6f1f81537ea7c66b59097d0df1adead1d522373d3c30873f21602469216095,7/22/2025 0:39,CLEAR,"DARKNESS, LIGHTED ROAD",NOT DIVIDED,DRY,400,N,MC CLURG CT,0,3,7,41.88911847,-87.61775488,POINT (-87.617754876517 41.88911847301)
00be8004c4feda7729dd2de7ba19f28243728488f5f19876bf27291acd2f040d13e9fe762603779b1deac1e754856cc2ad4f97e45edc8164f9b92f21c5addb1d,7/21/2025 21:30,CLEAR,DARKNESS,FOUR WAY,DRY,200,S,COLUMBUS DR,21,2,7,41.87953617,-87.62089453,POINT (-87.62089452856 41.879536167659)
8d336b3bb2c5d5302b68569c79c9ade30d5d239bb19cb06f9d1d42e608015401fb998f1cedf6879eaee04d3ad8cf9d732b4b873c99f10099357d741fae03b070,7/21/2025 21:30,CLEAR,UNKNOWN,FOUR WAY,UNKNOWN,300,S,COLUMBUS DR,21,2,7,41.87826558,-87.6208223,POINT (-87.620822302974 41.878265577833)
fda9abff35f7fb241044d0accd83ba50236e1ce6a2087a2e7759fab97c53b739aa0ac207ead88c20c1af44d41cc15ad5601a2782e8ad8965a84b56f488a30efc,7/21/2025 15:45,CLEAR,DAYLIGHT,NOT DIVIDED,DRY,500,N,MICHIGAN AVE,15,2,7,41.89097123,-87.62427695,POINT (-87.624276945562 41.890971229645)
d5f0648250ed8f1138a04fa213be7f0899e448a830b214b967a07b954c88014216dfe99995f3b845179c5aa126e8ddb631f689491dd4c17caed4d46c576c2d3b,7/21/2025 15:25,CLEAR,DAYLIGHT,NOT DIVIDED,UNKNOWN,255,E,GRAND AVE,15,2,7,41.89168984,-87.62044413,POINT (-87.620444134826 41.891689839807)
b5f149adbd7b2ac209b8f0e57d00a643387acbe42b3ff7657c72b30ce29c96302976f3f30688c587370d5125bb2afb00477a4e7788a5e79ea07e9f0e56ea6b06,7/21/2025 15:00,CLEAR,DAYLIGHT,ONE-WAY,DRY,20,E,ADAMS ST,15,2,7,41.87960813,-87.62699911,POINT (-87.626999112973 41.879608125405)
27e791e8d809e0e20d6a4f885d9343352097c6fbb5995c75e231d5d661931e192bd53c98efd97217847bc850f5c40b50050eefe6a9c926fcc43d8ded5600e144,7/21/2025 13:49,CLEAR,DAYLIGHT,DIVIDED - W/MEDIAN (NOT RAISED),DRY,36,W,WACKER DR,13,2,7,41.88704448,-87.62930844,POINT (-87.629308443553 41.887044478059)
96a8b0261b0b0ddf0508ea2d0c13ab482d16b34a7d80ad41739e8f6baf9de542bc09c24b6bdd80b3c54516fcd6d9df991373fd468e39b48b2d3127bc226e3e27,7/21/2025 11:20,CLEAR,DAYLIGHT,DIVIDED - W/MEDIAN BARRIER,DRY,258,S,LAKE SHORE DR SB,11,2,7,41.87843745,-87.61757918,POINT (-87.6175791807 41.878437452526)
19ae6e2e3b40ebc9fdec709a175f06059c89c2b2cb9b61a89239346903e7d611505b7c0e4b83bd7eb0aa0a65131952a0e706e78d03bcd6173e65ea76e7a2dcc4,7/21/2025 10:35,CLEAR,DAYLIGHT,DIVIDED - W/MEDIAN (NOT RAISED),DRY,300,N,COLUMBUS DR,10,2,7,41.8869732,-87.62084833,POINT (-87.620848332588 41.886973200874)
1c23d55960203906d9a40de3039b3b692213dce307879d0fae56b09ff3a6942b39b6aa900016b00d62735d5851cc88031fc4b5b2c1219f9905fbdb4e9bb133d4,7/21/2025 8:15,CLEAR,DAYLIGHT,NOT DIVIDED,DRY,217,W,WASHINGTON ST,8,2,7,41.88310003,-87.63437825,POINT (-87.634378245247 41.883100029814)
d00dc45f8cb017b96192e68d98ede8dc9cb1224db64690dc0efb5da6b3b919f13a6c15b14b97bc357c78f9f300b8a2ebcd5818ab4a7fad9c82e2b4e875446422,7/20/2025 20:10,CLEAR,DAWN,FOUR WAY,DRY,98,S,MICHIGAN AVE,20,1,7,41.88089012,-87.62448327,POINT (-87.624483266019 41.88089011864)
76f848d830a9d51c628481c0bed6b3cb21c822abd9f7a65c8cce6f71efd49ec4c013332c09a50bf16aa365bec7c694cde766c9e11a87e2465fef286d023be7bc,7/20/2025 19:54,CLEAR,DAYLIGHT,ONE-WAY,DRY,2,E,ADAMS ST,19,1,7,41.87960177,-87.62764348,POINT (-87.62764347737 41.879601771907)
c930a6fa3d5a48dc0a6d496418b4768171ee69de0a154304add8bbb4c44c062b5668cfc9ad13189f51cec9741255648433ed628ea7604404ff711770b95781b4,7/20/2025 18:53,CLEAR,DAYLIGHT,ONE-WAY,UNKNOWN,60,E,OHIO ST,18,1,7,41.89262531,-87.6257263,POINT (-87.62572630042 41.89262530563)
ad73fad8ce2f2b441f9328e0213762a056ac84426a5e61f94ee97e00760d87b19cb5ff4d9ebb87930374806aa29965048f441f9676c0b96d132700edfd7c1ad5,7/20/2025 3:15,CLEAR,"DARKNESS, LIGHTED ROAD",FOUR WAY,DRY,105,S,LAKE SHORE DR NB,3,1,7,41.88076552,-87.61710365,POINT (-87.617103647274 41.880765521889)
8a6c4a986be85b91cefe9f1c1c5c368a160a571c321f8f2dcaea92c726be0b8474365f148cf4ee8da4f356bda04d41744f399071b2cf88b438b5b8760e9c2600,7/19/2025 23:37,CLEAR,"DARKNESS, LIGHTED ROAD",FOUR WAY,DRY,364,N,MICHIGAN AVE,23,7,7,41.88834353,-87.62464876,POINT (-87.624648761452 41.888343528092)
03f15668cb49af1eb743fc0abd10bbe452eaa6516bcece9853c077c8a99e13566ea54ac656292d77276a6e92d10e53463483d9874988cdcf34222ca77c7d759d,7/19/2025 22:29,CLEAR,DARKNESS,ONE-WAY,DRY,71,W,MONROE ST,22,7,7,41.8805919,-87.63044233,POINT (-87.630442327033 41.880591895361)
58e3638e98918f3fd88ae33eaa64a0ce0b647287827048c867af48f794ee715484bff739cdb00bf4d251aa8cc3d1e0a17309fd6d2b963dee295dee5d2d859107,7/19/2025 21:00,UNKNOWN,UNKNOWN,DIVIDED - W/MEDIAN BARRIER,UNKNOWN,111,N,LAKE SHORE DR NB,21,7,7,41.88306562,-87.61545613,POINT (-87.615456134488 41.883065622637)
73161aa8415332dfd01401b01aec5437b8e33785e312785ec2b374379561e75218b81ce7f2902e1214a7e6862b630cd80637cd06b50da1d2a674ff6a7077c5c0,7/19/2025 18:17,CLEAR,DAYLIGHT,NOT DIVIDED,DRY,66,W,KINZIE ST,18,7,7,41.88932859,-87.63054785,POINT (-87.630547850953 41.889328593567)
f47e6f126e1ce22964d740199a66119dac00bb54bab03e7052ecc3e20486945342ba4b8032b6bd44e835d054a054a56eba58d5d418b6006443fec2c6eb69f99d,7/19/2025 18:00,CLEAR,DAYLIGHT,ONE-WAY,UNKNOWN,400,E,LOWER WACKER DR,18,7,7,41.88755113,-87.61735601,POINT (-87.617356008287 41.8875511317)
0f43bd15e265f30579cefe5abfed66b9663626c8ff6be84c58dfba2ded8b8b2ced05e7c2d6f680100126efb3e136b571f71aaf48d51e8a4b2f1c36b7571c02d1,7/19/2025 17:50,CLEAR,DAYLIGHT,DIVIDED - W/MEDIAN (NOT RAISED),DRY,287,E,LOWER WACKER DR,17,7,7,41.88769947,-87.6208488,POINT (-87.620848799935 41.887699473201)
05e68bb3d2214ea93812d89a2877c73f644cdbaed11d570c1e5fb1bc5c85a8ab9864e6135960c0eb446c488cb8bc903ff331ad58e702e4dacd2b094dba1a8142,7/19/2025 17:25,CLEAR,DAYLIGHT,ONE-WAY,UNKNOWN,171,W,ADAMS ST,17,7,7,41.87928466,-87.63291116,POINT (-87.632911162699 41.879284659507)
7ee2f24f31efde632b224c19a3dd428104e088b4ed922936295253e9ecc80370abb0f8e1235851b1991b50d75768270309ac6383568585df55f3dcf2fbd8789f,7/19/2025 15:25,CLEAR,DAYLIGHT,NOT DIVIDED,DRY,301,E,LOWER WACKER DR,15,7,7,41.88767222,-87.62057394,POINT (-87.620573939863 41.887672220686)
c8b2d698c2816549cd30580f59216c326d35b8ffdeec758e7818046b40f495cf6ac692d43431a25b9dfba1ba83fd234909858cabdb7c7a0dd7df961846f69198,7/19/2025 14:30,CLEAR,DAYLIGHT,OTHER,WET,209,N,LAKE SHORE DR NB,14,7,7,41.88566297,-87.61348651,POINT (-87.613486509022 41.885662971278)
fc5b09d07f74181f57c5f313b2ed75f1c3bf95643215037a6be43a3c431f118916b1993d68d7b5e1379b6ed1eb8d788744b3c669ac5de8202ddfc4159592a1bc,7/19/2025 12:03,RAIN,DAYLIGHT,T-INTERSECTION,WET,30,N,MICHIGAN AVE,12,7,7,41.88275463,-87.62453528,POINT (-87.62453527696 41.882754628875)
1aea8a9243da9b290a824dc018837b6759765e62661cbe347c5c3f2030c96e67c4ec8e06cac77eaf224a98a612852bd95658c9cf03bdc7a8c704ca515b4e058f,7/19/2025 8:46,CLEAR,DAYLIGHT,DIVIDED - W/MEDIAN (NOT RAISED),DRY,140,E,GRAND AVE,8,7,7,41.89184026,-87.62392444,POINT (-87.623924438063 41.891840255412)
4bd6436533794a3330983581820bf80251f1e20dcc401f763a43f73f5d06c288ce58ad26ec5620546ed945697a20c720c5afffddf42fc00049e8f0185f4c494e,7/19/2025 8:05,CLEAR,DAYLIGHT,FOUR WAY,DRY,530,N,DEARBORN ST,8,7,7,41.89168202,-87.62980115,POINT (-87.629801148647 41.891682017778)
42e09b5f5b2e19611e66aa4e235ab7c9dd74792d44ec5852295b838df5619e354d919400b704bf8486d03d3163a2130beac5b601e8aa30422787ea5c4702891f,7/19/2025 6:30,CLEAR,DAYLIGHT,FOUR WAY,DRY,302,S,CLARK ST,6,7,7,41.87803702,-87.63092915,POINT (-87.630929145691 41.878037018138)
324cb266a0e5733454386ff05f8f41703f99f87f2d2d702dd4fb167ea5affff081b2dc0fdd1f4ac75185f11f9e71e489640e7bf4be9651b4a09c12cf91a5f46c,7/18/2025 23:50,CLEAR,"DARKNESS, LIGHTED ROAD",NOT DIVIDED,DRY,425,N,LA SALLE DR,23,6,7,41.88996409,-87.63239972,POINT (-87.632399724456 41.889964087532)
f3c342e027644b93f84be006bd54d71083efc2e6adf906d8b06633695e2c4a8f66e54b19dbe4871eda9d9a4811d0a61a2ad9e15019adcf14bbb1ac7e385adbc4,7/18/2025 21:40,CLEAR,"DARKNESS, LIGHTED ROAD",DIVIDED - W/MEDIAN (NOT RAISED),DRY,208,S,LA SALLE ST,21,6,7,41.87910994,-87.63243043,POINT (-87.632430427645 41.879109939003)
dbaf172afb5edc041cfc97d5dea55d1cb66871243a6801e563696739283a12e783a3e3c200f22b231cb50d39cb2ffaa496ef709ddc9e0ffdbad17e3e14c48c4e,7/18/2025 20:03,CLEAR,"DARKNESS, LIGHTED ROAD",DIVIDED - W/MEDIAN (NOT RAISED),DRY,335,S,MICHIGAN AVE,20,6,7,41.87743687,-87.62415214,POINT (-87.624152137135 41.877436867082)
97c6e216a8e85b4a5c89d1298e2ce124091eac633265738e4bf03342e21cfe6216e4a03c12e68253c64b15b1db4fc0ae4c7777f8bd44ce3911a394c4c5fba63c,7/18/2025 18:40,CLEAR,UNKNOWN,FOUR WAY,DRY,47,S,CLARK ST,18,6,7,41.8808103,-87.63070863,POINT (-87.630708627092 41.880810302354)
718217c9a7fc2b882b133862a1d5d5f4bd1f02d0caf3029c8ac26794fe87e4d96f8f52ff9f0064acb2131d125a8c3548601803ceb09ca69f45fab1d90c8f776f,7/18/2025 17:30,CLEAR,"DARKNESS, LIGHTED ROAD",FOUR WAY,DRY,300,E,LOWER RANDOLPH ST,17,6,7,41.88452957,-87.62052732,POINT (-87.620527320212 41.884529565628)
3f139a1f8849c6b7940a362f05979310b528b4453a2d1c8200f1d93f5a7916195bbea6708bb46be0576fe6a9f7574f56e8a27ebf738adaba107c62424f8484bd,7/18/2025 16:47,CLEAR,DAYLIGHT,DIVIDED - W/MEDIAN BARRIER,DRY,170,S,LAKE SHORE DR SB,16,6,7,41.87971074,-87.61760985,POINT (-87.617609852511 41.87971073635)
950c347ff79dbcf227fcad67f6c979fcceb2a8ffd5ec6d0c093d7f3c342d5b8926fa5c6539b70a7ec0dd77d6847c454d29a89b4f48aaa30215a1c3c5e3ea197f,7/18/2025 15:30,CLEAR,DAYLIGHT,NOT DIVIDED,DRY,150,N,WABASH AVE,15,6,7,41.88452563,-87.62639583,POINT (-87.626395830991 41.88452562522)
6cb1f8c3a740a24b4617ab78ad1f970f42a51f9809c8dfeef2be1ca7effeaf77a72775e5559237ed6427960d7bb6c836c40fa33e56540293610c9c6bdfddfb4e,7/18/2025 14:53,CLEAR,DAYLIGHT,DIVIDED - W/MEDIAN BARRIER,DRY,150,N,MICHIGAN AVE,14,6,7,41.88453096,-87.62460204,POINT (-87.624602044601 41.884530963783)
f4c169e27e2b236aebd2e5ea9a1713a408fa25298cbd6e2aaaad0b213821f7540aba6ce17b5568403159f3b03d1ce960a58430ac84c4045cc2bd571e9537ebc5,7/18/2025 12:22,CLEAR,DAYLIGHT,DIVIDED - W/MEDIAN (NOT RAISED),DRY,200,N,COLUMBUS DR,12,6,7,41.88600583,-87.62082896,POINT (-87.620828956741 41.886005833425)
cf256f4aeb2638a1cf7f348bc00fbfa9d9d9f905a2bf0e71651c3b2e7716eeb48e79da5b3555c05f668be5fac839b2d1208c8bb29d42bfe3e04c29f7eef4b544,7/18/2025 12:10,CLEAR,DAYLIGHT,T-INTERSECTION,DRY,341,E,WACKER DR,12,6,7,41.88751746,-87.61886424,POINT (-87.618864244913 41.887517464022)
1be9c28203917eaaef89a2f010cab16455d08be1509f060d316d91eafb6702b4a3b8e5f0986c75cffd26528da76fb8a776fa99f231d6abc91f58da22a460c908,7/18/2025 11:30,CLEAR,DAYLIGHT,ONE-WAY,DRY,101,W,MONROE ST,11,6,7,41.88058578,-87.63092434,POINT (-87.630924343271 41.880585777799)
79cfec1969e4ae6771a659f70f0f394ac1bd384200c693aa4701804513b1fa6f6d09630c06d21450584eb2f17435913a1109e2dd776965fff2ad6cc1edabe85f,7/18/2025 10:30,CLEAR,DAYLIGHT,ONE-WAY,DRY,60,W,RANDOLPH ST,10,6,7,41.88459019,-87.63013052,POINT (-87.630130517862 41.884590186868)
bc7df2b4ac322e6d278c286e2f733fa96ad44ce7bcc13fc55e74654c72711cbd7d4416351b74a1fa9af32a1f0e6a86119f1784634e478ad93ef8a56d415dfab7,7/17/2025 21:58,CLEAR,"DARKNESS, LIGHTED ROAD",DIVIDED - W/MEDIAN BARRIER,DRY,101,S,LAKE SHORE DR NB,21,5,7,41.88085693,-87.61710338,POINT (-87.617103384378 41.880856926277)
284a87652dfe77a1469a60615e60d2c9648b35c8a1401730cc843c42de289020cf893a3180c1eaa595c8a2adbb5a31561bd8b5da652869511314b2cf45c855ac,7/17/2025 21:00,CLEAR,"DARKNESS, LIGHTED ROAD",ONE-WAY,DRY,158,E,GRAND AVE,21,5,7,41.89186427,-87.62304349,POINT (-87.62304349368 41.891864266616)
8fc0d87c0043e127145de54eccb2f5565af2bde34479ff25628572a2171b88ab3227240be7f7014e0a4fb90fa4bd9abaab98c8330a83a1a353b3db153f9a8909,7/17/2025 19:30,CLEAR,"DARKNESS, LIGHTED ROAD",PARKING LOT,DRY,400,E,RANDOLPH ST,19,5,7,41.88464637,-87.6172485,POINT (-87.617248496239 41.884646365435)
794e31c92a890e25538fbdbe2e575aca0e889047e2326b01a50a514a9932cd35aa0efdd08795e07d02b5a2902edca974524c548f062a15c40fc4f33bac3f143c,7/17/2025 18:25,CLOUDY/OVERCAST,DUSK,ONE-WAY,DRY,45,W,LAKE ST,18,5,7,41.88563395,-87.62965543,POINT (-87.62965543352 41.88563395361)
29842d5bc710cb3aeeb7ca52c42ccec01ccb826ca62fcd15eb544d540b466e2eb62b8739e91e41c7a3feffe6ad37d5c652de6807ba61188c09dbaf0b70e7918e,7/17/2025 18:20,CLEAR,DAYLIGHT,ONE-WAY,DRY,130,E,RANDOLPH ST,18,5,7,41.88458837,-87.62327256,POINT (-87.623272561055 41.884588371969)
520bcc37be8cb18305a9b01298f52063b9f583b8751a3f2d2515c93abf6c2f9b44d6228470883a745f79ca1f004e03c426c70e4ee5468ef40fc1aba5800e2662,7/17/2025 15:45,UNKNOWN,DAYLIGHT,FOUR WAY,DRY,300,S,COLUMBUS DR,15,5,7,41.87826558,-87.6208223,POINT (-87.620822302974 41.878265577833)
66ea273ed29f1b8495a4bb20ed31e7a7f70b7a29891d385e7ab11dcfc366654f7d4c28e38aa0ab2806227238588b27a6079d17b336661c008c9b67d12ac858a6,7/17/2025 15:14,FOG/SMOKE/HAZE,DAYLIGHT,NOT DIVIDED,DRY,301,S,FEDERAL ST,15,5,7,41.87809995,-87.62958233,POINT (-87.629582334539 41.878099954842)
e33b6f2e22cd1b656a58b8cabb7e60ba4ea05b3707ecd82d763d5d9d839e7d0aab6abcdd129fb2fbf2eb7d5aa3684009d6dc5fd31a4e6926d85d5a30a4eac4f7,7/17/2025 14:20,CLEAR,DAYLIGHT,ONE-WAY,DRY,175,W,JACKSON BLVD,14,5,7,41.87801449,-87.63318903,POINT (-87.633189030014 41.87801448725)
661abcf3b3bc4f33fb5f74dc1c85c21ba4ae6cb7358bea446d0e2597cba4eb6c8b9899f56cf25d6086054427fd1139a043746441222af447ee4f318e155d0005,7/17/2025 10:00,CLEAR,DAYLIGHT,NOT DIVIDED,DRY,222,N,LA SALLE ST,10,5,7,41.8863516,-87.63261395,POINT (-87.632613945519 41.886351604489)
44c24c60364f2c625cdf5d353e9411aabf4ec30b98c6912a4a88b19793fc685b7c24f5004ee6a7e3cad91701ab5887e69636aea0f09fd3dca7c29795085f4c15,7/17/2025 9:48,CLEAR,DAYLIGHT,ONE-WAY,DRY,16,W,GRAND AVE,9,5,7,41.89176859,-87.62873765,POINT (-87.628737653651 41.891768594591)
256549b724661e96b44201bc7911b76b844a86a0b97971b646d442d7481e1ecda1c9c5984953cca648e470f719210f206ea6780dded81f445049d572a67bb6f2,7/17/2025 7:40,CLEAR,DAYLIGHT,ONE-WAY,DRY,400,N,CLARK ST,7,5,7,41.8892498,-87.63120782,POINT (-87.631207820201 41.889249801889)
fdc8bdaa1e8a5797442524ac9eb4085eee4dd8dcc366c19d3caf74ab2c8269ceff4c028a553243e3448c6818de9036bfb11f32b572113e41cc62c1fc2d958ad4,7/17/2025 7:40,CLEAR,DAYLIGHT,ONE-WAY,DRY,501,N,CLARK ST,7,5,7,41.89086534,-87.63095955,POINT (-87.630959554086 41.890865337518)
e5fbe8fd305e09c87607d757d05d2c61fe695952ad2b41ad7ee9df5f05c7328245ff20f8237668b688fb38fa21615fbba5a402286baed02eea8b0bd58d58d696,7/17/2025 4:15,UNKNOWN,"DARKNESS, LIGHTED ROAD",ONE-WAY,DRY,201,N,STATE ST,4,5,7,41.88577819,-87.62779374,POINT (-87.627793736556 41.885778194868)
52ffc9638cd9ca0012863dd4fe970318a01852d50181eeb13bf1a0944bbb455de9a73407d84112ecb0f818bc8685c777009f20e6a6976272103462a5726f4de6,7/16/2025 20:00,CLEAR,DUSK,FOUR WAY,DRY,234,N,LOWER MICHIGAN AVE,20,4,7,41.88658925,-87.62471557,POINT (-87.624715567762 41.886589252926)
62d6f772fc3696820c653748f219edc7298775cc6ef9ce923fb9b0e4928d7e32d25488a1ad2cdf1fa56c1f1cbba2dc88a9c323d1b370993109f3fa7a397417c5,7/16/2025 18:26,CLEAR,DUSK,ONE-WAY,DRY,306,E,ILLINOIS ST,18,4,7,41.89112131,-87.61979904,POINT (-87.619799037015 41.891121314587)
57573a2b25ee937a8157161e9477443f16953218d80ee2924da37389814494a990e3999c043fa438093e84b7c3277873c19b5c6e1ed5eb1b6c7ada857a931168,7/16/2025 17:04,CLOUDY/OVERCAST,DAYLIGHT,DIVIDED - W/MEDIAN BARRIER,WET,122,S,MICHIGAN AVE,17,4,7,41.88026337,-87.62450498,POINT (-87.624504980387 41.880263372185)
f48bb377f0cdd11c334066d6ca0ca8501362645391373a9fcb25fc948022965b10697f553764d5b0fdc5945d4f08750d731c5fd69170da845a7b4f66c14fd4b0,7/16/2025 16:37,CLEAR,DAYLIGHT,PARKING LOT,DRY,180,N,FRANKLIN ST,16,4,7,41.88533037,-87.63554786,POINT (-87.635547862219 41.885330374442)
c026cdf5e526ec266b72cb9711e63274ee5f14587c2c93308de2fa4fa5ff38b4649e795632d1bb84ed801db0d7efce0b7d66588ac53701b1894a2b088a8520f4,7/16/2025 16:20,CLEAR,DAYLIGHT,FOUR WAY,DRY,151,N,MICHIGAN AVE,16,4,7,41.88454011,-87.62430852,POINT (-87.62430852246 41.884540110592)
4259f45a57dc0e8a829c2ca3fbe2bcea799e6d7d8e3d88ba943d78a9012939dff7ec6b8ffed0b3fc5cd3b6094286be3e2f981cb5f90a92d0aa8f7f5df4ffd4f8,7/16/2025 16:10,RAIN,"DARKNESS, LIGHTED ROAD",NOT DIVIDED,WET,220,N,COLUMBUS DR,16,4,7,41.8863091,-87.62083552,POINT (-87.62083551967 41.886309104026)
c79723bb5cced8f283a345a853c0d068ab8931da22eb34814800db05726e7dbe145d7e4694347bee565c106c5757c968c3af4469ffeebf17b588c44ebddb6a46,7/16/2025 15:40,CLEAR,DAYLIGHT,DIVIDED - W/MEDIAN BARRIER,DRY,31,S,MICHIGAN AVE,15,4,7,41.88132609,-87.6241971,POINT (-87.624197097593 41.88132608651)
4226a903fca10fe4d817b8758cbb56c3584b1a1a9fbf455199fb9addf4e12f32deea3114db45d3451268996b5089efa3ee6a8945f550ab4fd07ae5e782af5ba5,7/16/2025 13:08,CLEAR,DAYLIGHT,FOUR WAY,DRY,2,N,MICHIGAN AVE,13,4,7,41.88216417,-87.62451427,POINT (-87.624514273622 41.88216416733)
6728335c70a948ecefa61cd0979ab24fab791d15c5d4f2318e8b46cb7753e8cb2ca7b81b28fe9bb98fd4b729dfd48083f53934eb6ea9ecd68f60a2adfeed2981,7/16/2025 12:57,CLEAR,DAYLIGHT,PARKING LOT,DRY,333,E,BENTON PL,12,4,7,41.88539005,-87.61898671,POINT (-87.61898671164 41.88539004667)
27300404fafa426502d75e566adae7af10ee3ecef54662662e838ff4f0f3c08b25ea08f7fcb4abfeda97fe29835604cb334a7329082276e9000d422bffb2bb5a,7/16/2025 10:10,UNKNOWN,DAYLIGHT,DIVIDED - W/MEDIAN (NOT RAISED),UNKNOWN,71,E,MONROE ST,10,4,7,41.88070139,-87.62506894,POINT (-87.625068938881 41.880701394646)
cdef9d45c5ffb769d5eb42126ab52e6b2f8a8e6c55214fece41b0636d2f2ba90a16446892b4fee172667a85e0bd8a0bdd8dcfa49ceb468620137e164d0e95ef5,7/16/2025 9:30,CLEAR,DAYLIGHT,FOUR WAY,DRY,41,E,IDA B WELLS DR,9,4,7,41.87557797,-87.62606336,POINT (-87.626063355208 41.875577966768)
333d129ab18fbada626d190ad24fd1f9077c36370add2c237768be5a74810a79ac914c527e54376afc9eba3d509590b8f83313894da6a3c1c3670f9f2dd4acba,7/16/2025 9:20,CLEAR,DAYLIGHT,NOT DIVIDED,DRY,98,W,WACKER DR,9,4,7,41.88704189,-87.63093196,POINT (-87.630931956164 41.887041891441)
13348e7063d43d6f655e66cdd73a1ede01e1f938dc62482b108f3accd5fd17f2dff99ed73dc04ec22d952c784a1ea1ff1700bfccb87487ad19f751fcab7867ab,7/16/2025 7:08,CLEAR,DAYLIGHT,DIVIDED - W/MEDIAN (NOT RAISED),DRY,500,N,RUSH ST,7,4,7,41.89094985,-87.62549617,POINT (-87.625496167836 41.89094984886)
a2e15b0feaff014e4512d76cce6375b738ef5c6dbb3dd92df138140df085c7d32db077649cd8b450ad00d2f19de48d5a960c5aebdfeda36a79e380fd6604053f,7/16/2025 5:40,CLEAR,DAYLIGHT,NOT DIVIDED,WET,400,E,WACKER DR,5,4,7,41.88786193,-87.61741982,POINT (-87.617419816135 41.887861926877)
d747b6f92b6154ed655fa2e1b3fe8a14b74e4a6b5177009c66cad5654363af896c7809f1193154622a9e603b7de78354d91a3d3307359c996d7033db167532bc,7/15/2025 20:45,CLEAR,"DARKNESS, LIGHTED ROAD",DIVIDED - W/MEDIAN BARRIER,DRY,100,S,LAKE SHORE DR NB,20,3,7,41.88085605,-87.61763589,POINT (-87.617635891755 41.880856047671)
d1ae038abce05e8cbc47a60ee75ec7bfa4769961604ce2b39340ebc25afa860b5ef046cd3dfd60a828b03cf0287bba254c7b17da4d21e423f3d4f519814fc2c1,7/15/2025 19:00,CLEAR,"DARKNESS, LIGHTED ROAD",OTHER,DRY,20,W,OHIO ST,19,3,7,41.89256774,-87.62892873,POINT (-87.628928725645 41.892567739795)