CRASH_RECORD_ID,CRASH_DATE,WEATHER_CONDITION,LIGHTING_CONDITION,TRAFFICWAY_TYPE,ROADWAY_SURFACE_COND,STREET_NO,STREET_DIRECTION,STREET_NAME,CRASH_HOUR,CRASH_DAY_OF_WEEK,CRASH_MONTH,LATITUDE,LONGITUDE,LOCATION
bbd758acb173a6e7b74200e465f3157d7c098615a8a15fb9e20bf7dae7cb2e2e413606dfaf4f59a8b3516a618a9acbdf05dcfcef9735256f5b49ccc8ba10b7d3,7/15/2025 18:45,CLEAR,DUSK,DIVIDED - W/MEDIAN (NOT RAISED),DRY,1,S,STATE ST,18,3,7,41.8819952,-87.62764725,POINT (-87.62764724523 41.881995197635)
bbfee6f28ca35c41b817677fde21df836644c9d7a404ea874221d728d72a9d2457f59a350759192d0bdb3680ed506965908ea779041aac4a09722c991105f8a1,7/15/2025 18:30,CLEAR,DAYLIGHT,NOT DIVIDED,DRY,333,N,MICHIGAN AVE,18,3,7,41.88754294,-87.624407,POINT (-87.624407002456 41.887542941392)
4862a6e17e5d541333578c5483a8a802f7436f4cca47241efc419278c5f826078d7a58e33b07b87f93de083d22b5ff055ec9a7a7b77e03d589802bae022b8f2e,7/15/2025 17:00,CLEAR,DAYLIGHT,NOT DIVIDED,DRY,318,S,FEDERAL ST,17,3,7,41.87762624,-87.62986197,POINT (-87.629861971218 41.877626240947)
6445981d4bf89082005dd6204b9e45bbdbae83d0c403e2307ebfbb15212b2cf4e9eb3b269d2f8f7115d80086e0b8310ebd6f774b951945b3e930efeec8f54854,7/15/2025 15:48,CLEAR,DAYLIGHT,NOT DIVIDED,DRY,180,N,MICHIGAN AVE,15,3,7,41.88525377,-87.62463473,POINT (-87.624634731093 41.885253768654)
9a39886985a83863533cc4ec97591d743ea2e4c7b6537023d3b103d8e789046842219f09cbdc93df20c29199cb5b40799f9a51c69ba44c62030790e72f069844,7/15/2025 13:00,UNKNOWN,UNKNOWN,DIVIDED - W/MEDIAN (NOT RAISED),UNKNOWN,121,N,LA SALLE ST,13,3,7,41.8837646,-87.63227535,POINT (-87.632275353537 41.883764598103)
fffa08e2f44eb967eb24cd5a2c063ac0351ac8f5cf62e909c40a9d8a4994e74a6e6db9fe40ddd0b8e003f04a1962ef429200294279f25b84138e1c1ecc8534b2,7/15/2025 12:10,CLEAR,DAYLIGHT,DIVIDED - W/MEDIAN (NOT RAISED),DRY,2,E,RANDOLPH ST,12,3,7,41.88460096,-87.62782852,POINT (-87.627828520965 41.884600961961)
3ed449bdff2e8f7b162ef4578c264c93153bbe8066725fd808caa8118abdf3d2341e4ff6dc3d6f36050750b543be2a081c19cc6a69d08b451ee8c2590654231c,7/15/2025 10:35,CLEAR,DAYLIGHT,UNKNOWN,DRY,200,W,RANDOLPH ST,10,3,7,41.88457905,-87.63396972,POINT (-87.633969720953 41.884579045949)
6cf7b1cc594569ecb56bffb94d32c09eb91aaca56d5f3c0746dc204ede93899c2293e2e59ff7f59f8f2dbbd4c2e6bec1f9a4bd45d5078946de75807fe305ad3d,7/14/2025 20:30,CLEAR,"DARKNESS, LIGHTED ROAD",FOUR WAY,DRY,340,N,MICHIGAN AVE,20,2,7,41.88770577,-87.62470386,POINT (-87.624703858025 41.88770576912)
4275143a0397aeef11741ebea7e1c2b8fac86f86552fe46f068e11336683621f1f10401c0bb9e854bc323dcdb94d56a5c4ca42092c6ce37ce1a5a515cdbd4f4d,7/14/2025 15:54,CLEAR,DAYLIGHT,NOT DIVIDED,DRY,150,N,MICHIGAN AVE,15,2,7,41.88453096,-87.62460204,POINT (-87.624602044601 41.884530963783)
72c8ad025c73e8d62353ddc4ad3fc4c4ca409cfa1b3127cc43bda54a8727cfdae556cf76f5063eaf879536ef6ee0fcd67494382dec14f799a2e20d4d99764a8d,7/14/2025 9:00,CLEAR,DAYLIGHT,CENTER TURN LANE,DRY,196,S,WABASH AVE,9,2,7,41.87958205,-87.62627561,POINT (-87.626275614281 41.879582046673)
278bd49bd853588e6b6f68c4212fb18064c903fc81f9204718874aca6f5821b2ed74ab7befe5101e1908a399cf00bc1e80b15ba41d1ca529844651d4172a8086,7/13/2025 23:30,CLEAR,DAYLIGHT,OTHER,DRY,200,N,DEARBORN ST,23,1,7,41.88579631,-87.62964615,POINT (-87.629646154129 41.885796312349)
c2d3e79478f24bed1dc53571461fccb40607ea913e113f59b2eee7753a1fe2660d8151cf93e23f3cb47006c203142cc98916545643c9f31782888b1d2e839b2a,7/13/2025 22:37,UNKNOWN,"DARKNESS, LIGHTED ROAD",ONE-WAY,UNKNOWN,200,N,DEARBORN ST,22,1,7,41.88579631,-87.62964615,POINT (-87.629646154129 41.885796312349)
a9bb6b81dab1790cc9f19b45c2e13b1a76005e7ca220c9bc5392b0aed482d99145eefb2dc7f523277e5687187aff498c3f879c36b51e3f4466e449e56c4a5364,7/13/2025 22:23,CLEAR,"DARKNESS, LIGHTED ROAD",FOUR WAY,DRY,137,W,KINZIE ST,22,1,7,41.88907928,-87.63245008,POINT (-87.632450084432 41.889079283982)
36750c8e89765e30fd8b78689661c7afe25c2ccbafa952c2cbef28cc58eb425e29185dd060c6266ce67072f02448b58b7effd20f6435e2532d90466af28ac510,7/13/2025 21:35,CLEAR,DARKNESS,NOT DIVIDED,DRY,6,S,COLUMBUS DR,21,1,7,41.8819683,-87.62088738,POINT (-87.620887377565 41.881968297984)
937c1b49332b5d34459a72998006691bb9697fd5c6154c5ebe5a37cf595541b28a18ca1eb664bcfa6ea182abe04924c558fb0f98ea55ed4536f2aae394178606,7/13/2025 19:24,CLEAR,DAYLIGHT,FOUR WAY,DRY,300,E,JACKSON DR,19,1,7,41.87844405,-87.62051796,POINT (-87.620517957578 41.878444050454)
90c160242993a17a403d36333b3f657741bb5d8ef99a071677d46ed066cc233055421aeadf815448667b24fd19a32c781c74f9892810313b24d4fe7d7df7a297,7/13/2025 18:15,CLEAR,DAYLIGHT,PARKING LOT,DRY,111,N,FRANKLIN ST,18,1,7,41.88350997,-87.63520441,POINT (-87.635204414786 41.883509970876)
c61155679fc58f3adce5ec6bd489a23a8648d9925b011f7e6ec5a175ce6830c5ff1b23c0394b6907f95b8810c4be58fe35cbfc3f5a944a5fb321af2ffa4d0a1b,7/13/2025 17:55,CLEAR,DAYLIGHT,ONE-WAY,DRY,317,N,CLARK ST,17,1,7,41.88796934,-87.63088634,POINT (-87.630886337829 41.887969335307)
2713b9f258b326bdfef4d53c241d43d27936e49d22e42556e99d8984d9bd1b8513b9a08ad7db2998ada0b06985a1601652fe931309fb16ae0a4ee950dadd3425,7/13/2025 17:12,CLEAR,DAYLIGHT,DIVIDED - W/MEDIAN BARRIER,DRY,100,S,LAKE SHORE DR SB,17,1,7,41.88085605,-87.61763589,POINT (-87.617635891755 41.880856047671)
54ac0f4289c198c3fe7801bfd6149a6e86a8f3f19dd320e7f2d9a86625dc1ee05bcd50e4360c2e5ee8f92aec05eb39ad61e2a852ef76e2189d33aa030185ed87,7/13/2025 16:48,CLEAR,DAYLIGHT,CENTER TURN LANE,DRY,55,E,MONROE ST,16,1,7,41.88068788,-87.6256435,POINT (-87.625643504087 41.880687878502)
65f761447eec189f9c83e91811841658ca8c45745eb3122f2777d430ac01054d279c2636d60af4e9b8217097ccc1b7ae1e388b212dbe0a0f600b87ecd0f8b14d,7/13/2025 16:00,CLEAR,DAYLIGHT,ONE-WAY,DRY,233,E,SOUTH WATER ST,16,1,7,41.88681376,-87.62126782,POINT (-87.621267822634 41.886813757029)
72f894e5c302295cfdc721006feb8711fdd831595d78e3a744a301fdba9f33b811dd5678a5098ddd9aae68be22b1c200888f92c0c374653c2cc61ae13b513e97,7/13/2025 15:09,CLEAR,DAYLIGHT,NOT DIVIDED,DRY,111,E,LOWER WACKER DR,15,1,7,41.88805354,-87.62408265,POINT (-87.624082645153 41.888053535745)
33b510bb0d57666f7b127c1c99f95d6c28349de829736a9d482e270d728866884e74c33caf6d72ac789c93f95667b14c23fe9e1ff7a184b64fe9ccaa2e7de2dc,7/13/2025 15:03,CLEAR,DAYLIGHT,NOT DIVIDED,DRY,155,N,MICHIGAN AVE,15,1,7,41.88463625,-87.62431389,POINT (-87.624313887229 41.884636249203)
2ba3767cb91df79b42d5e92abf14c97046329fbcc29b67d117b5c8c2fd86f5e4d727cea5be6b82c81d4ea6d042769df6f82645bf2291b9396a43d67a7a386c02,7/13/2025 15:00,CLEAR,DAYLIGHT,FOUR WAY,DRY,151,N,MICHIGAN AVE,15,1,7,41.88454011,-87.62430852,POINT (-87.62430852246 41.884540110592)
84ce432fb073079101f50dde528cf2f8b06c0db87099f66653b4c19d53eacb7f1ef029df7b6e27b06cbe83ed0e6f15b97906f781c8cc68abec05e344aba61e79,7/13/2025 15:00,UNKNOWN,UNKNOWN,ONE-WAY,UNKNOWN,315,N,CLARK ST,15,1,7,41.88791028,-87.63088541,POINT (-87.630885408715 41.887910280837)
3437138fd4d7e86cc9701ca3443dfdee742d9239edbdd68f1f1d830464ab34f64bc44760f585a8855cb2dbfa6dc1c1137583c7ba15a47a9d82760a5b3a2548e4,7/13/2025 14:50,CLEAR,DAYLIGHT,DIVIDED - W/MEDIAN BARRIER,DRY,181,N,MICHIGAN AVE,14,1,7,41.88525978,-87.62434106,POINT (-87.624341060618 41.885259777744)
b7fafb65b0ffe1054c690ecbc1b029baab512f925bbf0f2d615c66ebd395ae0ca609ff73d01cd89a7c62c7b8883257bf8c8cb841f3e1edd0af79ae58e7038c18,7/13/2025 14:00,CLEAR,DAYLIGHT,DIVIDED - W/MEDIAN BARRIER,DRY,200,S,MICHIGAN AVE,14,1,7,41.87948933,-87.62449812,POINT (-87.624498124934 41.879489328698)
a7782d21c33f0a595b52d2d86e2fdd9534da7b2328fc8a16fc42f623c74447c14f855d205378d32a263b6abf000482cf49914d542c395df9d1d8279363e2d891,7/13/2025 10:00,CLEAR,DAYLIGHT,ONE-WAY,UNKNOWN,120,E,RANDOLPH ST,10,1,7,41.88454795,-87.62358834,POINT (-87.623588343598 41.884547945768)
56e5df0634b8e0463bbbca655b05a086d64ff4dff0542e0013c7a9f0012ca3b2a00c92c25f0df57efe74b65894e22fb11415996c3d1127fc5b72c26404c7a2d8,7/13/2025 6:07,CLEAR,DAYLIGHT,ONE-WAY,DRY,100,E,OHIO ST,6,1,7,41.8926379,-87.62534141,POINT (-87.625341405856 41.89263789576)
25155c7d324f715195365cb97e8822076ef9d17ab5184ac14d549e53b0277bfec736fb9a529de616f9bb81fc8f61c7da8b7ccba1d8ca6c6ee4496d451a487944,7/13/2025 2:30,CLEAR,"DARKNESS, LIGHTED ROAD",PARKING LOT,DRY,50,E,OHIO ST,2,1,7,41.89261824,-87.62616035,POINT (-87.626160348476 41.892618240004)
21443fb864b803ef4e4086827e1693ddf2f32e60d5cbc99cb11a719113648dbe33f26c9a1dc0db57b6b27070fa953c229801cad0791f3daaac576baa934557dc,7/13/2025 1:00,CLEAR,"DARKNESS, LIGHTED ROAD",FOUR WAY,DRY,98,W,KINZIE ST,1,1,7,41.88932167,-87.63098602,POINT (-87.630986022954 41.889321670463)
9a419b85da3d7c7da87d5c0210c52ebc21ad676a7fd8c329393ea5925b10615ce8eb19e191b35114c51caf1a2fc5fa6b7dff44652bb4b17fc1bab6c87b36328a,7/12/2025 20:13,CLEAR,DAWN,NOT DIVIDED,DRY,2,S,STATE ST,20,7,7,41.88196032,-87.62793728,POINT (-87.627937278925 41.881960316027)
01dd460b9c921fce36903c655f29773b177fcadb785a8c9116026f819dd0f22f0520167a58822403e995e7d8f66024080dd24ccd44722a12c5a6d1e9dbceb8d4,7/12/2025 18:27,CLEAR,DAYLIGHT,FOUR WAY,DRY,400,S,COLUMBUS DR,18,7,7,41.87698616,-87.62078897,POINT (-87.620788969992 41.876986157351)
8776991cc2a684dd87a0b2e56e1df951ba032d021b68963ea5e1ba7227900caabe3d7f806bce48ba91f67910f2adf9a4c41940960875d6d53d9cc6a04bc30307,7/12/2025 17:15,CLEAR,DAYLIGHT,PARKING LOT,DRY,322,E,ILLINOIS ST,17,7,7,41.89113317,-87.61916021,POINT (-87.619160207046 41.891133170855)
6ef2e81a66989aaa73cd9efa12e2a133963c01fd59750189b75ba08a549ba0d10489f69d07869629b9f007ce869b1cc30a40d8f68d6e9fa178f09f1136e5a663,7/12/2025 15:38,CLEAR,DAYLIGHT,NOT DIVIDED,DRY,10,E,GRAND AVE,15,7,7,41.89179146,-87.62765774,POINT (-87.6276577412 41.891791463112)
804c4ed55dab9c48fd308d7b912db93eb7a2377c61923b5299196e9ed4fbf8f26d56e33bf0b0e4c7896c86908f4011fe82f22b0efa5b8a92a1c3b7b52b47ed2b,7/12/2025 14:00,UNKNOWN,UNKNOWN,DIVIDED - W/MEDIAN BARRIER,UNKNOWN,1,N,WABASH AVE,14,7,7,41.88213943,-87.62606961,POINT (-87.626069609545 41.882139430911)
b5871ef0400e54763e5ffad8273653e9193a7104dfe9e01f7cbd934f8bc7a2bef6fc5e9c8a3893e22d495fa62e201ee09b36929373c527b1abd12fa6f6c5b84e,7/12/2025 11:30,CLEAR,DAYLIGHT,DIVIDED - W/MEDIAN BARRIER,DRY,151,E,WACKER DR,11,7,7,41.88799989,-87.62256513,POINT (-87.62256513256 41.887999887349)
314fb309975534c248322deca94be062c8af96abf73cb54330867f04e867de7e042007cdf5e7e26e59e58d6f8ab7a949be2c197c2395a1bd69696f8f90bc2a6a,7/12/2025 1:16,RAIN,"DARKNESS, LIGHTED ROAD",NOT DIVIDED,WET,35,N,STATE ST,1,7,7,41.88285248,-87.62771366,POINT (-87.627713657955 41.882852478279)
c0ddea6051bd3bed2ee9e23b20837155d20d07a913e22120102da3c5844253115c58155ab793b472117ebcd372b049308a62030fe7926946e82f7b1f543558a3,7/11/2025 19:30,CLEAR,DAYLIGHT,NOT DIVIDED,DRY,9,W,KINZIE ST,19,6,7,41.88913727,-87.62843006,POINT (-87.628430059843 41.889137270566)
21aa8402edfb51e1dc05ab85952a564f764fe8413b470e2f616918013ce26fb763e0c674ea0fa39d33d5cfae1260abf4c73da72b39825dd6dd895de7100d0111,7/11/2025 18:50,CLEAR,DAYLIGHT,ONE-WAY,DRY,153,N,LAKE SHORE DR NB,18,6,7,41.88447427,-87.61356137,POINT (-87.613561367179 41.88447427434)
1e24763c19586bf4040d8bf91ad8c16ffc204b9b0a498cb3c4d998b5f2ba25064a03ee4317b102341cc03619f6241e48464a498a0782d69e3a9b1f1eafd8ea8c,7/11/2025 18:00,CLEAR,DAYLIGHT,DIVIDED - W/MEDIAN (NOT RAISED),DRY,200,S,LAKE SHORE DR NB,18,6,7,41.87958346,-87.61760712,POINT (-87.617607116909 41.879583457474)
3d5b618831b611bc2c668cd0267b19ff06f82f63035ced9b59474c994b3222b01b9b9aeb26ba87fb4eef1a099e2a17aa1734081467ed2cbc178d120c03f9530c,7/11/2025 17:55,UNKNOWN,UNKNOWN,ONE-WAY,DRY,100,E,GRAND AVE,17,6,7,41.89182349,-87.62531771,POINT (-87.625317709668 41.891823490173)
72eca18b8923062c7386762a5a06b3623bb9ff33e22def28064196dd7796ffed4d64678d3d56f1dd7c58064e4a9defaad5373d92a211025280e2621e6b92d6a5,7/11/2025 17:45,CLEAR,DAYLIGHT,ONE-WAY,DRY,400,N,LOWER MICHIGAN AVE,17,6,7,41.88940378,-87.62442627,POINT (-87.624426267883 41.889403775694)
d439c1e9406b6d929a2dfbda61368e9384ca581799612432bb5b5c101976d8b024e8f2af9551a5fe5dd5de0256ce98500d1a95f34f7160aa97ebcb7972c0636d,7/11/2025 17:25,CLEAR,DAYLIGHT,DIVIDED - W/MEDIAN (NOT RAISED),UNKNOWN,100,S,LAKE SHORE DR NB,17,6,7,41.88085605,-87.61763589,POINT (-87.617635891755 41.880856047671)
1bc4698217070f8b42a1d589c7127a06eea17d0de564e58292cb9ed8db7f6fcaf96467a498789b3b4c9423fc2214c7266051b7ee33bd973a51a5e148992f7265,7/11/2025 15:10,CLEAR,DAYLIGHT,DIVIDED - W/MEDIAN BARRIER,DRY,100,S,LAKE SHORE DR SB,15,6,7,41.88085605,-87.61763589,POINT (-87.617635891755 41.880856047671)
5ebd9e90ae491c8cf5e664cf4d2d496c9639530df6d7ffc8783e28acb1bbe96932f7e36e89f146888c7a03f32799cfd4f29cc766b94b5c8c930b6446d14367c9,7/11/2025 15:05,CLEAR,DAYLIGHT,DIVIDED - W/MEDIAN (NOT RAISED),DRY,520,N,RUSH ST,15,6,7,41.89167324,-87.62551853,POINT (-87.625518526412 41.891673235519)
d14282640030636ae3c6651510b7808b978bc58f3bba09825190556a51e74ab56ac892cba98223821d06c02bb62365cc13c294e1faf3a7be1ef3a13cc60bfdff,7/11/2025 9:00,CLEAR,DAYLIGHT,DIVIDED - W/MEDIAN BARRIER,DRY,335,N,MICHIGAN AVE,9,6,7,41.88758441,-87.62440778,POINT (-87.624407775527 41.887584412825)
496d30319de31a3430833843726263a99523e36f32742d099a51101ee3f1d52ca64db6428e2fab8c6bc7e0866c7dd311ab6f2b513a8f92cd570c0fbde17f9ff2,7/11/2025 6:05,CLOUDY/OVERCAST,DUSK,DIVIDED - W/MEDIAN (NOT RAISED),WET,44,E,WACKER DR,6,6,7,41.88751504,-87.62650534,POINT (-87.626505339463 41.887515043518)
a2321f9e73fa2dafe56da29477ac65d6d4e8b654c2f0b2443157c3511d30aebcf1d0e179424839fd57f4e90d29265c4e41e2981925f6b931f4eeebfc8eb79061,7/10/2025 23:13,RAIN,"DARKNESS, LIGHTED ROAD",ONE-WAY,WET,33,W,ILLINOIS ST,23,5,7,41.89072891,-87.62938566,POINT (-87.629385656182 41.89072890813)
087d37029fa1bf25dd5d9cfd78a2523f9cffbe8005a00fbb1d6234fa0b12457bcfc89dc0415e70a74aa2152be6b426d73913c369fe2288375b461cb370d589e4,7/10/2025 20:09,CLEAR,"DARKNESS, LIGHTED ROAD",UNKNOWN INTERSECTION TYPE,DRY,100,E,LOWER WACKER DR,20,5,7,41.88843209,-87.62442469,POINT (-87.624424686932 41.88843209205)
0b4f73b76f161f5a560fbcdf69f2ad709d316df15cbe255fc15390a536eb07cd913f4e776d903acfdfc0260c6319e07eb24e6a23e7a343bf55cc231cc98604c5,7/10/2025 19:14,RAIN,UNKNOWN,TRAFFIC ROUTE,WET,99,E,MADISON ST,19,5,7,41.88199989,-87.62441163,POINT (-87.624411634823 41.881999893424)
ec826fe5f1afbc8952c57aae46bbbd4b751044860dd829e98dc492225317c0ded3a950d8f1ae0ba17989fff7763be52a1fce5de9848ffa8050ba522603f86d41,7/10/2025 18:48,CLEAR,DAYLIGHT,FOUR WAY,DRY,434,N,COLUMBUS DR,18,5,7,41.88965402,-87.62053631,POINT (-87.620536313549 41.889654015198)
1591982879086c3e8d284b4ff50d0988939e1e89cdaa44dcd26abb9d378946ae39cb4d7b6cf47266f93022a08b2445f594a1f6f7dc5513bd4694438d37447d7e,7/10/2025 18:15,CLEAR,DAYLIGHT,NOT DIVIDED,DRY,149,N,LA SALLE ST,18,5,7,41.88444281,-87.63228784,POINT (-87.632287842797 41.884442811903)
4439244268467b6e3f7acda34556e76bc4b6c01f74d47e1c29c268a83ba56769f2fafff2433bd3b505e66d408dc1582a81fb63c54367595b3cd95a9d5f571bc8,7/10/2025 18:00,CLEAR,DAYLIGHT,DIVIDED - W/MEDIAN BARRIER,DRY,401,N,WABASH AVE,18,5,7,41.88928401,-87.62654855,POINT (-87.626548547941 41.889284013529)
6c377de93a832f27d1365b5d58605ae1dafe0d657546468a7b22e0d9db3b9e760be63bdd28a14434f2bf504da8b5578e89612c6e21770612ec60b6bc32664508,7/10/2025 17:20,CLEAR,DAYLIGHT,FOUR WAY,DRY,111,S,MICHIGAN AVE,17,5,7,41.88052782,-87.62420947,POINT (-87.624209465859 41.880527821931)
67b098721e5bcb061741fb0242bbca8742ba3241351b87d565dc90ff45fe313d9133da9f378f1e4744f5318273eb8c8ada0899dc90ec296af56cd092b8aa0af0,7/10/2025 16:15,CLEAR,DAYLIGHT,DIVIDED - W/MEDIAN BARRIER,DRY,1,E,WACKER DR,16,5,7,41.88670756,-87.62788348,POINT (-87.627883478402 41.88670755507)
9e068688c3fc1d9d1b8e960028ee1c24ce1eb76b6cd10a7d5541df88e07e3581df2a0199460b288db4d241729b704a838051495ce5719b29e5e25c75d3192ae9,7/10/2025 15:15,CLEAR,DAYLIGHT,OTHER,DRY,34,N,DEARBORN ST,15,5,7,41.88280089,-87.62957518,POINT (-87.629575178495 41.88280089417)
cd32ef9eb1488e9451de869a6943492c023a1c2cd25a3fc90d4588d511949657d7831d2f36c66e178437ede5594ab903b630aca35d0afa652dc5ae0082ae797d,7/10/2025 14:12,CLEAR,DAYLIGHT,ONE-WAY,DRY,50,W,WASHINGTON ST,14,5,7,41.8833222,-87.6297751,POINT (-87.629775096643 41.88332219915)
90f32ea8cc2492ea1da2b1f0b849d388550bd874a90df49cf5d268a492cd169470cfc2e7f555d370bb6500e326855c6b654cf5752d3ceb39484e082271d95aa9,7/10/2025 12:00,CLEAR,DAYLIGHT,NOT DIVIDED,DRY,511,N,COLUMBUS DR,12,5,7,41.89140488,-87.62008123,POINT (-87.620081229738 41.891404880694)
a5315fa0a0a663d2876f1aa3258d252ba593c853c55588f8700a873e654a691134223dd03bfe82348bb8ced1bac2163e2cc5a1f6f52d4479138bdc49dc0a12ef,7/10/2025 10:15,CLEAR,DAYLIGHT,NOT DIVIDED,DRY,30,N,WABASH AVE,10,5,7,41.8827348,-87.6263763,POINT (-87.62637630098 41.882734797287)
f5bec9244370390249036954859bfb5b476ec75f6db15fe7372a245b94c661a4d9376de7025c731f3a8b28227dae04aee0672e7c5e2828d4a7e59992ae66066a,7/10/2025 8:30,CLEAR,DAYLIGHT,DIVIDED - W/MEDIAN (NOT RAISED),DRY,500,N,COLUMBUS DR,8,5,7,41.89104457,-87.62037184,POINT (-87.620371839074 41.891044569124)
302e2dfba67fa62ae56e13eec87ffd34b0dd551cb37650a9c6c023d7114a7ea14400d73ab70004794193a1e592c2f11050a4275c41b06b4df6df54389fdebeff,7/10/2025 5:51,CLEAR,DAYLIGHT,ONE-WAY,DRY,310,E,GRAND AVE,5,5,7,41.89192094,-87.61977753,POINT (-87.619777532217 41.891920939051)
13b532e37325d99a0a89b35d105a2a11e88404fe8badc02aeb1cf60beb56f7db1e0f369d6d1980673d8221ed06e90a8cbf6b7e8871cb152e4a989352f3709d08,7/10/2025 5:17,CLEAR,DAYLIGHT,FOUR WAY,DRY,2,N,DEARBORN ST,5,5,7,41.88202459,-87.62955013,POINT (-87.629550127291 41.882024585049)
46f1f19d269176273aad9db23127feec681dafab3b2b2f5ff7bc15970dd0bffebde76935d9f3e4c916832ecdde11f9c9aa5715170a5ad786b8123d1930a96c6a,7/10/2025 0:09,CLEAR,"DARKNESS, LIGHTED ROAD",ONE-WAY,DRY,400,S,CLARK ST,0,5,7,41.87681825,-87.6308945,POINT (-87.630894500009 41.876818253091)
c28289a2369f774fc23f6c7fa38bcdcab747dbe45a4b15db4d3b0de0cedea6b244d4a871f3d187691b605938e43d38a2da2f2a1a1f865da3cf33bf586a13cd21,7/9/2025 22:35,UNKNOWN,UNKNOWN,PARKING LOT,UNKNOWN,131,S,DEARBORN ST,22,4,7,41.87988544,-87.62921159,POINT (-87.629211594803 41.879885440301)
980ced39b361e18bf411f694dee7a92b0185ea2ac7cac82e39e63df91f79bedc0f02a2d07f3cb0a0a10fdc7bac42766c8def62a11c9dbda212516c7806fde5fd,7/9/2025 20:15,CLEAR,DAYLIGHT,NOT DIVIDED,DRY,295,E,JACKSON DR,20,4,7,41.87822059,-87.62076223,POINT (-87.620762232986 41.878220589803)
fba305de0d38d06cd76a0c1e3a264550d0e5b5d9210c01d4f4e91ad2b50623306a80722ed8f2db4679441217bfe5825486269c00ab69271394d278558fea1984,7/9/2025 17:21,CLEAR,DAYLIGHT,FOUR WAY,DRY,225,N,WABASH AVE,17,4,7,41.88642433,-87.62616828,POINT (-87.626168281709 41.886424332564)
d29d7584abb293483178ca76223edeceaffe263adb3404b7912ce8d3105862983b601c905933b1a67f73c50a354c639d4dfe75c0155887009eb0c749c17ba984,7/9/2025 17:15,CLEAR,DAYLIGHT,DIVIDED - W/MEDIAN BARRIER,DRY,1,W,WACKER DR,17,4,7,41.88670423,-87.62805356,POINT (-87.62805355978 41.886704228647)
ea4f511eb48d345542539f8100233f1e416ff914c5486a10302d48303833296cb59e5746d8ece216451f66daafa50df4a1a94dcaafd8a19275bc43180179e0da,7/9/2025 17:10,CLEAR,DAYLIGHT,ONE-WAY,DRY,399,S,DEARBORN ST,17,4,7,41.87696414,-87.62911691,POINT (-87.629116905256 41.876964144249)
187ce1b73c8e157048fe6c3683f59529ae37f5e6aad203d59e8157020a947e4c25f0f9bd7c0cfd3f5d725f524096353ab7f27dd5702b0a08fe55352c0ec086b4,7/9/2025 15:14,CLEAR,DAYLIGHT,ONE-WAY,DRY,126,S,WELLS ST,15,4,7,41.8799084,-87.63392171,POINT (-87.633921710982 41.879908397736)
f51264f94a6584efeffbebced266d8646384a2117e0dcd7e62bdcc485d06734f3347b468640ea1c08444b308a7e54266c25a234d14e621a16bf1ed685e67b883,7/9/2025 15:10,CLEAR,DAYLIGHT,NOT DIVIDED,DRY,112,N,DEARBORN ST,15,4,7,41.88351035,-87.62957565,POINT (-87.629575647439 41.88351035388)
6b928e76711214514eba8429149963b14348700e43a3482458f0fa722acbab27ead0c925e120408fe06a48366168806b819d35dff0d2cc0a5478ff552dd91498,7/9/2025 12:30,UNKNOWN,DAYLIGHT,PARKING LOT,UNKNOWN,111,E,WACKER DR,12,4,7,41.88807943,-87.62404737,POINT (-87.624047369764 41.888079426105)
117797feaa7a2d4124a4543c41af5481c12296ec8f9608c5ab4f2f49303965d6d0ae982d4d8e847880c71442f78f9b019acfd605ea430e1788e25735d9b4f2a8,7/9/2025 5:15,CLEAR,DAWN,ONE-WAY,DRY,180,N,FRANKLIN ST,5,4,7,41.88533037,-87.63554786,POINT (-87.635547862219 41.885330374442)
c1a2bec4798b83c5bff17cbeeb784fdba79d119af37037a8e1890afddff9de97766a56c201e829252d4c51674e48e0b11fdb534090549015f03dc798f80fdbda,7/9/2025 5:00,CLEAR,DAWN,DIVIDED - W/MEDIAN (NOT RAISED),DRY,180,N,FRANKLIN ST,5,4,7,41.88533037,-87.63554786,POINT (-87.635547862219 41.885330374442)
82b09738c119f64c4418298160b88aa979b15794adaa389b91f721546f3e5a40517b2c0bd271e6af5cb6006bb6181defba9a2f094ed1cce43d9956d4f750c51d,7/8/2025 22:40,RAIN,"DARKNESS, LIGHTED ROAD",FOUR WAY,WET,10,E,GRAND AVE,22,3,7,41.89179146,-87.62765774,POINT (-87.6276577412 41.891791463112)
1372abbfc22f1229eb4c52423743b4af5fed34b1662d5e16f74a55c6e4ee5e109a0b3e6c55e8db7d035aebcdbcce615e324bddc68bce7e64e7109e3188036eaa,7/8/2025 21:50,RAIN,"DARKNESS, LIGHTED ROAD",FOUR WAY,WET,456,N,CLARK ST,21,3,7,41.89078197,-87.63125181,POINT (-87.631251814186 41.890781971197)