CRASH_RECORD_ID,CRASH_DATE,WEATHER_CONDITION,LIGHTING_CONDITION,TRAFFICWAY_TYPE,ROADWAY_SURFACE_COND,STREET_NO,STREET_DIRECTION,STREET_NAME,CRASH_HOUR,CRASH_DAY_OF_WEEK,CRASH_MONTH,LATITUDE,LONGITUDE,LOCATION
fa54da9c16b0d44d851e88d8c48d5fd1ada0aa91c71492b651ed6d158d52367fd15ed79a624909f5125640b40e1e24413b26f5fbe68f6b6177e37a90327e795b,7/8/2025 21:00,CLEAR,"DARKNESS, LIGHTED ROAD",ONE-WAY,DRY,320,N,DEARBORN ST,21,3,7,41.88807038,-87.62969226,POINT (-87.629692256722 41.888070377638)
10edaf87d22ffb29b84c8547ee610557ff399837a723ab2d8ab7597cb2c127130607f7e303266f37b2171fe7bce1434d1cfcb8e668dbb9cdaed7715921544e1d,7/8/2025 20:46,CLEAR,"DARKNESS, LIGHTED ROAD",NOT DIVIDED,DRY,33,W,KINZIE ST,20,3,7,41.88912549,-87.62942249,POINT (-87.629422488805 41.889125488003)
4df018c7a2eb6cb961595f0779c937bdd53f450a80988b850ceeb80fdfeee06029124d6cf5123b8ca432e0a90400d343e2ea6165a609b23da63c4051d12c177a,7/8/2025 20:12,RAIN,DARKNESS,NOT DIVIDED,WET,80,E,WACKER PL,20,3,7,41.88691923,-87.62462556,POINT (-87.624625555986 41.886919233411)
e9d45a0f6877690eb568b7866f78d98f0e6e1ecb8566105b19926ac37709e136b004e05d0492c868c4df28525383fd67e48a0eed12726af3c0340a8a10408d4f,7/8/2025 20:00,CLEAR,DAYLIGHT,PARKING LOT,DRY,345,E,WACKER DR,20,3,7,41.88749493,-87.61867271,POINT (-87.618672709476 41.887494931177)
2b2a3379d653b54d4ec0683c13e5eef509e9cf142aed443c4cc467953dbe504e4e9d68ae2698237a59d2080e94ddff780209e669e4bf3d385b412d621ba557bb,7/8/2025 18:17,CLEAR,DAYLIGHT,NOT DIVIDED,DRY,111,W,WACKER DR,18,3,7,41.88670684,-87.63140796,POINT (-87.631407958651 41.886706842037)
70c5829fd408b481a82477c46b88295c194655930a1e06a3ec611a93e6a88e928408d811e6a93a55428f07b31146d5028fb9a5649eff8e34a8be2ef07b24ffcb,7/8/2025 17:20,CLEAR,DAYLIGHT,ONE-WAY,DRY,159,N,DEARBORN ST,17,3,7,41.88476789,-87.6293214,POINT (-87.629321398242 41.884767887865)
4b3e431692f492b4ea00ccbe404a0d92eca3dd02f440dec43f6d689c0e7a42235705967db556aaeb114f6507869d27fbb99cbfe71575cccf1183fb48ee121a26,7/8/2025 15:45,UNKNOWN,UNKNOWN,DIVIDED - W/MEDIAN (NOT RAISED),UNKNOWN,112,S,STATE ST,15,3,7,41.8803583,-87.62787683,POINT (-87.627876831346 41.880358296181)
91ca793a3fbf43e424851ae8cadf379fb4a99b0a80bd9aeba5068f477bf1e1728bcb2db663bfdceffe534c1d6e919631fce10d45b8a97f5e1a2b5b7913466109,7/8/2025 15:30,RAIN,DAYLIGHT,NOT DIVIDED,WET,121,S,LA SALLE ST,15,3,7,41.88007991,-87.63216419,POINT (-87.632164188537 41.880079904978)
428c093963e57e81a6a6e166bc47f90b08babd350fae602921bba83716e6a1af20e7d60832794961f603e96a55374e085d53eb1218fce3fdadd8ee9ffe0f4037,7/8/2025 13:10,CLEAR,DAYLIGHT,DIVIDED - W/MEDIAN BARRIER,DRY,401,N,MICHIGAN AVE,13,3,7,41.88935425,-87.62410246,POINT (-87.624102456243 41.889354251928)
db4dfc69ec78e69888e32a90e1cce110808ac411dc4e2c3f43ef9236809262986479bbe4bb02f712442361d4eb9cba785d4430634c0d601ee89ae119469535c6,7/8/2025 11:30,UNKNOWN,DAYLIGHT,FOUR WAY,UNKNOWN,100,E,OHIO ST,11,3,7,41.8926379,-87.62534141,POINT (-87.625341405856 41.89263789576)
97bb9502ba8858e3f145ca3d28e0f82897bf395dabacb12249d31b6ec4174d2e51e24789792db03be2173a8c3b78a4f1c3cca33b50ead64788d595495520a2da,7/8/2025 9:56,CLEAR,DAYLIGHT,OTHER,DRY,2,N,MICHIGAN AVE,9,3,7,41.88216417,-87.62451427,POINT (-87.624514273622 41.88216416733)
331f0d051000a90e404e22c1d07fa5c801573411884466d4c369a9986b363bfc82c7436df344c451f8f1eb8e368aa721f4d9197e2bcd31e3d0cb7fda130a98e9,7/8/2025 8:30,CLEAR,DAYLIGHT,FOUR WAY,DRY,150,N,CLARK ST,8,3,7,41.88453574,-87.63108495,POINT (-87.631084951485 41.884535737475)
803b1d83197f1be6bbf3bda1200b60b3659cd51bfd0ef3aea4e3d86faba9201fce78f233000ed190cc2f76fa067e6bdd6515a6188590c6a314a93d3fde9ef5b1,7/8/2025 6:50,CLEAR,DAYLIGHT,ONE-WAY,DRY,15,E,OHIO ST,6,3,7,41.89237092,-87.62741589,POINT (-87.627415892018 41.892370924192)
fc97879798037b604ee61768b02a02119c25bb5a7886fa34312c9e4843e26278a7cb901f0c860b98bcd4d293918cac94afc6a32d830b5082de89282d728acede,7/8/2025 0:47,CLEAR,"DARKNESS, LIGHTED ROAD",DIVIDED - W/MEDIAN BARRIER,DRY,200,S,MICHIGAN AVE,0,3,7,41.87948933,-87.62449812,POINT (-87.624498124934 41.879489328698)
75a563e1cd4c29ffdebe2dc242ae34a98da7241236e80767e6e947463cd2a423530239ec93eea3f523d26ff0b4263b669d29404d431553309b8e8aab132fdbe0,7/8/2025 0:45,CLEAR,"DARKNESS, LIGHTED ROAD",NOT DIVIDED,DRY,500,N,LA SALLE DR,0,3,7,41.89084146,-87.63270628,POINT (-87.632706277654 41.890841457198)
183f78ddb23cfb208af3b06e3c396a93b56823b9741a6c5b01dd2d3e36b58976e22adbdc3d51757039b654eda2f8b619c06900033a52ea3c483954450e6b725b,7/7/2025 20:00,UNKNOWN,UNKNOWN,NOT REPORTED,UNKNOWN,200,N,STATE ST,20,2,7,41.88577464,-87.62808748,POINT (-87.628087481118 41.885774641252)
46639b1075d2be68107a969a0c53d282267bc026fc55a8c99105085b17e426c72cb365854ef327077b1d5d20147955ac1e20969b8f50ab53357650062be6edad,7/7/2025 19:43,CLEAR,DUSK,DIVIDED - W/MEDIAN BARRIER,DRY,127,N,MICHIGAN AVE,19,2,7,41.88390094,-87.6242819,POINT (-87.624281902093 41.883900935314)
60c9555cb015091c29ca4f08a8c58e8be023df8bb92e9710e781f689659a34c8cc73f2c59140dd64aeed0f4d471b449119c0e64cd1414c3af457595f42c36b0a,7/7/2025 19:20,CLEAR,DAYLIGHT,DIVIDED - W/MEDIAN BARRIER,DRY,342,N,COLUMBUS DR,19,2,7,41.88807627,-87.6207757,POINT (-87.620775700742 41.888076266309)
2a917328a1e547cbc60b57ff60e0c4acd6a8f156c0a0ef216465ac2a7801ed43b85847027290a3269f0f00c92218290ada0ecbcf77aeb9dadf800f922fad1232,7/7/2025 17:08,CLEAR,UNKNOWN,ONE-WAY,DRY,29,S,DEARBORN ST,17,2,7,41.88151282,-87.62923957,POINT (-87.629239566944 41.881512823512)
8cd55ab4048afa2629c56cfa15bfe518edf652a73c6e27eb5f5767ed3e43c777ce617d73da7e356835f050f4da246c7cfe53930b6bb1e72da3105c27af2c602a,7/7/2025 15:13,CLEAR,DAYLIGHT,ONE-WAY,DRY,342,E,ILLINOIS ST,15,2,7,41.89114733,-87.61839727,POINT (-87.618397274316 41.891147325756)
43b3f01cc9b6427e6d46362fb7e7a297009ec600e3de000cdefe5b7a7b156a167c50c46198f56d123477fd09b65db372b79aeac33b60a13090a0186d6a2ed226,7/7/2025 15:00,CLEAR,DAYLIGHT,PARKING LOT,DRY,20,E,RANDOLPH ST,15,2,7,41.88460285,-87.62718694,POINT (-87.627186940196 41.884602854888)
dcb45fa58833a0ca6bf9765e5c320ec681079497f843939318135fed71bb4d41ec1c79340c2ed158412e33df5e8b425f66bdaf8d21dbd9e2317f16ef1bffe8b1,7/7/2025 13:19,CLEAR,DAYLIGHT,FOUR WAY,DRY,101,S,CLARK ST,13,2,7,41.88066642,-87.63070551,POINT (-87.630705511426 41.880666420015)
faf8cc7d5a555fbc34946aeb13e359ecafa93c94ba2e46106c9a538ff7e49c708824d947ba581a1c7c17622d17f4ac0b4fe8a80ea1ad7b83ec2d0506a8241156,7/7/2025 12:30,CLEAR,DAYLIGHT,DIVIDED - W/MEDIAN BARRIER,DRY,500,N,MICHIGAN AVE,12,2,7,41.89097123,-87.62427695,POINT (-87.624276945562 41.890971229645)
ca2aefef930b867a95cbc53bdf2ad4503c30930800fed0eb31de1b57e8d4607397b32f981318a152f7664323ab14b55529a551202e9f700894dc5099f8c568f2,7/7/2025 11:31,CLEAR,DAYLIGHT,OTHER,DRY,47,E,OHIO ST,11,2,7,41.89239741,-87.62624128,POINT (-87.62624128049 41.892397409723)
4e8ad281cefae3f1d2c185c38915ffca7ccfa315a5a29f9d8791b4f7dd3504f9c2e13a23b9a4a1829fadd64db713ac9b0792661ae24e17538baf8869e297f5ca,7/7/2025 11:30,CLEAR,DAYLIGHT,NOT DIVIDED,DRY,75,E,WASHINGTON ST,11,2,7,41.88311522,-87.62517251,POINT (-87.625172508734 41.883115221385)
7d5f0094047b1bb031571dff815450a7706e53225ef8f6eb7b9c95d5023b92fe5f0aff25c69e5c708b5d89f70230bca0e048eaef1a4522ab17a1ad77336dc068,7/7/2025 9:00,CLEAR,DAYLIGHT,ONE-WAY,DRY,70,W,MADISON ST,9,2,7,41.88209337,-87.63039164,POINT (-87.630391644627 41.882093367301)
50b68514423a68e152ccd203be20d73ce186b1e549cb003991ed8397466e41ecaf5327f9782993111e68ec3717c3b6cf4aeea479b12453933bf4aaf550ccde90,7/7/2025 8:19,CLEAR,"DARKNESS, LIGHTED ROAD",FOUR WAY,DRY,339,N,COLUMBUS DR,8,2,7,41.88775834,-87.62053742,POINT (-87.62053741652 41.887758336823)
fce6a3eca27b4a8b2dc8c9b132b4eee0802fcc4ca53a08b8ebd1c10484521a0efb0168289c7b39974e8b0dcef958b8d0cdbcac6571cd95c5162807ccfedb6e71,7/6/2025 21:40,CLEAR,"DARKNESS, LIGHTED ROAD",ONE-WAY,DRY,197,W,LAKE ST,21,1,7,41.88561942,-87.63379975,POINT (-87.633799746919 41.88561941869)
9956ddfd4986e6d2eb0cadd790e5cd8e199386bc22f7fc5ba6704f9a6dae2b09103f6878423c56cf5f0fe9c16c49e14df6608f9bd8183e86fa9bc3ee70f1094f,7/6/2025 20:00,CLEAR,DUSK,NOT DIVIDED,DRY,188,S,LA SALLE ST,20,1,7,41.87945716,-87.63244005,POINT (-87.63244004767 41.879457156241)
3b43faeb16bf8d1f321f2444bf76b4cb952327d36a6d35070b3ed2095c15fbd71b4ca80be68a4f99a7c5f84916fbe20d26e593344433b08cb43a8db9daee53f7,7/6/2025 18:40,CLEAR,DAYLIGHT,T-INTERSECTION,DRY,61,W,LOWER WACKER DR,18,1,7,41.88667934,-87.63021759,POINT (-87.630217588062 41.886679338459)
68813993452df6c09d05717c240ef277ff0300ce29e82cd9a3cbad7276c1d8eb8d9f32ccc9b77275bade385baf03a02ddac3447e569bd4503bc49f4bd7bf6d0d,7/6/2025 16:45,CLEAR,DAYLIGHT,DIVIDED - W/MEDIAN BARRIER,DRY,233,E,LOWER WACKER DR,16,1,7,41.88777617,-87.62135836,POINT (-87.621358362885 41.887776172574)
a15d98e1614e8bf78977c74fed8ff1ed0d95f133eecb0691b95a669cce467b68ab95206580324e6cd1a3fdd68a422bdb57dc71f733467901d0d8addcb60b8765,7/6/2025 16:44,CLOUDY/OVERCAST,DAYLIGHT,FOUR WAY,WET,100,E,RANDOLPH ST,16,1,7,41.88457722,-87.62440363,POINT (-87.62440363391 41.884577219487)
5540048d91d3f0ecf28918988637eb7cca2e5e175ab55db483c0c6aef780e83fe0b7f90bb2828dc8e9fb0e0dcfdce93f0add6dd23d1cc05bb50c88f2eb882282,7/6/2025 15:30,CLEAR,DAYLIGHT,DIVIDED - W/MEDIAN BARRIER,DRY,401,S,STATE ST,15,1,7,41.87686736,-87.6275033,POINT (-87.627503299143 41.87686736408)
878c29c245475eba17ab95f06f08671b9ccb5a7461500759e250767ae77dcbb6369d22a066bc3a3dedb318ec6e80724d9cb8557d575c3bde91df59a523f747b6,7/6/2025 14:25,CLEAR,DAYLIGHT,NOT DIVIDED,DRY,400,E,LOWER WACKER DR,14,1,7,41.88755113,-87.61735601,POINT (-87.617356008287 41.8875511317)
1057bdfae6d70a9fdf2c296eed787a0be0116d9c9c9105b3031f4dddc6c285a71c716245b47a553a857926a78aaa508cc1a3c0669f78727fbe1d9e7b39009826,7/6/2025 13:15,CLEAR,DAYLIGHT,ONE-WAY,DRY,162,N,DEARBORN ST,13,1,7,41.88488998,-87.62961837,POINT (-87.629618372133 41.884889978391)
02f7e433e0dec348389436f660989a2e41eede6ae5e4bcb0713ec03c28707309f1029096c1d5b513f37f1b28c5227e19fabc78a9ef42b290f09a153ec9c93efb,7/6/2025 11:58,CLEAR,DAYLIGHT,DIVIDED - W/MEDIAN BARRIER,DRY,230,N,MICHIGAN AVE,11,1,7,41.88651729,-87.62467769,POINT (-87.624677686429 41.88651728872)
b52e9de1ef5bf874994c01caffdac1c273afe095f62d189995f43460bec748c5ef20e4b86da9a1c6fedd624b7f41fe37bc63e9cf5ca18c7f9f07b36b723e248d,7/6/2025 11:58,CLEAR,DAYLIGHT,FOUR WAY,DRY,198,W,MONROE ST,11,1,7,41.88077104,-87.63372735,POINT (-87.633727345085 41.880771044559)
9be66ebc2581abc07cdf438890a7ab959ea40f0e12f28607d1a74fdeec1bca70d6db46cb1cef6f6a74f472ab032661d7fd440618af62a1541bb5f32d39109b4c,7/6/2025 11:42,CLEAR,DAYLIGHT,PARKING LOT,DRY,606,N,RUSH ST,11,1,7,41.89277681,-87.62554799,POINT (-87.625547988433 41.89277681461)
775b8088d1478a35305f7c23f13bdd78e3c31b77caead87a8ff732ec5020ad76e818d6b7b394626ad7c808926028048d3ab7a25861762c941fcdd7b07ea82ead,7/6/2025 11:06,CLEAR,DAYLIGHT,DIVIDED - W/MEDIAN BARRIER,DRY,140,N,MICHIGAN AVE,11,1,7,41.88422003,-87.62458859,POINT (-87.624588590033 41.88422003391)
344b26702d5834c331804b74fd4e312c45a28f3738351f1de039da188b6705aa2a592d2429e96bda5742575feebe1a740fb96499eab1aeeb4897b76330d6f91b,7/6/2025 8:12,CLEAR,DAYLIGHT,FOUR WAY,DRY,473,N,COLUMBUS DR,8,1,7,41.89074623,-87.62008552,POINT (-87.62008551792 41.890746233223)
98d3d62b91a0e0ba037b555bef6afc407629e1e96a91dff405293228ae78ef27b742e9de19393bfa7b16f581f07d4abaa19b96f348ae8681b87a3582315c6b39,7/6/2025 7:29,CLEAR,DAYLIGHT,DIVIDED - W/MEDIAN (NOT RAISED),DRY,6,W,OHIO ST,7,1,7,41.89257529,-87.62834147,POINT (-87.628341466463 41.892575294112)
91b8cfca525b7daeb5630dc23d4535dd7e2a7301d413f14b89a23fbde708eb16da1019f9d831483b4997db6d6ae13bfb500fee4410f4f7fd22cf216c9b51538e,7/6/2025 1:30,CLEAR,"DARKNESS, LIGHTED ROAD",NOT DIVIDED,DRY,135,W,KINZIE ST,1,1,7,41.88907928,-87.63245008,POINT (-87.632450084432 41.889079283982)
ae8d50c986398158f4aa1c334cf8b856f7932f16a9d68756596bcf14978088f96043514daec799e10f08b8e2d7aa6fec0fbb7089bba210fe2d2e5ad9c31b7ff9,7/5/2025 22:02,CLEAR,"DARKNESS, LIGHTED ROAD",NOT DIVIDED,DRY,200,W,WACKER DR,22,7,7,41.88704088,-87.63404251,POINT (-87.634042511085 41.887040881068)
75652a287001dc21e1e897d83c0e8af35115b968646ee084a8a639aae6747a14d3dddaa0be501269baf62e14dc74a7a284aa3a7aa5f7b1ba60080542ba58ab83,7/5/2025 22:00,CLEAR,"DARKNESS, LIGHTED ROAD",ONE-WAY,DRY,211,E,OHIO ST,22,7,7,41.89245769,-87.62218801,POINT (-87.622188013582 41.892457693884)
aa2af89c59b1e634b8dbc40886c69c47904b4cdb301aeb0b24a6582cfe8dc84fbfde1542281b1247bfef35399bac480fd80d839357972ec97615c54e20b12392,7/5/2025 20:30,CLEAR,"DARKNESS, LIGHTED ROAD",DIVIDED - W/MEDIAN BARRIER,DRY,100,N,MICHIGAN AVE,20,7,7,41.88328915,-87.6245494,POINT (-87.624549396399 41.883289151389)
5466a016413a7aa7a689dc2e83ec4bbcc601cde8d148c59e4cc5d6a556f5adbbdf7159d32edeff962b9b8e95f87b51b6cc6a08ed35d9ed1aa626b3a8b31e6127,7/5/2025 19:48,UNKNOWN,UNKNOWN,DIVIDED - W/MEDIAN BARRIER,UNKNOWN,51,N,MICHIGAN AVE,19,7,7,41.88317858,-87.62425042,POINT (-87.624250416005 41.88317858382)
3d2b1207bea82a284549ef6518974fb72a983d2176b05f89beee8783d609f3557864593bcbf6580ce15c72257c2a2a038ab2e0d0f8f3c3d617c305e3ce3402c1,7/5/2025 17:43,CLEAR,DAYLIGHT,ALLEY,UNKNOWN,75,E,WASHINGTON ST,17,7,7,41.88311522,-87.62517251,POINT (-87.625172508734 41.883115221385)
69d0fd97a5ddef6bd58cb2067faf30c8aec7654aa377429351b0b8e93dfc377e552ffa04daf2cc830fb2efd5ee96c131ec3283ca5dbe5a8d5b4435dff06bf044,7/5/2025 16:40,CLEAR,DAYLIGHT,ONE-WAY,DRY,394,S,DEARBORN ST,16,7,7,41.87696026,-87.6294106,POINT (-87.629410601922 41.876960256663)
f119a4b908c4e103bac1b4259b235d44ba1f49429e4b0253650210262dc1f219c3769e6bd42a794495dc827b4b8e78b44bdd7448b91bfa701d365dfa6c1dfcae,7/5/2025 15:35,CLEAR,DAYLIGHT,ONE-WAY,DRY,55,E,GRAND AVE,15,7,7,41.89159074,-87.62586714,POINT (-87.625867137245 41.891590741084)
0eae9903b1c81fc1cd7bcb64bd9ed7f092c7bf2d84c8cdf61f8d254992ad243714e63f570a9362aad564d14a2dc81305f535613d3bbde7305e389e430b12c310,7/5/2025 15:30,CLEAR,DAYLIGHT,NOT DIVIDED,DRY,101,E,WACKER DR,15,7,7,41.88807973,-87.62442605,POINT (-87.624426046778 41.88807972703)
8a2a2c19ea2461b4aa601c199ad173cab9bd86ed93bb4e607f07966cc7f480eaec464e42dc9114549bb508227ba5c39acc86771911da9c150ee013a6f1946038,7/5/2025 15:05,CLEAR,DAYLIGHT,DIVIDED - W/MEDIAN BARRIER,DRY,140,W,WACKER DR,15,7,7,41.88703998,-87.63218921,POINT (-87.632189214385 41.887039984032)
74c599e536d552fa229b9fc8dcd4052d43e9ec299d6850734adf2022ad2a636a088a5738ba0aa1e0329b9fd5da65d5aff75e24a35552eabb10dd587c95320660,7/5/2025 15:00,CLEAR,DAYLIGHT,PARKING LOT,DRY,400,E,LOWER WACKER DR,15,7,7,41.88755113,-87.61735601,POINT (-87.617356008287 41.8875511317)
16d7be0453d2474c0c1c54270c72fe0a1555993e544e6268b9807ce7befc3c8f7fe46f577fb10fc3e38ab6b0f9b17d29d757a51c4245fdda7b78d4560565e91d,7/5/2025 12:20,CLEAR,DAYLIGHT,NOT DIVIDED,DRY,401,E,LOWER WACKER DR,12,7,7,41.8873316,-87.61735758,POINT (-87.617357579091 41.887331603388)
04e99fffbc3b57cf261a474cfc94dc6873ae9ff0c87c2aebc6179b8e94c824c2cddeda98c9b588c81161d6418459d8820970af7fbc68511ed2f7397ca0266232,7/5/2025 10:15,CLEAR,DAYLIGHT,DIVIDED - W/MEDIAN BARRIER,DRY,233,E,WACKER DR,10,7,7,41.88779017,-87.62127871,POINT (-87.621278712913 41.887790172258)
69d7924ec97a2eb0994dfc3b6cf2037eff46ff8f81813f5cab924c7ccb7ffde186e74b56fb00968bb03953e10b601249a00b932e26b165e726e2678d6cdb2a77,7/5/2025 7:30,CLEAR,DAYLIGHT,DIVIDED - W/MEDIAN BARRIER,DRY,298,E,LOWER WACKER DR,7,7,7,41.88811554,-87.62073773,POINT (-87.620737731996 41.888115544351)
5ecdb7b22b3686c6c6237a43fac0e104d83adab433ba45cdf7c518f402c797d1c06786fcc634143005933566b5571fde1b3c72a58169f775e6456dc715f151cd,7/5/2025 0:20,CLEAR,DUSK,UNKNOWN,DRY,6,N,WABASH AVE,0,7,7,41.88222094,-87.62636517,POINT (-87.626365167586 41.882220938355)
077929f8503f349aafc9a00043642daf26b099c7e879b40a8bb164637d3879468c4183a3448880fd3d2db66f825669582ba058e9247e66aefe9c4c3f74ca9284,7/5/2025 0:10,CLEAR,"DARKNESS, LIGHTED ROAD",ONE-WAY,DRY,37,S,WABASH AVE,0,7,7,41.88114722,-87.62603474,POINT (-87.62603473521 41.881147215651)
a1112b6760aee8367166f2f4c5e45bc19981beb40e51fa3048ccf231f873a46929d5359406e35d5d85ab624ee10a88d9bb0f23e2352961980333c547201868e4,7/4/2025 23:30,CLEAR,DARKNESS,NOT DIVIDED,DRY,386,N,MICHIGAN AVE,23,6,7,41.88890147,-87.6245106,POINT (-87.624510594991 41.88890147183)
9f7db79a8fdf692b172b4e8fbc257dc2c4d107faeb134a8f0d0cf16bdee174f5668349ff7bca4c98480a66e56db7dff71b6f249835f03f4daee4b6f88e22a649,7/4/2025 22:00,CLEAR,"DARKNESS, LIGHTED ROAD",ONE-WAY,DRY,521,N,RUSH ST,22,6,7,41.8916713,-87.62522473,POINT (-87.625224727853 41.891671299854)
307173e3652dca2a4b144ab8a4c125e5e336b971318bafd5b459cef6e7322ef10f1a099ed400cbdd5dcff8d32e2e7ec667065cd4279f82a245f93c890514dbce,7/4/2025 21:45,CLEAR,"DARKNESS, LIGHTED ROAD",NOT DIVIDED,DRY,341,S,STATE ST,21,6,7,41.87721744,-87.62751215,POINT (-87.627512154019 41.877217442885)
b9248853e89691149a026ae5585c7f172d2bd5fcc30c4a790be8edec43955fbee96667189f09162ed93fd9aefc71980cb238b6dc112605734d5062a00cbb1b0f,7/4/2025 19:20,CLEAR,DAYLIGHT,NOT DIVIDED,DRY,27,W,LAKE ST,19,6,7,41.88563926,-87.62897624,POINT (-87.628976236902 41.885639263164)
448cbd64ebd7f6d77a898f89d398869f7ca2c036796487d9e96c9d9b27545b2b76c40aacfee0d93e6d6467143b5fd79971f16e7fee9cd5668fb31543b94585f2,7/4/2025 18:44,CLEAR,DAYLIGHT,DIVIDED - W/MEDIAN (NOT RAISED),DRY,251,N,DEARBORN ST,18,6,7,41.88700253,-87.62938502,POINT (-87.62938502358 41.887002529176)
57ae7c4991b78f0a841c4964a93c43d1348d39e80accca426f76748bde298fff9f9c07c51a42a5c4580e336fbb4980e1734626835814e1980e308d4e08daac4f,7/4/2025 17:00,CLEAR,DAYLIGHT,NOT DIVIDED,DRY,303,E,LOWER WACKER DR,17,6,7,41.88766406,-87.62048728,POINT (-87.620487275058 41.887664056276)
07f4d1f149f833477b42dc78ce5d3cd0a157fce7263c886f74f24e8ee16b9481bbc631be1480b2367ea226e36bb0507967565513d70baa3297e6a2f18f292383,7/4/2025 16:03,CLEAR,DAYLIGHT,ONE-WAY,DRY,50,W,WASHINGTON ST,16,6,7,41.8833222,-87.6297751,POINT (-87.629775096643 41.88332219915)
261ca07910abfff56d9e59dfae24a0ab0d9fc727de39f28f953a7d37e565098158b648cf2d7e5829092c876c2c2fed3224ad34ddf4169591ea837278deab774c,7/4/2025 15:45,CLEAR,DAYLIGHT,NOT DIVIDED,DRY,98,E,WACKER DR,15,6,7,41.88841476,-87.62462467,POINT (-87.624624667855 41.88841476167)
18662c5a2efa1420d95267367cf26c004826fb469f3920dca4e761d1e2783f8aec4b3e6d8b9b97f4005a1d8cb4a491ba61f24c87df99de44086214eb77d00e46,7/4/2025 11:30,CLEAR,DAYLIGHT,NOT DIVIDED,DRY,421,N,CLARK ST,11,6,7,41.88981451,-87.63092835,POINT (-87.630928348073 41.889814506645)
17ca4fcb6fcff5218c1028dd5d86dfd35475c6d5873d2e2123492f6503556bdc6a6e2e7a14fcd233156db09f8ed2fa4078848abc471b13c4897e056bb68e8a48,7/3/2025 23:39,CLEAR,"DARKNESS, LIGHTED ROAD",NOT DIVIDED,DRY,108,E,LOWER WACKER DR,23,5,7,41.88842643,-87.62412748,POINT (-87.624127481351 41.888426427659)
7b8001825f152fa9edb3f7d99eac26808173ba9d2f3d9cc3f835adcb7a74e08237f40f4e8bf7320ce344ca21bc82b4cf9f70efbbeef29a060bbee87ad4dd6ab8,7/3/2025 17:20,CLEAR,DAYLIGHT,ONE-WAY,DRY,55,E,GRAND AVE,17,5,7,41.89159074,-87.62586714,POINT (-87.625867137245 41.891590741084)
b08b9fbcc0ef1d4274e268519c39018b859aec02a0e7f6a19611628c1dc0f2efb0908ee725eabbb0e734fe68b705d9f496f0c91ca07255f170f81ccfb05c4ee0,7/3/2025 17:12,CLEAR,DAYLIGHT,NOT DIVIDED,DRY,98,E,LOWER WACKER DR,17,5,7,41.88844446,-87.6246567,POINT (-87.624656702139 41.88844446409)
a8fd63dc11bc206d276cdd5036122bf3dd79f2481785ee08ce08ea9f9c416e960f370555fe9f94ada22231fe56db328591509e5fc155bf0374a6e40d7c8ae228,7/3/2025 17:00,CLEAR,DAYLIGHT,DIVIDED - W/MEDIAN BARRIER,DRY,101,E,LOWER WACKER DR,17,5,7,41.88805569,-87.6244676,POINT (-87.624467598624 41.888055693937)
bd76ee377adeeb45401f69e8a3ce56a97d0fe4c225c1c98a1e40fd92dc241dd3fd0f0a13a5cc67ada438da48608b4977e834b2e564815673b14b0d739663c0fa,7/3/2025 17:00,CLEAR,DAYLIGHT,ONE-WAY,DRY,35,E,GRAND AVE,17,5,7,41.89157884,-87.6267892,POINT (-87.626789197037 41.891578844867)
bdb80dc4bbc0546bd1ab6554cc9ff4c8a1aa90d426f549991a9b5998fb0fe42cf7b11611579b4599d99c74b73876b98e46c954ee4979a1afa100413a69c7770e,7/3/2025 16:27,CLEAR,DAYLIGHT,ONE-WAY,DRY,150,S,CLARK ST,16,5,7,41.87944415,-87.6309677,POINT (-87.630967701832 41.879444145218)
313ef7d90c69e31901c8582e21a431167dbd55d0f2892b2bd25f3b1788ce256ac8c623ca4800bb70789a781af8450ae7cf36778a47f8055ac0b36229da185d8c,7/3/2025 10:00,CLEAR,DAYLIGHT,DIVIDED - W/MEDIAN (NOT RAISED),DRY,150,N,LAKE SHORE DR SB,10,5,7,41.88434876,-87.61454978,POINT (-87.614549778133 41.884348763505)
dddee47935aef2cbc21a3d8a5b85372f1d5e0df722adf7009954811bfe9a9d05bd71ce70c957123e69848480f24686fb6390f7196caa7a10439b925559a1b4ad,7/3/2025 9:12,CLEAR,DAYLIGHT,NOT DIVIDED,DRY,205,E,RANDOLPH ST,9,5,7,41.88416697,-87.62211329,POINT (-87.622113293782 41.884166968108)
4c80af2666353bea01fdf2147b5818f876fa480c4ee99dd34aab66a06753e08fdd7d6ec4b0a6728dfb8f2ff195459fa97e8707bad29e3801ff347693e81afa0f,7/3/2025 9:00,CLEAR,DAYLIGHT,FOUR WAY,DRY,300,E,LOWER RANDOLPH ST,9,5,7,41.88452957,-87.62052732,POINT (-87.620527320212 41.884529565628)
3e3e19212ca06d2807e8619bfd31fe26b869312eab3b58f87feac984d660390f356d81d379b3bd59597ee4edacfbb86942d63e6f325c4cb47d9253af91cc2b65,7/3/2025 8:10,CLEAR,DAYLIGHT,DIVIDED - W/MEDIAN (NOT RAISED),DRY,117,N,LAKE SHORE DR NB,8,5,7,41.88318831,-87.61512498,POINT (-87.61512497929 41.883188311409)