CRASH_RECORD_ID,CRASH_DATE,WEATHER_CONDITION,LIGHTING_CONDITION,TRAFFICWAY_TYPE,ROADWAY_SURFACE_COND,STREET_NO,STREET_DIRECTION,STREET_NAME,CRASH_HOUR,CRASH_DAY_OF_WEEK,CRASH_MONTH,LATITUDE,LONGITUDE,LOCATION
af5b23fbbe4618c102db731bb84a56926e95384434424705cbb3b8fd8c2f4a98750cc2b942daef67922a1133650f1eebd989504cd19a62a6003e9a009e1e2eba,7/3/2025 7:30,CLEAR,DAWN,ONE-WAY,DRY,11,W,ADAMS ST,7,5,7,41.87934507,-87.62817831,POINT (-87.628178310974 41.879345074449)
c2171a3784ca76188a3a6ecb784b92063e31e0e9537249898fc3ac90631b12784c05ec6c186e4c61f76ff0f2836e1cfe2efca9e4d985bff6a1f7b0783ca8a1a9,7/3/2025 4:38,CLEAR,DAWN,ONE-WAY,DRY,36,E,LAKE ST,4,5,7,41.88586204,-87.6266447,POINT (-87.626644703198 41.885862039444)
11b69c89df00af40aca769da9b7e059a4b9c169fa877611ead0d4704ec033b5602e65dac250f4ee19bb982a7380eab53e276ba7cad6d76cfa348c4d72c93e58c,7/3/2025 2:06,CLEAR,"DARKNESS, LIGHTED ROAD",ONE-WAY,DRY,601,N,DEARBORN ST,2,5,7,41.89249136,-87.62953073,POINT (-87.62953073225 41.892491361504)
e14bc07d7cf8e153e32149e6792540b870741d5044a5f31bf406be51d2a31e918abd3dc05636a4be945b292d6684842c4ebb6311cfcc8b0007206d62ca8ab51b,7/2/2025 17:10,CLEAR,DAYLIGHT,NOT DIVIDED,DRY,552,N,ST CLAIR ST,17,4,7,41.89251356,-87.62283474,POINT (-87.622834741595 41.892513562512)
29e63462e3d9153def3d35206fa75edac5bff0edd6874ca64c50a2b93fff57235793e0d4d63a043e4943433c4578a2c4c2499c2b5ad52483949175fe6b165b30,7/2/2025 16:37,CLEAR,DAYLIGHT,ONE-WAY,DRY,47,S,CLARK ST,16,4,7,41.8808103,-87.63070863,POINT (-87.630708627092 41.880810302354)
87d3657d260b8c465ea61abdf33637849d7b59aeca34249ca0c6756b4c84a1f33bccf87af44f2b7634834eaafa58f427cd6ace33f03bba47b24224856d450d82,7/2/2025 14:45,CLEAR,DAYLIGHT,DIVIDED - W/MEDIAN BARRIER,DRY,2,N,MICHIGAN AVE,14,4,7,41.88216417,-87.62451427,POINT (-87.624514273622 41.88216416733)
71fb6b09c04a2dc8df89d3d1af8357380836b043fabd8773ce54188b0b0d5a8a1b21bf6e352fb943498552bdcb3679185f3a86c470deba1f6d80b8f4d6edd39f,7/2/2025 13:00,CLEAR,DAYLIGHT,ONE-WAY,UNKNOWN,25,E,OHIO ST,13,4,7,41.89237877,-87.62698328,POINT (-87.626983277027 41.892378774151)
7ba1ad84fb93b2b83e42b1ba6de87a8fad9be14322dbe9ed5da45b1b88f91458182f554ef73e769204aa4e4ec4840cac6438eff181bd5b0ed7ff89159be4785a,7/2/2025 12:20,CLEAR,DAYLIGHT,DIVIDED - W/MEDIAN (NOT RAISED),DRY,300,S,LAKE SHORE DR NB,12,4,7,41.87831013,-87.6175759,POINT (-87.617575903416 41.878310134581)
5c5459849f710ed936fa0dc6dd329afa887b1e59e56fa230d66dbcd93c07dd61d4193695f2a2b0f7586188510833f12db3f4a17a32f9a35af2531f23d94c216a,7/2/2025 11:43,CLEAR,DAYLIGHT,DIVIDED - W/MEDIAN BARRIER,DRY,111,S,MICHIGAN AVE,11,4,7,41.88052782,-87.62420947,POINT (-87.624209465859 41.880527821931)
ffd46788ebba1d97dcee0daeb5c586a47f6ef8ab4bcfe166b816df02e06a1db6842418655fe59d0fd0fb30396957749918b3e9ef0a0fd502c9898caf96f30cc9,7/2/2025 10:20,CLEAR,DAYLIGHT,FOUR WAY,DRY,530,N,DEARBORN ST,10,4,7,41.89168202,-87.62980115,POINT (-87.629801148647 41.891682017778)
db8c902ade6738c057d4fa0ac9f585ebdf0d962c89f3c9d0ada3bd73688cf95ea41f5d425fd68c9a473262c7f21514686a8d225946e24fe92e1803a37fe75fde,7/2/2025 10:12,CLEAR,DAYLIGHT,ONE-WAY,DRY,524,N,DEARBORN ST,10,4,7,41.89160128,-87.62979671,POINT (-87.629796705231 41.891601284754)
9657c2555d2f307a6f3b7531d74356b0eb5d62617581befea6ee877230ca80f4058fbf85acb6a32469523abdd689c998dd7cafd6f8bf42b169a54fd65a1cded2,7/2/2025 8:00,CLEAR,DAYLIGHT,FOUR WAY,DRY,200,S,LA SALLE ST,8,4,7,41.87936625,-87.63243763,POINT (-87.632437634148 41.879366251477)
a072a6def13906004879e20b8f1a844b0910a71f3bbf6c70e7c937c869bd18bbbe8663108ced24a726ecc48643097a01987246518034c7f480699badc8111570,7/2/2025 8:00,CLEAR,DAYLIGHT,ONE-WAY,DRY,27,E,MONROE ST,8,4,7,41.88067059,-87.62673785,POINT (-87.626737850888 41.880670591425)
315e5a908f8d3e251243b795e6851c515a8188f40c625d4d98c3e7efe48c66db4c2e1c9df1f3054594a97feaa9a9651490e668ecc58e93bbfcac815473582b93,7/1/2025 20:20,CLEAR,"DARKNESS, LIGHTED ROAD",ONE-WAY,DRY,107,E,OHIO ST,20,3,7,41.89242523,-87.62500406,POINT (-87.6250040602 41.892425227767)
1f13584d663dd7f0cebb83ff0c1eeaacf1892e36f55206ffef8162ee599dc5d745c7539d8f5e17a21480a9317a5c8309a24904e9e2a8f8f823dd9ceb8b547280,7/1/2025 17:59,CLEAR,DAYLIGHT,ONE-WAY,DRY,432,N,CLARK ST,17,3,7,41.8901305,-87.6312324,POINT (-87.63123240093 41.89013050076)
b8bfeeda4d8210be382bcb3bcb1c37d9d509d762e2aa6b6715b58eccff5097d62e3a538e34d8c7dc28362e630b890aa5c5db5d9e34f41166a28a7332b03c398b,7/1/2025 16:30,CLEAR,DAYLIGHT,ONE-WAY,DRY,122,E,OHIO ST,16,3,7,41.89266421,-87.62425438,POINT (-87.624254377744 41.89266420582)
81da8934f15c81fa618b3b4e50b62821b033f583bc6f4132433f4a3036e48797cdebf45f90ef693ae0bf1394ad73b695a5a06e3fa57a4ff237a36ba05d6cde19,7/1/2025 13:01,CLEAR,DAYLIGHT,ONE-WAY,DRY,100,W,ADAMS ST,13,3,7,41.87952321,-87.63089527,POINT (-87.630895271228 41.879523208521)
85b407cbd2bdbd373afffdb692e7c1885dff0611a93372d27af455713993e679c6ebc190bdb5510789089d303b832aa06c12259d73899ea44f1291ec3326e78c,7/1/2025 13:00,CLEAR,DAYLIGHT,ONE-WAY,DRY,10,E,GRAND AVE,13,3,7,41.89179146,-87.62765774,POINT (-87.6276577412 41.891791463112)
bb67f5e069cfef57fe40e29684c15545269bb609eeb1fe0ac532b0a7902b2bd07b3e5e440021de3c1ea3bf7c89a6415e0534b95c22c6d4ea4c56b05fde2aea35,7/1/2025 13:00,CLEAR,DAYLIGHT,OTHER,DRY,233,E,LOWER WACKER DR,13,3,7,41.88777617,-87.62135836,POINT (-87.621358362885 41.887776172574)
a280b5526ddd6ac48fca61c925b28d417965ffb763c2af8eae913b70d5f99f0ee74b794ad91df528ad8526827b4de2897eec950868cbb2e6cd6e6f1340d96c3e,7/1/2025 11:01,CLEAR,DAYLIGHT,FOUR WAY,DRY,451,E,RANDOLPH ST,11,3,7,41.88426428,-87.61540141,POINT (-87.615401408473 41.884264283158)
f33f855c8558e0d8ba196c0dd8fab2be420e3e600c4d1644d104f99f26eb7c9af12e253d7a53b332e93c36e1f075dcc1d0e82d73e43ed59b09ea88c722141b44,7/1/2025 10:13,CLEAR,DAYLIGHT,NOT DIVIDED,DRY,200,S,DEARBORN ST,10,3,7,41.87937332,-87.62949764,POINT (-87.629497636384 41.879373320875)
6fc5a63c19e76bb2996697b81fa8c33013741bc4f2e048f6ec2170228bf2ff6fdb0e173e350515ac76bc017c2a599497a4c1da9bd1821d3559a8df74171fcf98,7/1/2025 9:47,CLEAR,"DARKNESS, LIGHTED ROAD",FOUR WAY,DRY,127,E,GRAND AVE,9,3,7,41.89162116,-87.62425393,POINT (-87.624253929022 41.891621161011)
041d141909526b638b15955118e487f65dbab76298afd2fcdb1857a8c551563769c1cde098ba5718e5a8c8edbc5b7575e89dc72dd89c2f34512b477c5f8f26e9,7/1/2025 9:30,CLEAR,DAYLIGHT,DIVIDED - W/MEDIAN (NOT RAISED),DRY,191,N,CLARK ST,9,3,7,41.88549078,-87.63082227,POINT (-87.630822271774 41.885490784288)
be4dfc84e13380547b9918d476d9c5586e046cc9ddea8a988e1d7f02f6359fc2fb3aef774241b4cf78bb4844f79155a9f02aa603020b49f278e02f18e6b2f85f,7/1/2025 8:41,CLEAR,DAYLIGHT,ONE-WAY,DRY,78,E,WASHINGTON ST,8,3,7,41.88333428,-87.62505014,POINT (-87.625050135114 41.883334279294)
185eff0298ff3ae91a8b84601bbe0abb643b245ba65d7a7ca811bae808f5c189579575cf4baa0344184450196f85e5111a5e6adad47621c55c62a947351af3c3,6/30/2025 18:40,CLEAR,DAYLIGHT,PARKING LOT,DRY,174,W,MADISON ST,18,2,6,41.88206167,-87.63309402,POINT (-87.633094020564 41.882061673458)
1c7a71765843dd609e85af967873ff0ef2eda204bac355a0737f059c732fb36551c019d2c9631edb45150ab2ea52bd49d9186b3591b057ac3b0c804c7ed476ba,6/30/2025 16:40,UNKNOWN,UNKNOWN,DIVIDED - W/MEDIAN BARRIER,UNKNOWN,140,S,LAKE SHORE DR SB,16,2,6,41.87993749,-87.61761553,POINT (-87.617615527096 41.879937494112)
8e81f9f1dabe4ed10b018aad811d0db9f83b7adbd02942e5e3baffdf3e596feec32a282161421180273292b82717956b734dc348aa320a6b2a98f9a1f82be38d,6/30/2025 14:02,CLEAR,DAYLIGHT,FOUR WAY,DRY,203,N,WABASH AVE,14,2,6,41.88582829,-87.62613826,POINT (-87.626138262488 41.885828292802)
3843af43931cd9644067a25c207f2d1d71ac4ca89abef9a498021f8daabb7e6870a45fc66fa37ce2f885804bb56fda31fb46dcd0f2ee496473ef6635f2936662,6/30/2025 10:06,CLEAR,DAYLIGHT,ALLEY,DRY,9,W,MADISON ST,10,2,6,41.88190522,-87.6281686,POINT (-87.628168600507 41.881905218713)
ff25a9149e1b1ae914fb6334d18b26d8c5ccef421cc78e462095b0706f6545cfe3fb1597927be1c67d1ada5b2a094d8848d3d9ba7631c7240cfd1e994511c6c2,6/30/2025 9:00,CLEAR,DAYLIGHT,ONE-WAY,DRY,100,N,WELLS ST,9,2,6,41.88324209,-87.63400682,POINT (-87.634006820981 41.88324209419)
3274d98984dccb85d2d8f872e6e006b883e14b368f595e5015bfdf418fef4939a8dfa30a6dc65dc3e5d51b8a7c2b0cf26db1975ba3d747f0d0e10ba183bec453,6/30/2025 7:00,CLEAR,DAYLIGHT,ONE-WAY,DRY,65,E,HUBBARD ST,7,2,6,41.89000521,-87.62537213,POINT (-87.625372131587 41.890005212586)
364bf8cb7faeefaf4b944fbc7ff078ae4af2d045170c4c8dddf111442c3439caf7c08487e8d380478ca9ed74a0a0e1e8246ccaed927f58ca0d59e549893940b4,6/29/2025 22:34,CLEAR,"DARKNESS, LIGHTED ROAD",FOUR WAY,DRY,500,N,COLUMBUS DR,22,1,6,41.89104457,-87.62037184,POINT (-87.620371839074 41.891044569124)
b38d71980375b7ee653e197af32b4d4d22e513455f5ff00dfbf30a3fe8b54441e59a73ce26803e7ca118f0232b41d2c9540dd35a2fab59ab525a5ba143c6611c,6/29/2025 20:54,CLEAR,DAYLIGHT,PARKING LOT,DRY,43,E,HADDOCK PL,20,1,6,41.88619014,-87.62639169,POINT (-87.626391690121 41.886190136582)
b6cea44f5e1ba68681fdbe66674721f4ff91e034e9935fd4e6b42b1f68cc4431cfdad6a50d991125d59b57c32daa159fcf2e7c01a913d0b97f0a2eabb1da1109,6/29/2025 20:36,CLEAR,DUSK,DIVIDED - W/MEDIAN BARRIER,DRY,300,S,LAKE SHORE DR NB,20,1,6,41.87831013,-87.6175759,POINT (-87.617575903416 41.878310134581)
931180a4a5f780a4ec6c553d976f165bfe4c60009073020773f8cd6404310cec1b081425756111c92e972f2328ad661e41b8ff506216d4c0fbfa4d6dc235c7ee,6/29/2025 19:44,CLEAR,DUSK,T-INTERSECTION,DRY,259,N,COLUMBUS DR,19,1,6,41.88692363,-87.62055363,POINT (-87.620553628263 41.886923626726)
045418d7cb2f06c736f1792ecb7a702de2eacb1136d8ab0eabdab8fbfee687c6859b62f6a2a2965149c87d26523fccbd0a8a9b40f474f73c72b4a057db555c4c,6/29/2025 18:47,CLEAR,DAYLIGHT,PARKING LOT,DRY,175,W,JACKSON BLVD,18,1,6,41.87801449,-87.63318903,POINT (-87.633189030014 41.87801448725)
6a0b5a8a4c07fe97c20b760ffcf108bb08452147bd1417e1e2416b4281a0d61b050a7f3ea5e0ccedf1431d643c0a9850cc815d7f0609125f2903e14eca377afd,6/29/2025 17:45,CLEAR,DAYLIGHT,NOT DIVIDED,DRY,110,N,GARLAND CT,17,1,6,41.88352351,-87.62547767,POINT (-87.625477670211 41.883523506236)
95b360090d7468d245e289ff77e93b49d24af5b76e09325fe62c421415e796d5ec89a4e01ffb22d96ee61a5622d0978beb92a7af4740f8a2ebd6259451980415,6/29/2025 17:31,CLEAR,DAYLIGHT,FOUR WAY,DRY,501,N,RUSH ST,17,1,6,41.89095811,-87.62520257,POINT (-87.625202569363 41.890958112298)
a74e1ff971e191c1705c4aeefd73ed843c40bec6f8e61538edb633fa01aa3f738aebf06c19e3e79614cdb997086f546e1136cf1f8a2f023e26ef41b12c9d27cf,6/29/2025 17:15,CLEAR,DAYLIGHT,DIVIDED - W/MEDIAN (NOT RAISED),DRY,60,W,KINZIE ST,17,1,6,41.88933322,-87.63028247,POINT (-87.630282472199 41.889333215048)
adb0da75072d5653e87dae8f6396c0844259c5dbedd65bf1aeba176f7cfc0c1bc2694dffc583f071d8480f08dac8b3d2a3c698d1269e511d8a53dd801d06de77,6/29/2025 15:08,CLEAR,DAYLIGHT,DIVIDED - W/MEDIAN (NOT RAISED),DRY,98,E,MONROE ST,15,1,6,41.88093501,-87.62443142,POINT (-87.624431418645 41.880935009606)
06aed25f55307f8eb2916d632dd4f3a5c8fb38dabddb0073b6bda844031dc1d9ccba8eb900610242fbba9aca70e7fc53e4ba94faa499382ada73245fc5d749c7,6/29/2025 8:50,CLEAR,DAYLIGHT,FOUR WAY,DRY,300,S,MICHIGAN AVE,8,1,6,41.87821735,-87.62445584,POINT (-87.624455840297 41.878217345311)
fdb9a808032c675bdefa647303382ef55c3d393fc49094a06770eee73d3989d59c057d493281cd0786224fb3b00e63d489b17cacdc04942fa241b18d4dce744d,6/29/2025 0:00,CLEAR,DARKNESS,DIVIDED - W/MEDIAN BARRIER,DRY,100,S,LAKE SHORE DR SB,0,1,6,41.88085605,-87.61763589,POINT (-87.617635891755 41.880856047671)
a6bd2ab41ccf56ec4e315fb164b3ad81f943db53ab197d4dc20d04d303be37ce579702751b0feb934b875040f97704e2da502771cadeb05c48e38162a715e463,6/28/2025 23:20,CLEAR,"DARKNESS, LIGHTED ROAD",FOUR WAY,DRY,1,N,MICHIGAN AVE,23,7,6,41.88216858,-87.62422057,POINT (-87.624220566705 41.882168584563)
6c5b69bbeefeab1562db7598c7ea1e765d4220d6b47910d30246522f4c9a6584db0169addbcf5b639a9cb674a0866d6c16b140bfc0b0f147d0508c30689317b6,6/28/2025 22:44,CLEAR,"DARKNESS, LIGHTED ROAD",ONE-WAY,DRY,25,W,GRAND AVE,22,7,6,41.89154322,-87.62915117,POINT (-87.629151172481 41.891543221398)
3ec8c9ce2f52fb1d699d0947013e878b1e8b00c5b06d7c05efb5df61ac580ffb6d535d73e451b727b5cec26ab6484b0227bd4f304656448a69cd7ddbfe016882,6/28/2025 22:40,CLEAR,"DARKNESS, LIGHTED ROAD",NOT DIVIDED,DRY,400,N,STATE ST,22,7,6,41.88931871,-87.62815267,POINT (-87.6281526679 41.889318711059)
1ba133ddaeb96d148e5c4e3dd64e396817e32bee800ab9088476cfd36eb485d230f72799a89d18800ad155d837178e90786ef0ba2cbbac9c63378e8ec9e01eec,6/28/2025 20:00,CLEAR,DAYLIGHT,FOUR WAY,DRY,25,N,MICHIGAN AVE,20,7,6,41.8826705,-87.62424154,POINT (-87.624241538569 41.882670496958)
3b1ae411c7e4a0e787ff3a3fd2e1cb503d94dd8aaabf64e470a3e562a51191a736f8aad51b250dbcb8ee93473ad54f978258d9c468bb941584bb884305e29933,6/28/2025 19:45,CLEAR,DAYLIGHT,ONE-WAY,DRY,24,E,OHIO ST,19,7,6,41.89259665,-87.62707705,POINT (-87.627077051762 41.892596648052)
cbaa4c7b7530e9e33dd55c4d7d7cc7eac296911f8da9e7893c0dad127c8f4a24551e36236683c460fa73789063e6686d072c85a65e35218a8494eebd991c7e23,6/28/2025 19:15,CLEAR,DAYLIGHT,FOUR WAY,DRY,121,W,KINZIE ST,19,7,6,41.88908715,-87.63200849,POINT (-87.632008493684 41.889087145416)
650693e1f1e2d6b23452277b0cf95d31e54ae8da28348b7922c636bc35f2d58637377d0a44ddee8246c67020d363a42280c6734f54203fd8f9f576ce5c1c039b,6/28/2025 18:00,CLEAR,DAYLIGHT,PARKING LOT,UNKNOWN,300,E,OHIO ST,18,7,6,41.89271058,-87.62013066,POINT (-87.620130658406 41.892710584594)
b2dad8626f256d29815547c3f4844c504850e4c6f89b5c7017c518e853e5c58e5f62f9349105de55c7084dde1bcabe1312ed60ecbf96ee697b58681e88b5ad3b,6/28/2025 17:56,CLEAR,DAYLIGHT,NOT DIVIDED,UNKNOWN,43,E,OHIO ST,17,7,6,41.89239475,-87.62641534,POINT (-87.626415335436 41.892394750983)
ad6bd030ea3e87e1e1ec617ac18eabb6107c69bc063a1c2114513a11ac2aef578aca6dfed59c38f703dca0d626d4a4ffef909f387fdc60387a2cfcfa90efcc6c,6/28/2025 17:35,UNKNOWN,UNKNOWN,DIVIDED - W/MEDIAN (NOT RAISED),UNKNOWN,340,E,MONROE DR,17,7,6,41.88100484,-87.61927762,POINT (-87.619277623582 41.881004841184)
b441f02ef12cb48d5c8abf79ee960f65695d1f3ba50dda548334d95e05779bf5d90b6c60a9b76536f361d99e805b8dbe75f364a14d43a6dc808a7bbf33983992,6/28/2025 16:00,CLEAR,DAYLIGHT,PARKING LOT,UNKNOWN,10,E,GRAND AVE,16,7,6,41.89179146,-87.62765774,POINT (-87.6276577412 41.891791463112)
3b8de6c29bfefa88448ffe7aeb20c876f7b9db7f72734c1420adda06082465622663917941c892ae9468349bc31d1e9a694aa19db0f855f5fd676e15c8ad1c7b,6/28/2025 13:18,CLEAR,DAYLIGHT,NOT DIVIDED,UNKNOWN,150,W,RANDOLPH ST,13,7,6,41.88458266,-87.63250801,POINT (-87.632508009736 41.884582656121)
2b2c93505d043e03b1ec1694eb930fe6e4060da53fdbc976941692cb1e59375a3b7a22a965e91e8374f7d6719a7b08b577b5a07bd5b42d3a7d11904b33bd7e32,6/28/2025 11:35,CLEAR,DAYLIGHT,NOT DIVIDED,DRY,15,S,MICHIGAN AVE,11,7,6,41.88171174,-87.62420784,POINT (-87.624207841709 41.881711737465)
e5c4d6fce3f03df9a5e100a17dfef5848e83bbaedf8a62605d746febe6ed3143ed3c190b8ff38f15fb39c67f932601bd2e3159c655f2292bc3eb4c41f18aa222,6/28/2025 10:43,CLEAR,DAYLIGHT,NOT DIVIDED,DRY,325,S,MICHIGAN AVE,10,7,6,41.87766756,-87.62415745,POINT (-87.624157452749 41.877667557581)
a543a9adacf94fe2d3358060124f62ab4434482ce909e98fd4349d896ce885619d9e627b7e1416899aa1506dca9b927d78e68f7220d7e7a36fe496a3b8584407,6/28/2025 2:00,CLEAR,"DARKNESS, LIGHTED ROAD",T-INTERSECTION,DRY,45,N,MICHIGAN AVE,2,7,6,41.88309456,-87.62424659,POINT (-87.624246587134 41.88309456011)
5835fa047c1c984130b56e5357c70c17612ad69297db72ab43ba6646210f3cb53b7437e0d71848366316b352d00191618162c93ae45b700a4f810d88cbeca168,6/28/2025 0:13,CLEAR,"DARKNESS, LIGHTED ROAD",NOT DIVIDED,DRY,600,N,WABASH AVE,0,7,6,41.89253115,-87.62689596,POINT (-87.626895964473 41.892531148205)
8ad3690febbc2beec75730a6c9303267533784ba975680de445a24741a5685c12efbdc18d056cf6421456ad5e71bf19f791d7fb12af616449c8a40f8d3b91c36,6/27/2025 23:34,UNKNOWN,"DARKNESS, LIGHTED ROAD",FOUR WAY,DRY,600,N,WABASH AVE,23,6,6,41.89253115,-87.62689596,POINT (-87.626895964473 41.892531148205)
d4466390a6d81dd495bc52528b0bf4ec0ee7c94b89194f791a98a100f68fc179f01d58d03e3a611c119ea2010fcf4d810c4c0fb19a1a07b7eab8a4cd01447e75,6/27/2025 21:20,CLEAR,"DARKNESS, LIGHTED ROAD",ONE-WAY,DRY,400,S,DEARBORN ST,21,6,6,41.87683321,-87.62940759,POINT (-87.629407590326 41.876833207404)
4357586d6e7f13d896da296d61aee86162627e77db19548addc470036199dd8eb2dea1cc7eb367a8439a387457d240bc04b504220d2c53a0b6e6ad4dac0332c8,6/27/2025 19:00,CLEAR,DAYLIGHT,NOT DIVIDED,DRY,456,N,CLARK ST,19,6,6,41.89078197,-87.63125181,POINT (-87.631251814186 41.890781971197)
769963b33656e6c1fb770f736b56a59ad23898680c5ca3db8c48ab03a4eeb4190e5a37be2d2fa5a00ac9c0e94555b66ffbd2199bba0948de3cd01f822731cf47,6/27/2025 17:55,CLEAR,DAYLIGHT,DIVIDED - W/MEDIAN BARRIER,DRY,224,S,MICHIGAN AVE,17,6,6,41.87893738,-87.62448327,POINT (-87.62448327326 41.878937382428)
9c261d83a81af254497a896f3c8170cb171c36aeb71e3afcc3c3f812ad97b5f88209b71184f25e171c132d19068abb867ebb93a3358c8cfca2485524eb9862c2,6/27/2025 17:50,CLEAR,DAYLIGHT,DIVIDED - W/MEDIAN BARRIER,DRY,116,S,MICHIGAN AVE,17,6,6,41.88039584,-87.62450172,POINT (-87.624501721595 41.88039583826)
4e24fa649a7543ebcd7ec83015b84e52108e9057425e9213922d80d456d7f579007437d41c657c776c72b4199ac2a129b46daefe3623351018aaeb759a5744b7,6/27/2025 17:40,UNKNOWN,UNKNOWN,T-INTERSECTION,UNKNOWN,400,E,MONROE DR,17,6,6,41.88102972,-87.61728157,POINT (-87.617281566405 41.881029716883)
be8223c888a2d9f0213fc245d753cfdb3ca35ec3d367c7e8deae266404c6911786c95741a1f3d65a5d97af7fae45ed95e69f8157fe078dcf1af8847fee6356ec,6/27/2025 17:30,CLEAR,DAYLIGHT,ONE-WAY,DRY,161,N,DEARBORN ST,17,6,6,41.88483097,-87.62932305,POINT (-87.62932304832 41.884830973817)
990e437853a2b5dd559304f38d2ae2e6790f6c27f959668819ed2534e07cad7c1d9b4381c58eb348b0858b6ba765187fc0bf28f0d7670caf2e2c1d9e8fe89da3,6/27/2025 9:45,CLEAR,DAYLIGHT,DIVIDED - W/MEDIAN BARRIER,DRY,244,N,LAKE SHORE DR SB,9,6,6,41.88548248,-87.61421545,POINT (-87.614215454548 41.88548248027)
43b17f522662ea855238566230a3d3ac1c370ee859f75109eaf004441a3753a3005db4843a293632cf6aabbc08a384c04694af38b5aff2eb2a9a84188d196e4b,6/27/2025 9:30,CLEAR,DAYLIGHT,TRAFFIC ROUTE,DRY,299,W,LAKE ST,9,6,6,41.88562444,-87.63538243,POINT (-87.635382429354 41.885624439117)
d6501d4647ac925de0cddd1a21d900ac60155a7821ee7ed991a46812ebedfae4ac866fe0692ac651dc42306d962e64be96419294edbef8545ca72a39c0f10940,6/27/2025 9:03,CLEAR,DAYLIGHT,ONE-WAY,DRY,10,S,DEARBORN ST,9,6,6,41.88180696,-87.62954312,POINT (-87.629543115394 41.881806960065)
148e8299a306a4108c25c36d5d418c1695116e9fe881a8e79900945db62b5264f06bef99d9e0eebd8b5ee37acb9618fe5f0301e8c21f522395531380f139c31e,6/27/2025 9:00,CLEAR,DAYLIGHT,ONE-WAY,DRY,10,S,DEARBORN ST,9,6,6,41.88180696,-87.62954312,POINT (-87.629543115394 41.881806960065)
cf22a7e4276f1dac53e52525846108990002a2657013f61250060a8f3ca2ce7d8fbd74de88dd123fa01070a22b897d186eaf27b64dcc2d92f1acdc50f3d27ebe,6/26/2025 23:30,CLEAR,"DARKNESS, LIGHTED ROAD",NOT DIVIDED,DRY,41,E,MONROE ST,23,5,6,41.8806784,-87.62624631,POINT (-87.626246311891 41.880678403846)
463926e7033113c1fa84ab58a8c2f6df9bcf85cad937f796139416136d5ea2679cdd1d0120067c01c3dd58376d5f5831ec99583697abda25e10ca6897a4382e5,6/26/2025 19:05,CLEAR,DUSK,ONE-WAY,UNKNOWN,78,E,WASHINGTON ST,19,5,6,41.88333428,-87.62505014,POINT (-87.625050135114 41.883334279294)
a24c60880d296faa68a611e2aab0dfb92bc868ff737dc300123d454c026aee34077c114e680602fbbaf4bbacf30d73651f40c026c660c1b14d9e1f73172d352a,6/26/2025 18:13,CLEAR,DAYLIGHT,DIVIDED - W/MEDIAN BARRIER,DRY,51,N,MICHIGAN AVE,18,5,6,41.88317858,-87.62425042,POINT (-87.624250416005 41.88317858382)
16325c8287d10d91c6d0e0e0415f33b32bd926661fbbd7d3bdb9e44a40100e1aa619ed15b295ac13f62a989534da7c0a04a8e51d904b0a6cd20387d0c82d30ea,6/26/2025 16:30,CLEAR,DAYLIGHT,ONE-WAY,DRY,77,W,WASHINGTON ST,16,5,6,41.88310054,-87.63033121,POINT (-87.630331211918 41.883100539502)
9de4fba30404c760135f5d85c8959b4141b519e4c4382772cf92d70c5e8c0347bfadf4962092570d966eb9f57c00d25787b1ac39b310c0e3a92ca702a027ea5c,6/26/2025 15:15,UNKNOWN,DAYLIGHT,DIVIDED - W/MEDIAN (NOT RAISED),UNKNOWN,55,E,IDA B WELLS DR,15,5,6,41.87558673,-87.62551952,POINT (-87.625519518153 41.875586728012)
938709ad337204dc332536dcb5309e4277d71bd346fdc0728edf778732d60e3e24975d5dce13271e06b0df6160700673a911e1d0733a5580f7aab1f6eac22c21,6/26/2025 11:10,CLEAR,DAYLIGHT,NOT DIVIDED,DRY,300,E,RANDOLPH ST,11,5,6,41.88462378,-87.62047604,POINT (-87.62047604443 41.884623784636)
7a7d55a550326c4184bf0cc5e331e5b7060fc0b28aba792e0d5df62d62a970da1f29201febea6cc8ce70a71ec72368258d52392ab56a0e96a4b15743f6e1f142,6/26/2025 10:30,CLEAR,DAYLIGHT,RAMP,DRY,5,S,COLUMBUS DR,10,5,6,41.8819421,-87.62059571,POINT (-87.620595711289 41.881942101491)
1ac98e7823ec8eb492d2b53e18e407b9788c119678d051716cb33b71201eb4d07bea775a92207a32efaeea29f368311dc5147d65da15a48c2b1b8ed1894bba49,6/26/2025 9:44,CLEAR,DAYLIGHT,NOT DIVIDED,DRY,500,N,MC CLURG CT,9,5,6,41.89108825,-87.61781709,POINT (-87.617817088506 41.891088251976)
fe2485041c4b0325b8aef6edd37f66f73dba8c6b2c9c6da0b76c03fc6a37b03b38b0a1208a360f1338916e60f2255444bd50c44dfb4fab94ae1c7a1ba61e11c1,6/26/2025 8:50,CLEAR,DAYLIGHT,ONE-WAY,DRY,300,N,DEARBORN ST,8,5,6,41.88751051,-87.6296843,POINT (-87.629684301676 41.887510510894)