CRASH_RECORD_ID,CRASH_DATE,WEATHER_CONDITION,LIGHTING_CONDITION,TRAFFICWAY_TYPE,ROADWAY_SURFACE_COND,STREET_NO,STREET_DIRECTION,STREET_NAME,CRASH_HOUR,CRASH_DAY_OF_WEEK,CRASH_MONTH,LATITUDE,LONGITUDE,LOCATION
17a81f83295c672dd93aa5c4156344c49a4083414eb613cb1316193705700c20f720a04adb480bf9e22530c622822e13b131d5a94aa72ad87232c57be8d6429b,6/26/2025 8:38,CLEAR,DAYLIGHT,ALLEY,DRY,71,W,MONROE ST,8,5,6,41.8805919,-87.63044233,POINT (-87.630442327033 41.880591895361)
ed9da69fba3380be7eb55c805c6077ceceebcee8871ebaf70a120fbe4a2883ceb48892b97ab1c73ee62e71aea204697856b48273d21581e81ddc6b6b1a4c691b,6/26/2025 8:00,CLEAR,DAYLIGHT,NOT DIVIDED,DRY,364,N,MICHIGAN AVE,8,5,6,41.88834353,-87.62464876,POINT (-87.624648761452 41.888343528092)
22d866fa47af23fe03f2dc44395c30fed7298a5178efa60b33bbdccaea0da809c041d8fab2764369c6b1b4349de437a0f22c22189fd8405102b6454d85d5072f,6/26/2025 0:47,CLEAR,"DARKNESS, LIGHTED ROAD",FOUR WAY,DRY,99,N,FRANKLIN ST,0,5,6,41.88317627,-87.63519482,POINT (-87.635194817034 41.883176266755)
095548eb723ee25bd4bb01018188f85eda1b85a313dadd62af10a7d179c8e9d82bc5957b0a568456e453a498949b0353cfe584a1999548decf14e84e3e8481cd,6/26/2025 0:30,CLEAR,"DARKNESS, LIGHTED ROAD",NOT DIVIDED,DRY,302,S,COLUMBUS DR,0,5,6,41.87821951,-87.62082108,POINT (-87.620821083662 41.878219509932)
a4ca0f937203f19c99993f2e64c9501a2ec10d0c9c5400b24d99749d45037fe41b07ba3d04bc09754758e722ba935417eb2dd2d59f44ced35659a2ff1a8230e3,6/25/2025 23:00,CLEAR,"DARKNESS, LIGHTED ROAD",UNKNOWN,DRY,1,N,COLUMBUS DR,23,4,6,41.88215322,-87.62056271,POINT (-87.620562714497 41.882153221392)
f327c1823476e8599b915f2971e4eca49588d0471c76657410a7a0b43d224f25d65c1f6aedf4cc7520a7921fac6fb25ae1b3174e827a9276e4d8c7c83cdc8fca,6/25/2025 21:55,CLEAR,"DARKNESS, LIGHTED ROAD",NOT DIVIDED,DRY,107,E,MONROE DR,21,4,6,41.88072163,-87.62405968,POINT (-87.624059679889 41.880721633101)
6ff4e9b2ea6f120dc224a29fdc3182ed582bc0cd33ab69cc12125ee7e8770f3aadc59d00a4c9cf3386e2d321e4361dadf4f52b45500c7fae86aab92cb1750527,6/25/2025 19:00,CLEAR,DUSK,NOT DIVIDED,DRY,71,W,HUBBARD ST,19,4,6,41.8899146,-87.63082841,POINT (-87.630828410162 41.889914599928)
e3d17f2661335dca892c7e20277e3b0c1e6d8c5478cad49a5d179758912f5186eb3361a63c3b0440f5f49f220846db29df1ed70ff6aa001c2858acef1fcb4dd0,6/25/2025 19:00,CLEAR,DAYLIGHT,NOT DIVIDED,DRY,71,W,HUBBARD ST,19,4,6,41.8899146,-87.63082841,POINT (-87.630828410162 41.889914599928)
bd9ed083c479d469dba712dfe50df432873b4a0c1dea4810db9349b953d6e450bed64a86a1ad0c3c4ebf89a0029818d1dc8610b14834957f5fa1baa3cfafbb90,6/25/2025 18:54,CLEAR,DAYLIGHT,DIVIDED - W/MEDIAN (NOT RAISED),UNKNOWN,511,N,COLUMBUS DR,18,4,6,41.89140488,-87.62008123,POINT (-87.620081229738 41.891404880694)
2704b88298bffb2bda805d203fa8a39b099351937cb224473cce51aabdc05c581bc3d76af8ae043eb663b0f23ac25528828ecad73a3a5344cd59209010b406ec,6/25/2025 17:15,CLEAR,DAYLIGHT,DIVIDED - W/MEDIAN BARRIER,UNKNOWN,333,W,WACKER DR,17,4,6,41.88602541,-87.6362977,POINT (-87.63629770323 41.886025412541)
a76a22b0e2ae6ae57f46e0a4e63d0fd54d0a2ae61cff0242b021ab1d4a022e80e77aa9ba18befc073370ff7068abf599e638d6706627fc72aa1b1ea58cee06bb,6/25/2025 17:06,CLEAR,DAYLIGHT,ONE-WAY,DRY,115,N,WELLS ST,17,4,6,41.88360943,-87.63372161,POINT (-87.633721608141 41.883609430816)
12f6165b79b5dc823582a7ff13e375c240d3871265418190f5eb5836aabbc6ab12f269ed6f6c652b3ab284546962523f3857e739cc0130658d42f4f7c425fd76,6/25/2025 16:30,CLEAR,DAYLIGHT,NOT DIVIDED,DRY,208,S,LA SALLE ST,16,4,6,41.87910994,-87.63243043,POINT (-87.632430427645 41.879109939003)
6e27f8fe992635a44de178568872cc36c22ee908accd9b560b98c95fc82f4f1ecbb88bf7c1d045f7681f213ee3bf47cf3fabb7357f0242283c96cb751f2312c7,6/25/2025 16:30,CLEAR,DAYLIGHT,ONE-WAY,DRY,42,E,MONROE ST,16,4,6,41.8808979,-87.62625184,POINT (-87.626251838702 41.880897896928)
9cbaf937c13055da6ce9aa693c2829ac7d1c736024185e840d43e014954fe7b5fe8ae58f0cd18ade7a1ef417d6e515b20831fafd6b8c63113605628a1f5d3f00,6/24/2025 21:08,RAIN,"DARKNESS, LIGHTED ROAD",DIVIDED - W/MEDIAN BARRIER,WET,533,N,MICHIGAN AVE,21,3,6,41.89183508,-87.62401557,POINT (-87.624015568293 41.891835082446)
96b885eddb6380f572bf641521d88f5ea34dc9063a43f928827cc2930f89de20c3c504dfe35155b8d1f196724c91ff4d13e08ce6c56ee912e6fa39814367a22f,6/24/2025 21:06,RAIN,DUSK,NOT DIVIDED,WET,120,E,RANDOLPH ST,21,3,6,41.88454795,-87.62358834,POINT (-87.623588343598 41.884547945768)
8362c36580003f2e0b728da8ebc1b0458a0775bd768929f465ad1a45aa7ce8c1d3473460ffb00441df3e4644e2a64f2acc5091c41b99ef0bd6d0d8490357b790,6/24/2025 17:00,CLEAR,DAYLIGHT,ONE-WAY,DRY,300,E,MONROE DR,17,3,6,41.8809852,-87.62062875,POINT (-87.62062874871 41.880985202525)
f01444ff335d47a4e3b97b6367b31d1e7c74cc7d7f564ec7dcc5661daa8e8814d798a3f21372f9d716fe5f6aea11e28e8a8717276f080c42fcca6a767cc2b303,6/24/2025 16:29,UNKNOWN,UNKNOWN,UNKNOWN,UNKNOWN,25,N,MICHIGAN AVE,16,3,6,41.8826705,-87.62424154,POINT (-87.624241538569 41.882670496958)
c22c858e1eb89c6edfe6f5743ce7c1f8b125f7c24964669da41d19dd1f3271a31433ba00eeff2fbee56efad1e5c95a8840b16c2c3ca3d483e6a263b44d8b61f2,6/24/2025 13:20,CLEAR,DAYLIGHT,NOT DIVIDED,UNKNOWN,88,W,WACKER DR,13,3,6,41.88704189,-87.63093196,POINT (-87.630931956164 41.887041891441)
f97afe7394e0e956d2056eab1749cb396afabaca5b2ad082a905a1e0d37218d4ce7dbd4da29657248566e1d5ed033baabfca3d61ba4b5d1aa37a1d699b3cbe62,6/24/2025 13:19,CLEAR,DAYLIGHT,FOUR WAY,DRY,5,N,WELLS ST,13,3,6,41.88208823,-87.63368503,POINT (-87.63368502504 41.882088226854)
e0f866a9992a65a0826caae77c5917beb629a0fe4c5e86a40d73e032012cf85c0be90431638e609900aa288ba384360192a3b74b101a3ec5adc6222de8826b54,6/24/2025 12:40,CLEAR,DAYLIGHT,FOUR WAY,DRY,200,N,MICHIGAN AVE,12,3,6,41.88580155,-87.62465977,POINT (-87.624659771063 41.885801546318)
7cacc218bf7bb13e77cb91a376841dfe80d55ccaf3ab522a7ca9c6dce96d0e864230805c1f5cb10a4dcda486d5bff2eb2ef31e377cc297eba068c732e14e2cef,6/24/2025 12:00,UNKNOWN,UNKNOWN,PARKING LOT,UNKNOWN,401,N,STATE ST,12,3,6,41.88926542,-87.62786766,POINT (-87.627867657864 41.889265415961)
0e2e96455a0279eb9ae749c2eb0a16555e55e0fb808018d6f4593504d062e24f79b7853471e05b732bb51d9f6f50431c2309713f4d1f53f3bfc0cb6e75b4ce77,6/24/2025 9:00,CLEAR,DAYLIGHT,FOUR WAY,DRY,150,N,MICHIGAN AVE,9,3,6,41.88453096,-87.62460204,POINT (-87.624602044601 41.884530963783)
2f4a26d5e2b0b9d5603cb7fb0122cd20e70efd2b9eae1a9c2e90b1ba330c84cc26fe0bb89f55bf2a8f366dc34fb676eebea668e0aeac6a293c76e049cb7a84ea,6/24/2025 8:40,UNKNOWN,UNKNOWN,ONE-WAY,UNKNOWN,230,W,MONROE ST,8,3,6,41.88075716,-87.6347093,POINT (-87.634709298342 41.880757158647)
46930e4ea6e3f4bd9e5e380a6f4b96f5bed8ae51b1b421e113651fe34da8f3d4fd792c60557f2bef3d29df337a24a327eb1e3eb9b75a95d43ff8a33aa10e93e3,6/24/2025 8:20,CLEAR,DAYLIGHT,CENTER TURN LANE,DRY,112,E,LOWER WACKER DR,8,3,6,41.8884266,-87.62397517,POINT (-87.623975173564 41.888426596116)
e66044ad760bbc1c48afc92e85dc69fd5a4a6a95a285b19d8bcd73cc4d5fb3534eab43ed28fd41083bb6b79b5131e2c75f0a229209ef126879d396c8ce63ef16,6/24/2025 7:50,CLEAR,DAYLIGHT,FOUR WAY,DRY,530,N,WABASH AVE,7,3,6,41.89172472,-87.6268666,POINT (-87.626866598748 41.891724723865)
fa7fe95c3686526845ea59264d7f343f97f8094feadc46d37850e9ec4bbcafcab36dd67024204e565762f186213a84f3a6dd75e7c27c478260f1e015458f4b9b,6/23/2025 20:10,CLEAR,DAYLIGHT,OTHER,DRY,151,N,MICHIGAN AVE,20,2,6,41.88454011,-87.62430852,POINT (-87.62430852246 41.884540110592)
c28c032c3fc2c500ae0f24069d75be8ff3120e2ebb57771b80be7cf783d19c16ce3a39b8d6ea9ab1a0bf34edc6f6cd2d0a94b40f49629101f58415bcbba6ed5a,6/23/2025 18:17,CLEAR,DAYLIGHT,NOT DIVIDED,DRY,40,N,CLARK ST,18,2,6,41.8829402,-87.63104326,POINT (-87.631043257354 41.882940200759)
655fb64b12659f6e87735947fbffa0d3e2c45c743f3aaac3dbfdc2dcb87523797e8a60d53933f7540f6d9018373b22ab97b9379921db5795433788d3009b6992,6/23/2025 17:30,CLEAR,DAYLIGHT,NOT DIVIDED,UNKNOWN,180,N,LA SALLE ST,17,2,6,41.88544439,-87.63258213,POINT (-87.632582134846 41.885444388143)
fd3b5fe8ebe23fadf7fed187ee3a791f9044b7914721dd8dd33c9516c16f63733e875a643f3fecc24b73ddc22a125253c1e7fb1d0d268d8aaed294c0af79ed29,6/23/2025 17:23,CLEAR,DAYLIGHT,NOT DIVIDED,UNKNOWN,320,S,LA SALLE ST,17,2,6,41.87743946,-87.63194471,POINT (-87.631944707522 41.877439458493)
8051f320ae12a192b2822ce420de4c377d1e99e3675efc298c32bfeee6a57004a39214009f3a06dbfed6a9cf05f8b25f629e2f41468cdbd9069f9380b370ed21,6/23/2025 17:15,UNKNOWN,DAYLIGHT,FOUR WAY,UNKNOWN,65,N,FRANKLIN ST,17,2,6,41.88317627,-87.63519482,POINT (-87.635194817034 41.883176266755)
93370da91d8602f91ea91ed29125ef14b8f86deb66182545a1aff1826c28e1f17d3111abfaa68daa8f2895be806f5ae104c5c439e0bfd7cbd8f582e23a4f77fa,6/23/2025 17:00,UNKNOWN,UNKNOWN,DIVIDED - W/MEDIAN (NOT RAISED),UNKNOWN,157,N,COLUMBUS DR,17,2,6,41.88475291,-87.62050253,POINT (-87.620502533928 41.884752912241)
f92fb73cddd29c24132612a49fbd28ff6eea25437530cc50b0ea001bcae53171aa3275f01f65b6414d96d3320e4681208a59c107fca55da0d2d06458256329f0,6/23/2025 16:36,CLEAR,DAYLIGHT,ONE-WAY,UNKNOWN,150,E,GRAND AVE,16,2,6,41.89185714,-87.62343616,POINT (-87.623436156234 41.891857137699)
db5b9efd96bb4c1eb2cb7c21d8235360b44e75f8149845a27ce4618e189d9ec3247f06b49a90bbc797d7bc19f15f632854473f24c837a025aa235ff009e26115,6/23/2025 16:10,CLEAR,"DARKNESS, LIGHTED ROAD",PARKING LOT,DRY,172,W,MADISON ST,16,2,6,41.88206218,-87.63303912,POINT (-87.633039115193 41.882062182826)
329c680e93eef645de07b93d86391059bd318a083c937a4d45d1f0130ee8e0919b40e8fe7006cf0b9a337dab96478a3582257ff0f019d159324bc9ee21c625b2,6/23/2025 14:51,CLEAR,DAYLIGHT,NOT DIVIDED,UNKNOWN,406,N,WABASH AVE,14,2,6,41.88954935,-87.62679734,POINT (-87.626797337302 41.889549347017)
241d468fd0e6e234808a5496c3a456ce2051af6a58df40cf3ef0dcb354a22bff8ef514ff0f46fa6b438461b42961b8826fd1e33b1ea2b9739d4f98d047c04ed1,6/23/2025 14:30,CLEAR,DAYLIGHT,RAMP,DRY,55,E,MONROE ST,14,2,6,41.88068788,-87.6256435,POINT (-87.625643504087 41.880687878502)
9e36f92b336a9ed24d67011b5f1ae3c066e467faf37a2e49e42084aca18435ae18c99d59d80659e8f2f83694641cb86485b8d4cbe18c00973a1061efacf8c423,6/23/2025 14:15,CLEAR,DAYLIGHT,FOUR WAY,DRY,251,S,STATE ST,14,2,6,41.87820977,-87.62753115,POINT (-87.627531144988 41.878209772522)
3e8c7de0778818acf2b52468de689fafbe6e8091625471e426031e483e947a93759bca2300e81e557d7cbda699d4318b806febddef60760966cb61a3afe15fac,6/23/2025 12:40,CLEAR,DAYLIGHT,FOUR WAY,DRY,35,W,OHIO ST,12,2,6,41.89233879,-87.6295965,POINT (-87.62959649776 41.892338790403)
0f8f2c0bbe69bb86df4403f9243e23805ea35734a26c36c9b8b26ac5b7d6865b60a3d12425411693b25b370e7d3da6c2f7de2f0bd5a67f6ee31219866a8991b1,6/23/2025 12:23,CLEAR,DAYLIGHT,DIVIDED - W/MEDIAN (NOT RAISED),DRY,510,N,COLUMBUS DR,12,2,6,41.8914018,-87.62037501,POINT (-87.620375009348 41.891401798637)
515869839acca55d18b5701a6f433b3753d5df0a04fd006fc7f9a286c133d7d814cb6de99a7160eebff16c5b465991893b0e64df9785b6364d15b454d198cbcb,6/23/2025 12:05,CLEAR,DAYLIGHT,DIVIDED - W/MEDIAN BARRIER,UNKNOWN,277,S,MICHIGAN AVE,12,2,6,41.87834204,-87.62415992,POINT (-87.624159915645 41.878342039832)
01489a9ec89bc22d88be6dea43ec62dd45ef5217cb2dcb98d0717d7a76839f6fb300378c1f943b6bb2aa6301f32e1db0f645cc360469b2aad8e44bbcbe16b5ed,6/23/2025 11:30,CLEAR,DAYLIGHT,NOT DIVIDED,UNKNOWN,200,W,WASHINGTON ST,11,2,6,41.88332002,-87.63393327,POINT (-87.633933267711 41.883320022301)
bbf3b149ff1ffd721fb4d88ec1cfa8b50b368f865ed31379e7ec7d34767891431c3f304cb2f6e957a6d9b1e1b34c597ec2f3ddb955195c5733cb8e4be389825a,6/23/2025 10:00,CLEAR,DAYLIGHT,NOT DIVIDED,DRY,121,E,JACKSON DR,10,2,6,41.87817558,-87.6235356,POINT (-87.623535598246 41.878175582401)
35367da6b4346c090f74aa5d1fb99e94de8fb5778338f291680fd00787ba51d1a8ec73ad3936430b91fc1af89ea8f3a00a41a1c7ec475098b177fe9d46e42c79,6/23/2025 9:56,CLEAR,DAYLIGHT,ONE-WAY,DRY,100,W,MONROE ST,9,2,6,41.88080528,-87.63092933,POINT (-87.630929332143 41.880805278204)
c9fa3e6759aa9aadddb4ac5ddbeeac388bd1b0f7223f2b4500e3fad390db6a02603836e51ec1ca2d2b6cf98da584b7164d55064356a6fe36c671a8538d246181,6/23/2025 6:30,CLEAR,"DARKNESS, LIGHTED ROAD",DIVIDED - W/MEDIAN BARRIER,DRY,150,E,LOWER WACKER DR,6,2,6,41.88837156,-87.62251409,POINT (-87.622514085659 41.888371559813)
cf1d389058e356942597d4603f7b411d8e4cca2a07e4b3c48a04b45717a32ae209d30acfc280135a3831c4e8d063210034d5e8486e905d6690e026f0423d2d95,6/22/2025 23:50,CLEAR,"DARKNESS, LIGHTED ROAD",ONE-WAY,DRY,133,N,DEARBORN ST,23,1,6,41.88400059,-87.62929395,POINT (-87.629293954672 41.884000594461)
bc5d6eabf37ac4e5d6256f300ecdf61e73f6f22a556e90cde8f93cea4c4f7190bd9c6fc94f645c9bccadaa6bd203911b697b77442eebfb6154849dd1e83867c0,6/22/2025 23:45,CLEAR,"DARKNESS, LIGHTED ROAD",DIVIDED - W/MEDIAN (NOT RAISED),DRY,220,N,LOWER COLUMBUS DR,23,1,6,41.88624219,-87.62087071,POINT (-87.620870708284 41.886242192881)
6bc8ff16f6d41c3c2acbd188b10955eabe8e670b9dd8ad6358a85521a9220b55789a0b2b994f54866a35c1fe035f3b0380735bc1eae5416929ac42785637826c,6/22/2025 15:30,CLEAR,DAYLIGHT,NOT DIVIDED,DRY,85,E,WACKER PL,15,1,6,41.88669971,-87.6246285,POINT (-87.624628502631 41.886699712787)
1f13603906eaf4c8bb67ba69d470785b31d1cc0a9909356ea60483326fa131c7b50b2da72cb38d1668767bec9c5d0e2edc5122111504de61291ac957d53d02fe,6/22/2025 14:33,CLEAR,DAYLIGHT,ONE-WAY,DRY,160,N,STATE ST,14,1,6,41.88483723,-87.62806563,POINT (-87.628065629567 41.884837226551)
172ab6a9f23ea27081f05d0ad353602af1aaef7bd66281a1f09d00bfde722dd7c06dec4c072598d0bf5b8d1a035e6264c8ea53e5b69eb34470250ab8b578c2b2,6/22/2025 10:45,CLEAR,DAYLIGHT,FOUR WAY,DRY,43,E,OHIO ST,10,1,6,41.89239475,-87.62641534,POINT (-87.626415335436 41.892394750983)
44571826c08f321117a6725b4a5e5c2966dd2ecdc2c46cebd590713ab7ee6efe78e74e3a7b3335f0eb04c21fbe1a3fa576de1aa13602f78856719f728a7c782d,6/22/2025 1:40,CLEAR,"DARKNESS, LIGHTED ROAD",NOT DIVIDED,DRY,255,E,GRAND AVE,1,1,6,41.89168984,-87.62044413,POINT (-87.620444134826 41.891689839807)
1e49b79cba9d45f7b90435a94bcfa40ac98d92cbf2605eed98deddcb891af26105ead5f84b73cae8f0614f512c1c0665c0363f63810e1e7505566fb553ccfcff,6/22/2025 0:20,UNKNOWN,DAWN,NOT DIVIDED,UNKNOWN,425,N,STATE ST,0,1,6,41.89002792,-87.62786035,POINT (-87.627860345765 41.890027917989)
22f5ff4a11afbf081c4ced6f2d93fd351c20fdcf486c37d81eb01adf09df524be30f3bd9a96821b75ec5f35a3cca16f57f3bc4a12c169852dc17e651f84e82d9,6/22/2025 0:20,CLEAR,"DARKNESS, LIGHTED ROAD",DIVIDED - W/MEDIAN BARRIER,DRY,272,W,WACKER DR,0,1,6,41.88697861,-87.63542964,POINT (-87.635429642384 41.886978609378)
2f6a9328f82219e937c388a8dbbc4489a7fbc1b604127d9fdd338509c6562286a9e7c244d71cdad9f7a86fd60d657661a4f419b1032de88d77993ff8c1518bd7,6/21/2025 23:50,CLEAR,"DARKNESS, LIGHTED ROAD",ONE-WAY,DRY,81,W,LAKE ST,23,7,6,41.88563187,-87.63093655,POINT (-87.63093655239 41.885631869439)
18b05648ac3f918aae84326a16b54b168c5c9378bf93eb240bcd3dc8b124811a2d454d2aaaa7b6dfa68c0091d4362a80861463c96150f388927c495887232441,6/21/2025 23:00,UNKNOWN,"DARKNESS, LIGHTED ROAD",NOT DIVIDED,UNKNOWN,191,N,CLARK ST,23,7,6,41.88549078,-87.63082227,POINT (-87.630822271774 41.885490784288)
30ce6fdb47e88fa58bcded8c16649bc7bd9a74e2c919c1d73ce5e40877106c6275a09354d5e799460cfc05a8d3f6c1d1065fa5655dfff3ae2f8d9442b66656a9,6/21/2025 23:00,CLEAR,DARKNESS,ONE-WAY,DRY,180,N,WELLS ST,23,7,6,41.8853332,-87.63406571,POINT (-87.634065706085 41.885333197187)
78fed87bd4707df52e0611377e0bde1e34748080b87f219ac82de350b8cbe6fff88aedd28adb5ac93ff8dcfb92ca65e032b2c95cb136de3cef952804dfdf7486,6/21/2025 22:30,CLEAR,"DARKNESS, LIGHTED ROAD",ONE-WAY,DRY,461,E,LOWER WACKER DR,22,7,6,41.88729613,-87.61646306,POINT (-87.616463060429 41.887296125935)
45df76339cf9ea8f661b681e4fb26c262f3c1160667a66f8cc938e483475b5bf108e5d298e125c79f58e15d780a11ae2f727c5a879796897f8b05b7df2870bdc,6/21/2025 20:50,CLEAR,"DARKNESS, LIGHTED ROAD",DIVIDED - W/MEDIAN BARRIER,DRY,101,S,LAKE SHORE DR SB,20,7,6,41.88085693,-87.61710338,POINT (-87.617103384378 41.880856926277)
5cbbc1de575019ecf2f7c4c657595d6379ab6673440dd8956d2411e61cc8a45f6bb9582074e9da95d6a73cda783bdde56eee6c19f0de53aa11074d838f87472f,6/21/2025 20:45,CLEAR,DAYLIGHT,DIVIDED - W/MEDIAN (NOT RAISED),DRY,33,W,KINZIE ST,20,7,6,41.88912549,-87.62942249,POINT (-87.629422488805 41.889125488003)
ec9b5269bbd749596ca3e913f2113969d83f8991c6268b239b51712d56c5663a11ac951eb20d3726f99d000e59fcc60796598566c475d6accdf0c95336ab7148,6/21/2025 20:40,CLEAR,"DARKNESS, LIGHTED ROAD",NOT DIVIDED,DRY,454,S,WABASH AVE,20,7,6,41.87575071,-87.62617552,POINT (-87.626175520932 41.875750714668)
6afa9a75d463ce1b7511b8ec1437514be40f944212671575a6aa66a7f1e7ad5b7cfc22cd851f36df687d88e714e44876d2c7cf4c52bbd42980dc0df3a416d6f5,6/21/2025 18:31,CLEAR,"DARKNESS, LIGHTED ROAD",NOT DIVIDED,DRY,111,S,MICHIGAN AVE,18,7,6,41.88052782,-87.62420947,POINT (-87.624209465859 41.880527821931)
44e0462406f5faf9012d04c1e4b272762b08fe6eefdc01ee408a52b206d46805fb82e0c71e2c5b59241df9b8318b20507a7dabff3f4a6c21f8758090c4fbc889,6/21/2025 18:30,UNKNOWN,UNKNOWN,FOUR WAY,DRY,625,N,MICHIGAN AVE,18,7,6,41.89329954,-87.6240647,POINT (-87.62406469681 41.893299544116)
7fbe24d76a16416804382e9129c9f0113bfadfea704a1048d46d97474db9b7a7c791a8f6ec8c35f093d599b2abc96e68a149a34857b540407c36fb038acc945a,6/21/2025 18:00,CLEAR,DAYLIGHT,DIVIDED - W/MEDIAN (NOT RAISED),DRY,420,N,MC CLURG CT,18,7,6,41.88948827,-87.61776703,POINT (-87.617767027456 41.889488267803)
a16320863ab4caca959253139ab0d0f8d9231b5f1ddebd8f423a5059fc1efd7bbba9681832214af04b10ebe286a29d7ab849c5ecf92770f893864e40315a6246,6/21/2025 17:12,CLEAR,DAYLIGHT,ONE-WAY,DRY,30,E,ADAMS ST,17,7,6,41.87961637,-87.62664224,POINT (-87.626642244358 41.87961636954)
a53e31bda86ce3a10482de12b81f7b73b46f234fecb2ae954b6850013679ef91f8e62ceaee06f168f92cf7d2860360c2e79a303062336192cf976a4a9858f0bd,6/21/2025 16:30,CLEAR,DAYLIGHT,ONE-WAY,DRY,79,E,MONROE ST,16,7,6,41.88070773,-87.62478197,POINT (-87.624781971293 41.880707732589)
0ca9980797d90f5a96b5630a3ac7cf5ab74f8040cfe47a0c67cac5ed9c0831fa5a8aa8154e48fea1792360e12ec81e63cb3009862497972af67a2c021c9aeaa1,6/21/2025 15:47,CLEAR,DAYLIGHT,FOUR WAY,DRY,111,N,FRANKLIN ST,15,7,6,41.88350997,-87.63520441,POINT (-87.635204414786 41.883509970876)
0f30a81f7e18b06ff82f36275ff8a6f4f02a6c6c99447f4dd97ef5b3828cade639583e224333bc5b3eb94e7d1fb81b0c0c35d78657d584198d939f171326298f,6/21/2025 14:15,UNKNOWN,DAYLIGHT,UNKNOWN,UNKNOWN,140,N,LAKE SHORE DR NB,14,7,6,41.88411405,-87.61476242,POINT (-87.614762418465 41.88411405421)
5beb9e6bb8691ac6a424240c01ab136f34797df7bc19cf4de8fe6d437bffcc14105faaebabf60b4a814e552f29f59c4c75f117f10e8801613a2ca22d528bbb56,6/21/2025 14:05,CLEAR,DAYLIGHT,FOUR WAY,DRY,33,E,IDA B WELLS DR,14,7,6,41.87557316,-87.62637611,POINT (-87.626376111661 41.875573160461)
80fb521be5ef4b9918640fe8dbc384d41003f9ff04d25b15a11d9271493b09c7af7c352ac71e9853f11ed1bd34f584924dba5af1c61dae3af28531db369a1b99,6/21/2025 14:00,CLEAR,DAYLIGHT,UNKNOWN,UNKNOWN,47,E,WACKER DR,14,7,6,41.88712991,-87.62613365,POINT (-87.62613365165 41.887129910716)
ba3dcd001dcc4527bd2917c75eefe54d04b2679a898967e64b5f4f23cd85a2ebf3d24d0701b7e991e59fc76071b4e03faabe4ca1e7c9ad968737c08da525950e,6/21/2025 13:10,CLEAR,DAYLIGHT,FOUR WAY,DRY,50,E,IDA B WELLS DR,13,7,6,41.8758026,-87.62573441,POINT (-87.625734412266 41.875802599285)
03fd83f02fe78ac9db8ac8a5b53fc8970e0ffe7745acf0161857f0e88e2d5c683c21768988c09f785be946bd3e11c73f1c76af5759f11939c8adaca1c8f2b989,6/21/2025 12:30,CLEAR,UNKNOWN,PARKING LOT,DRY,179,W,WASHINGTON ST,12,7,6,41.88309824,-87.63324311,POINT (-87.633243110947 41.883098238776)
c2919ca23d9ff0d57aa78d5f5790e4e717a7429311f858520b5a94de602d443f830ccf21b6139beecd49700c4732e5703aab8db9533c84a624c894b69dbb25ed,6/21/2025 12:30,CLEAR,DAYLIGHT,UNKNOWN,DRY,200,E,ILLINOIS ST,12,7,6,41.89106986,-87.6226194,POINT (-87.622619399716 41.891069857341)
baae2e222bd12547433366852f823e9f5226c74805287af09072de384e2fd20584ffb1f755d32ba0f90954eabd82e5e371be4f50fe4493a3e3b38fff480083cd,6/21/2025 2:15,CLEAR,DARKNESS,PARKING LOT,DRY,401,N,WELLS ST,2,7,6,41.88921522,-87.6338644,POINT (-87.633864400819 41.889215221757)
e1a07b48a99afb897f302ba49e9eb06423991eaf527b0ecd9688b7b3b3e560db12672a9196e3ea2d9353f218c55abb6f677e35c762d8f9d8354b956a5fe2b2ff,6/20/2025 23:03,CLEAR,DUSK,DIVIDED - W/MEDIAN (NOT RAISED),DRY,1,E,WACKER DR,23,6,6,41.88670756,-87.62788348,POINT (-87.627883478402 41.88670755507)
35cf1cf690f462f50b8b5f7e51c373968792b88db77352dbf33eea87eff749755e6f902c41314c5e2005adfcf2cbd93b962fbad30cf3bc16f73cafc938a51229,6/20/2025 22:30,CLEAR,"DARKNESS, LIGHTED ROAD",DIVIDED - W/MEDIAN BARRIER,DRY,110,S,LAKE SHORE DR SB,22,6,6,41.88062366,-87.61763997,POINT (-87.617639967944 41.880623661622)
95060b5d0bf1b61a934ac20b4da0d353031f77ea02435a4e90641350b621ae94a3f7f41bec11dc36fa1e95f15183977e476f02c843ec9f30220d8ab7fb473803,6/20/2025 21:05,UNKNOWN,UNKNOWN,FOUR WAY,UNKNOWN,101,S,LAKE SHORE DR NB,21,6,6,41.88085693,-87.61710338,POINT (-87.617103384378 41.880856926277)
67f32e36603918156939d5f1d86056684c338fc56e9b4585f920371dd05856c5f473d73c4a68ab18ba660439c06d955d50296eabb96f93166a7e7542996e3bc2,6/20/2025 17:35,UNKNOWN,UNKNOWN,T-INTERSECTION,UNKNOWN,354,N,DEARBORN ST,17,6,6,41.88902669,-87.62972654,POINT (-87.629726543606 41.88902668783)