CRASH_RECORD_ID,CRASH_DATE,WEATHER_CONDITION,LIGHTING_CONDITION,TRAFFICWAY_TYPE,ROADWAY_SURFACE_COND,STREET_NO,STREET_DIRECTION,STREET_NAME,CRASH_HOUR,CRASH_DAY_OF_WEEK,CRASH_MONTH,LATITUDE,LONGITUDE,LOCATION
8034d4bd5b83c3896fed0e95b206fa03b2feb73ecc71ba210c2bbb02e4caf1d8eed7733bc7dcfcd347e65c726d03bb7a1d955c27af732f601a06e31af52574b5,6/20/2025 17:30,CLEAR,DAYLIGHT,ONE-WAY,DRY,65,W,ILLINOIS ST,17,6,6,41.89071888,-87.63058658,POINT (-87.630586575887 41.890718883197)
7d524a365d00c2f870dbd9f0c05fe8f8863c5c0097a9cf2e19dbab9ae481bd6ed1d6c176ec4f4dd054ed12663c28a15d5c8e90edcd60f26720f6027eaab64a2c,6/20/2025 16:45,CLEAR,DAYLIGHT,FOUR WAY,DRY,343,N,MICHIGAN AVE,16,6,6,41.8877503,-87.62441087,POINT (-87.624410867821 41.887750298554)
52a96e3124a03324c0cfbff40d102be56548303656df9b3fc26f16216e3a4bd5035183dfb86cd81ad61f9d282e6ef52ceb36b3c680272c037f63b21b6b597dce,6/20/2025 14:57,UNKNOWN,UNKNOWN,UNKNOWN,UNKNOWN,343,N,MICHIGAN AVE,14,6,6,41.8877503,-87.62441087,POINT (-87.624410867821 41.887750298554)
6d09a540afa5efac6d5d7f895fbf91aef715247a5d2f2418cc6e61a4a9379c705721b2b03cff8814bcd0bc3dca7a256ad0984abf7e87848c1f373d1129d12a3b,6/20/2025 13:30,CLEAR,DAYLIGHT,PARKING LOT,DRY,210,S,WABASH AVE,13,6,6,41.87922523,-87.62626119,POINT (-87.626261192317 41.879225226624)
ab33adba7a316ae91a77b02992530687733b0ad0c3db52d002d5cb355032e79d25761c6a445ac6267d4b1b0131fce50d8dfc9dbffc88c132216242e0da312c03,6/20/2025 12:50,CLEAR,DAYLIGHT,DIVIDED - W/MEDIAN BARRIER,DRY,398,E,RANDOLPH ST,12,6,6,41.88463661,-87.61748815,POINT (-87.617488147823 41.884636611884)
c2a65e9d5a8f18dd6519e67a918255bf3dea2ce2b1baf675f36eb546d261da13535ba16f85b1378b70eca5b9ecccbc5bc5bf39b69ca6aca0d7f6a3a8f8b28849,6/20/2025 12:28,CLEAR,DAYLIGHT,FOUR WAY,DRY,410,E,MONROE DR,12,6,6,41.88109668,-87.61680976,POINT (-87.616809762097 41.881096675286)
a842fcd564dae5550c4c8a626f6cf771e772f7fe1f8cbe7a66947aae87999423b7698447ff409924489b6d6a1a92adf22ac6fb54ac870cf1274ac79ed9e16212,6/20/2025 10:00,CLEAR,"DARKNESS, LIGHTED ROAD",NOT DIVIDED,DRY,450,E,WATERSIDE DR,10,6,6,41.88705434,-87.61546865,POINT (-87.615468649916 41.887054335542)
1a281d4ceddf440b1b78bed5e4f5e39f7555dceebaa81c9354f81c9724332d247e994e5b27f508e7f8269595c282c6644975c317ed7cc490d2d1f203ad8ce238,6/20/2025 0:46,CLEAR,"DARKNESS, LIGHTED ROAD",FOUR WAY,DRY,100,W,WACKER DR,0,6,6,41.88704177,-87.63107821,POINT (-87.631078212725 41.88704176906)
c31c4c1d5a49434ab8e31731213ecdae7cdef1d4b47b0cca561b763f8c09b387b587983789b923d5805a58fa0f98ca1061594b1c8362e1014c4ea5eeb034accf,6/19/2025 23:56,CLEAR,DAYLIGHT,NOT DIVIDED,DRY,150,N,MICHIGAN AVE,23,5,6,41.88453096,-87.62460204,POINT (-87.624602044601 41.884530963783)
b8a5c42eb9330d9d92b2499ceb681f7b0c356eca75fe542f4030d0d3c570c9117dd007228df7dcd4a2f386e56627bca84691c34e07d1ac9064a0b28ac266fd03,6/19/2025 22:55,CLEAR,"DARKNESS, LIGHTED ROAD",NOT DIVIDED,DRY,60,S,LAKE SHORE DR SB,22,5,6,41.88114784,-87.6176302,POINT (-87.617630204488 41.881147835407)
bd0d89b0fee7e26753179fc01ed60c97f057361858f1d74511176852260b01e393daeb621a3ecb2ccc24e7626609b6b013dc25fc34c11a727f7e22771f22e89c,6/19/2025 22:00,CLEAR,"DARKNESS, LIGHTED ROAD",ONE-WAY,DRY,300,S,LAKE SHORE DR NB,22,5,6,41.87831013,-87.6175759,POINT (-87.617575903416 41.878310134581)
c6df845a15b1c79cf10752fb9cdb02c8d30279a45f027d384558f7f4a0a32980a2f9c75ce3208429f9cca2b23f224563bbad7f56c0cb204466a29107f2c78e96,6/19/2025 21:30,CLEAR,"DARKNESS, LIGHTED ROAD",FOUR WAY,DRY,100,S,LAKE SHORE DR SB,21,5,6,41.88085605,-87.61763589,POINT (-87.617635891755 41.880856047671)
3ff74db487e421c5ce8418607dc17a45940b3565d2d1ac1f7dbb07e237366d69a5bb24439ba714269ea4d86f6d36762f3ce393b258b63c83e9db70bcae3e7c67,6/19/2025 18:45,CLEAR,DAYLIGHT,NOT DIVIDED,UNKNOWN,112,W,HUBBARD ST,18,5,6,41.89012301,-87.6316846,POINT (-87.631684596557 41.890123005137)
90bd115b277de530e9b87226f696dd4cf3aedef36cd7c19c6b621e8618c3e9183f547bb64c98356b652c7d0decb63e1f4512a81cd56f9a5e033c9c8f74b9fc75,6/19/2025 18:20,CLEAR,DAYLIGHT,NOT DIVIDED,DRY,33,E,IDA B WELLS DR,18,5,6,41.87557316,-87.62637611,POINT (-87.626376111661 41.875573160461)
ce135d4f4c647c8da571428207ba6a8aac6e33f69bf1ca69b833a838f8f9fd4d1ad4ca3b50bd777977b86625e9aba3bf03059140ae5e6ad8fc3c2a41ebe755ba,6/19/2025 18:15,CLEAR,DAYLIGHT,DIVIDED - W/MEDIAN (NOT RAISED),DRY,112,W,HUBBARD ST,18,5,6,41.89012301,-87.6316846,POINT (-87.631684596557 41.890123005137)
ad0c427dd28571333e260b9e5abe4db3e862d355be53a4bf548456cbc0ac12aff0410f4c99d3bfee94b34fcc8968827de20146e1d4c0b28909b165efd50831b9,6/19/2025 17:47,CLEAR,DAYLIGHT,NOT DIVIDED,DRY,235,S,COLUMBUS DR,17,5,6,41.8790544,-87.62058658,POINT (-87.620586577771 41.879054401989)
f5df03778f2716be821c2480b83d1b39b3797ebb917c97ebccde1f9c4ce03b9a9e0783f7b6816858507f212116bfba36d0c91a52d1c622f05ebf224a62a769e8,6/19/2025 14:15,CLEAR,DAYLIGHT,ONE-WAY,DRY,55,N,DEARBORN ST,14,5,6,41.88317978,-87.62928989,POINT (-87.629289894662 41.883179778734)
7ea0192829e4f7319af2b1338414399805b9c50d97f6d4176301de051e192ce4dd11ab7912ac305e93d2ff515391381c4ae9a51a206c217eb0d415c692562e24,6/19/2025 10:58,CLEAR,"DARKNESS, LIGHTED ROAD",DIVIDED - W/MEDIAN BARRIER,DRY,320,S,LAKE SHORE DR SB,10,5,6,41.87785197,-87.6175651,POINT (-87.617565097783 41.877851967083)
d462464db2fc5cf9323af268f96f2eccec54222699986d409ddbdb96954bfc196acac7857196e03b3be4fe7064d045e6c21165fafc132c323a5e2f34cf262112,6/19/2025 9:01,CLEAR,DAYLIGHT,DIVIDED - W/MEDIAN (NOT RAISED),DRY,225,N,COLUMBUS DR,9,5,6,41.88637314,-87.62054303,POINT (-87.620543030168 41.886373138256)
08b259cb95eace7e58d86a7c9179a496e2cebcb94cf9f9c7b4530afe49f91f561dba98f8f04a9e215c79626db517b8432df4eb82694314475448ca5d70709417,6/19/2025 8:14,CLEAR,DAYLIGHT,ONE-WAY,DRY,140,E,GRAND AVE,8,5,6,41.89184026,-87.62392444,POINT (-87.623924438063 41.891840255412)
82f7bd37581e09cafdfbdd4f83f6878ad822ba82cbac96fc619324719acfe54588658118cb4e04bf5edb86ef3b3227b1a01b555ff0959d10eb2e2eb25eb2deea,6/19/2025 3:00,CLEAR,"DARKNESS, LIGHTED ROAD",NOT DIVIDED,UNKNOWN,20,W,KINZIE ST,3,5,6,41.88935203,-87.62884885,POINT (-87.628848850273 41.889352033014)
8b56418e35b206ec05c0971aa3bacbe79ce1e8dd49599476a6efd64fd9600b18aefe12571a583b1ef11b0077bb65ea2e9622aa3dd926be8d3c82e0e66d959ac1,6/18/2025 21:40,CLEAR,"DARKNESS, LIGHTED ROAD",DIVIDED - W/MEDIAN BARRIER,DRY,6,S,COLUMBUS DR,21,4,6,41.8819683,-87.62088738,POINT (-87.620887377565 41.881968297984)
1e651550e09d22e36689e8e6cf03a058dfd6ebcd51f021b211b2048de7c06b1bddd6d92930094a33fb8564eab1e3e2582ebadcb94b2137a7bddffb99392007b3,6/18/2025 21:30,RAIN,"DARKNESS, LIGHTED ROAD",NOT DIVIDED,WET,2,S,STATE ST,21,4,6,41.88196032,-87.62793728,POINT (-87.627937278925 41.881960316027)
ec5a6b4be1d4fc7b5ad5804a0aa96311c246c3c48154a4b1128fbc03dab2cbf658b27fb9880c17d6e1a779978b5bde5eb41d4bd7e16e7485b966e85474c8fe79,6/18/2025 19:51,RAIN,DUSK,DIVIDED - W/MEDIAN (NOT RAISED),WET,19,E,OHIO ST,19,4,6,41.89237404,-87.62724294,POINT (-87.627242941998 41.892374041012)
a0a8839f22ddd991e39f673a8ead745439fda76a535819056b96cf3defb9912fe1e4809c785478793aba5790d1fc812d19462474b2f1d1117cf35b583f601150,6/18/2025 19:00,RAIN,DAYLIGHT,ONE-WAY,WET,18,E,OHIO ST,19,4,6,41.89259196,-87.62733648,POINT (-87.627336481261 41.892591961206)
aaac1cb55301e662c3524232427182fd51fadd496187ad08520360d0e05d8a7fe32bce47652163a20e144902e998504d96868541c6d8712b0bda20f8fcc814b7,6/18/2025 17:39,RAIN,DAYLIGHT,NOT DIVIDED,WET,33,E,LAKE ST,17,4,6,41.88564254,-87.62671616,POINT (-87.62671616143 41.885642536257)
39454389003fa07d58cd8d77f70ea45dab840b5fe69d2e0570a0e9d0d6cef9b4e843b5d7e88052259ab35512f3f95b5eb7c5200d9b1bef17ea61d435414163f9,6/18/2025 15:23,RAIN,DAYLIGHT,ONE-WAY,WET,177,N,WELLS ST,15,4,6,41.88525719,-87.6337698,POINT (-87.633769796011 41.885257194054)
d27ff2e90ccf5068ea0412495ad408605645260cc747e0695028313cbe634c766a188034c262de23a754d8a7abdb5441f814d7bd3cf99a19c38700c2645b0c44,6/18/2025 15:19,RAIN,DAYLIGHT,FOUR WAY,WET,100,E,RANDOLPH ST,15,4,6,41.88457722,-87.62440363,POINT (-87.62440363391 41.884577219487)
b3b37b7cae15b22a08e48245e0bf49f4c85492e825f9a25aba992b39b1d20ca55b474685faa63be868ce9b25213765b178247a6f3b92ee3f817c3519ce8ef798,6/18/2025 15:00,CLEAR,DAYLIGHT,PARKING LOT,DRY,131,S,DEARBORN ST,15,4,6,41.87988544,-87.62921159,POINT (-87.629211594803 41.879885440301)
b7ff89e9dcb70143364c5e120906476153a37f6237992219eb17c9400af63b0e6cdb8d19aa3f45f1179b216453a5df38fdbc73da9694bb5aac98fd3899ddfc99,6/18/2025 14:15,RAIN,DAYLIGHT,DIVIDED - W/MEDIAN BARRIER,WET,435,N,COLUMBUS DR,14,4,6,41.88962796,-87.62024459,POINT (-87.620244589652 41.889627960078)
e9e474e5c1540bcc3dda5da0c700a6cdea0ffb8f4218c558c8d00dbec3802ef9663fece2a0d0ba9839d05671606939d3fff50e9c7d3beea0736e56a9861dc8a9,6/18/2025 13:40,CLEAR,DAYLIGHT,NOT DIVIDED,WET,35,E,WACKER DR,13,4,6,41.88683151,-87.62655608,POINT (-87.626556084936 41.886831512317)
11678582392c44118aee81a500bb7df62e64419130b5ccaf17eca3501b18723477914a5fe34e3345f10ca19dbca94eff1baa254a56209182ce94231f0b0dbb2c,6/18/2025 10:20,CLEAR,DAYLIGHT,DIVIDED - W/MEDIAN (NOT RAISED),DRY,100,N,MICHIGAN AVE,10,4,6,41.88328915,-87.6245494,POINT (-87.624549396399 41.883289151389)
4e1740b273c345e0da84c3ed98c2e37510c9e280a0dd8c31a852a4feb5060b5072fe46408dcf1cf4e231a3e0518e9a9f6d62d8873817e5dea7d248fc0feecdf4,6/18/2025 9:00,CLEAR,DAYLIGHT,PARKING LOT,DRY,208,W,WASHINGTON ST,9,4,6,41.88332033,-87.63415724,POINT (-87.634157241271 41.883320327442)
f97dd999eab88819462af44e664315551855a70b5f6b403d5665ae9fd15e35b97095aff3ae58443c2e9f26d0346df06f15658bfd242491629cb1c45375f9e26c,6/17/2025 19:27,CLEAR,DAYLIGHT,ONE-WAY,DRY,200,W,WASHINGTON ST,19,3,6,41.88332002,-87.63393327,POINT (-87.633933267711 41.883320022301)
96278fd51aa5cd5a664791ea393a9ef8094e46f3dc2be700b40aaec9167f3a4d5954a3cd59ef02a81ab99a66b608859bb6627d57bb254a307092042ec2cca4d6,6/17/2025 19:10,CLEAR,"DARKNESS, LIGHTED ROAD",DIVIDED - W/MEDIAN BARRIER,DRY,300,N,MICHIGAN AVE,19,3,6,41.8868758,-87.62468519,POINT (-87.624685186707 41.886875795392)
314b4fec77bc98f048bb58749c27e90910d61366984f288261870cb9faba6376ab51e4295a265e824f91ca50b87ff09e598557595cfb469453590742ae22d2a0,6/17/2025 17:30,CLEAR,DAYLIGHT,UNKNOWN,DRY,225,N,COLUMBUS DR,17,3,6,41.88637314,-87.62054303,POINT (-87.620543030168 41.886373138256)
5d8be9cb48dbbe8766f36734879ca7f14ee4d24c28e080bca0730adcac78442685671770e24b8b9ad8c61c8ebe728a13917226c6ee7870bbd957b617a144b28d,6/17/2025 17:11,CLEAR,DAYLIGHT,FOUR WAY,DRY,100,W,RANDOLPH ST,17,3,6,41.88458627,-87.63101045,POINT (-87.631010445886 41.884586267155)
f2ec85c245514ed134975af5cc080e6bcfd014859540049ec8f76e5808ef2e6810ab45192ef9efdb1a5fc6a2b0068047765df507081e0c00b0cecfd2c48f780f,6/17/2025 16:40,CLEAR,DAYLIGHT,RAMP,WET,327,N,LAKE SHORE DR NB,16,3,6,41.88739291,-87.6137507,POINT (-87.613750695837 41.887392907107)
db098c64e38150e31a8b36000e9243254ae73826a36e3ac75bbac4cb3c4a9035cbc1010cb5d901cbfe357b266203ba5abcd99001e3e53c717b802ac1ecf09c07,6/17/2025 15:00,CLEAR,DAYLIGHT,NOT DIVIDED,DRY,303,N,COLUMBUS DR,15,3,6,41.88701783,-87.620555,POINT (-87.620554995609 41.887017827697)
c214c6cc80600a733dc8aaaee9274233c82aa3055cebd838afa228b568944b8d4687609d31f71f03d4a33d7a9986471451e40271416716ef2c30f90e401f761b,6/17/2025 14:39,CLEAR,DAYLIGHT,ONE-WAY,DRY,124,N,CLARK ST,14,3,6,41.88384261,-87.63106709,POINT (-87.631067094373 41.883842611314)
af0b21d4fd13e9c9c0a57327fb8d9caf5bd528aee1cf515c271ec44dfbfca2056bd5c93db55dd61ab08ce12e18a3cbd25a9a9d076f592b4f3d913e5118344d49,6/17/2025 14:30,UNKNOWN,UNKNOWN,UNKNOWN,UNKNOWN,240,S,LAKE SHORE DR NB,14,3,6,41.87866661,-87.61758508,POINT (-87.617585078783 41.87866660586)
2b399398b590cba1c26eb911752fbea7757fc4fd6598a883a27a2fd687e9d110ca73ff2b69366415dd10bc091cf039b2b7385644dff3a8b29e3ffedeca818cea,6/17/2025 14:08,CLEAR,DAYLIGHT,NOT DIVIDED,DRY,303,E,LOWER WACKER DR,14,3,6,41.88766406,-87.62048728,POINT (-87.620487275058 41.887664056276)
239d5ef2a20ffa1bcd2ab6654101ced6f700b82eaea7e95c21a2b59c55c5e61ce79c7107e45896e78b5774fc224a8981e1a3972e9339d3f12191b626fc3a4c84,6/17/2025 13:35,CLEAR,DAYLIGHT,NOT DIVIDED,DRY,190,N,WELLS ST,13,3,6,41.88553435,-87.6340712,POINT (-87.63407120284 41.885534350734)
0e72523d0178ebcf6460029adf7a2bed107493c52b26a8b568107d88ecb8b068f438045f1df31f851bf46b117b26fc5762c9595f04ff8e301d191747e28caa58,6/17/2025 13:00,CLEAR,DAYLIGHT,PARKING LOT,DRY,318,S,FEDERAL ST,13,3,6,41.87762624,-87.62986197,POINT (-87.629861971218 41.877626240947)
5f437fd62d419b3337e6fc0152fcc76bd898ea284d0c7292d73f3fbee4c4df160ef9eb7fbd33732edb9d2f78a2c99acfc65836e0d099ab13a3185af7ee3c071b,6/17/2025 13:00,UNKNOWN,DAYLIGHT,ONE-WAY,UNKNOWN,191,W,ADAMS ST,13,3,6,41.87927939,-87.63345939,POINT (-87.633459393267 41.879279386988)
0b9de7979491ec850f5620cb714857a19650b9632ab8db26ca8fcf7c2723d91dc713958fd28bcd6665d01aeb5f577554792f29c71d6d907ed2ace0415f2374ae,6/17/2025 12:00,CLEAR,DAYLIGHT,ONE-WAY,DRY,203,N,CLARK ST,12,3,6,41.88601805,-87.63083646,POINT (-87.630836456915 41.886018052969)
1958e278a53dc7fc6729044ccdae7feca766d76f26882357085f5e2f4355dd011d8e8ad85b9e03bdb2355efcfadb04a771b487f292ca2403918c9e7b2e2cfb4a,6/17/2025 11:30,CLEAR,DAYLIGHT,ONE-WAY,DRY,200,W,MONROE ST,11,3,6,41.88076896,-87.63387497,POINT (-87.633874974095 41.880768960918)
654988e72cf28612f51db54f81f358efa8641cb09d7efef2f5fbe77e7dc2a75523a117c047b59f47197e9d055b09fa8f77b584af42ba519d74fcd5d1b9802060,6/17/2025 9:57,CLEAR,DAYLIGHT,FOUR WAY,DRY,498,N,CLARK ST,9,3,6,41.89078197,-87.63125181,POINT (-87.631251814186 41.890781971197)
cbacb9e911ebac93c4c464656179a7b9ef678fe9204587a1b729a5dc44acb91a7c2b929e41bf2f08660862623396350082ec8633cfc3c5be9510825640c2e5da,6/17/2025 7:25,CLEAR,"DARKNESS, LIGHTED ROAD",PARKING LOT,DRY,550,N,STATE ST,7,3,6,41.89242137,-87.62823487,POINT (-87.628234871137 41.892421366131)
c30938b50eacfb5a626b1eeb2fe469a1751cba3cebceaa0af3b1570d4c8e7a549aee74996879c43db0e7b67106a0b9af0acdd732962553afe9eb6c3243890eda,6/16/2025 20:05,CLEAR,DUSK,ONE-WAY,DRY,299,S,DEARBORN ST,20,2,6,41.87823481,-87.6291555,POINT (-87.629155503628 41.878234811434)
101cf10ba59ab0c7fdbd00abb777d0a2e9af11f5a993db7aac7ef8342830c607fdb66158a34f7bddf2a9054c0fafb6390cd51b1f047004dcbabc53f0bb35e276,6/16/2025 19:40,CLEAR,DAYLIGHT,DIVIDED - W/MEDIAN (NOT RAISED),DRY,309,S,COLUMBUS DR,19,2,6,41.87808565,-87.62052374,POINT (-87.620523735619 41.878085647459)
ef5ef72df5c1cbba6c339fa08d2ffb5fe770473a0a9d596a3e489dc06cefef6d175c18359c59c24d13e0900d10707a5dbbe7f01f7c4172d1c2b3a5fbf95def28,6/16/2025 16:45,CLEAR,DAYLIGHT,FOUR WAY,DRY,319,N,MAC CHESNEY CT,16,2,6,41.88730944,-87.62516415,POINT (-87.625164149488 41.887309436703)
a8db33846ecb1426c53272b5ed44d1c3d7d7b462928ae806077a731db3d12c79518212740eb510be3fa2137bc88e0429621f28d29a87e178949262bcab7cb886,6/16/2025 10:05,CLEAR,DAYLIGHT,NOT DIVIDED,DRY,335,N,CLARK ST,10,2,6,41.88844264,-87.63089529,POINT (-87.630895285455 41.888442641994)
fed087068058dea2a3c9ef326b96e8af2713b075691a5ef54dd976e3e2a724bd23dd48e74b46bfafb8c0f64aa0411202968a0bf358af98fb12d6c3b6c2aec234,6/16/2025 9:25,CLEAR,DAYLIGHT,NOT DIVIDED,DRY,500,N,MICHIGAN AVE,9,2,6,41.89097123,-87.62427695,POINT (-87.624276945562 41.890971229645)
0fc16fa532ed0e682ac32b627da097c9c7ff3678ee526290c61356eb7ec261622f693fb40fd79c9d716361b1ecdfe20c91d4693ab87e172a7f0e3643cd2c6a77,6/15/2025 22:30,CLEAR,"DARKNESS, LIGHTED ROAD",DIVIDED - W/MEDIAN BARRIER,DRY,320,N,MICHIGAN AVE,22,1,6,41.88729071,-87.62469528,POINT (-87.624695283197 41.88729070631)
de820cc355741fa4e933771425738c81c8be0faea5eeadf7876bf8db6d8529271c652ba070cf3da5afd90c5a5ed52208fd448348aa4ecc7424a9cd051b14ab34,6/15/2025 18:30,CLEAR,DAYLIGHT,DRIVEWAY,UNKNOWN,151,E,WACKER DR,18,1,6,41.88799989,-87.62256513,POINT (-87.62256513256 41.887999887349)
d016e93610e227dbc00d1b769ee2f1c1587b9b0040f82c11a912a9a5284126277627f3b4f4f2c9bfd678e00fa67d5fc24c016b4288b4b985b605949b24c3ebe2,6/15/2025 16:50,CLEAR,DAYLIGHT,NOT DIVIDED,DRY,1,S,FRANKLIN ST,16,1,6,41.88190275,-87.63516406,POINT (-87.635164059795 41.881902750506)
59981335be6401e90e0afc94016af109b2ee248a09eeaeb5303bc6a975a25232d339e575ab435befb7434ef699f5e0308addb1a1d70f2c598b94a220b24d807f,6/15/2025 16:00,UNKNOWN,UNKNOWN,DIVIDED - W/MEDIAN BARRIER,UNKNOWN,111,E,WACKER DR,16,1,6,41.88807943,-87.62404737,POINT (-87.624047369764 41.888079426105)
38a052bd9d3d9924e8dac4488e1efbc992ca4e13c9c15b6b0b2ffd06dfc11085c25011d0c2374dab7e4fe03511003f210fba17e58f66a51551e1e86906004da7,6/15/2025 15:00,CLEAR,DAYLIGHT,NOT DIVIDED,DRY,300,S,LAKE SHORE DR NB,15,1,6,41.87831013,-87.6175759,POINT (-87.617575903416 41.878310134581)
6736f018652ce1f3da21013685581fec3add49771461f4a2e096da87a98b39d2cce6eee04238dd68f40278e85c995e0484b93ae318516b755aaa6b5d5c4f93be,6/15/2025 13:38,CLOUDY/OVERCAST,DAYLIGHT,OTHER,DRY,100,S,FRANKLIN ST,13,1,6,41.88057459,-87.63542615,POINT (-87.635426148449 41.880574589715)
c8e6f7eb4781a846c986124dfa94f60d185fbabac2702e25bd6af1bc962cee1fc99790467ef3221ee167b0834a73dc7b1802b0907caa837fc4879c4698a21984,6/15/2025 10:30,CLEAR,DAYLIGHT,NOT DIVIDED,DRY,541,N,RUSH ST,10,1,6,41.89219497,-87.62523086,POINT (-87.625230863447 41.892194967717)
aa1522a18fd1dd0784fb801ce3ef650645232a2356d04b0dbeb2ff9c68aaffb4b488591a114ddc6565a74df5fc2f777e5e719e3f041a8f3a38c3a3d5f7132eb1,6/15/2025 2:44,CLEAR,"DARKNESS, LIGHTED ROAD",DIVIDED - W/MEDIAN BARRIER,DRY,154,N,LAKE SHORE DR NB,2,1,6,41.88434876,-87.61454978,POINT (-87.614549778133 41.884348763505)
b76a250484659a7b726c15a77826cb6e7aeec8bc9abc243bea953b40cb579d1b033354a34c355c91d8589bb1a71a53c6b864c6dd9abbbe1e3565265e435af1ec,6/15/2025 0:44,CLEAR,"DARKNESS, LIGHTED ROAD",PARKING LOT,DRY,541,N,RUSH ST,0,1,6,41.89219497,-87.62523086,POINT (-87.625230863447 41.892194967717)
1d398369b3fcfee2e08b3718c53a9dd9b784c20cc1f13ab979ff403635cfc7dfb6b0b91be621ed242af9808c02a485aebcd5144924406d3672a3f8d753dfd90c,6/14/2025 20:55,CLEAR,"DARKNESS, LIGHTED ROAD",FOUR WAY,DRY,600,N,STATE ST,20,7,6,41.89250117,-87.62824274,POINT (-87.628242737819 41.89250116695)
8f3532d8d5bca84044b605001e36e8d6311dd0e0d4446acf5533991bc7dfc547c70c9491c2bfb8e3663c0c8eb33d120c6ff5fce59921d7a77284c284479c43f2,6/14/2025 20:35,CLEAR,DUSK,DIVIDED - W/MEDIAN (NOT RAISED),DRY,620,N,MICHIGAN AVE,20,7,6,41.89329326,-87.62435839,POINT (-87.624358393934 41.893293263724)
43229fc76ec4ef1ffa5c6fd9fb96aca24e82ded935d08437fd6b7fd35b8b56c5a95bbcc52f0e701830570f24f28be51651a012403576898ecd427f437db7be69,6/14/2025 16:27,CLEAR,DAYLIGHT,ONE-WAY,DRY,298,W,WASHINGTON ST,16,7,6,41.88331551,-87.63526928,POINT (-87.635269277037 41.883315505727)
7cdfab59e5be41e33f4c1242e18d4bc08599a0b981666ec99f6b372f713d044291523bc8ce81316df0a5c6fbdb2a6b09fc6201fcad0fe3cd21a0f8c4f1d63523,6/14/2025 14:46,CLEAR,DAYLIGHT,FOUR WAY,DRY,2,N,FRANKLIN ST,14,7,6,41.88196396,-87.63545917,POINT (-87.635459171235 41.881963960924)
32861482bc35183be5262ff3a35b84d6dc7d7af672f1f047803d7c8c68805a9ce7dfe03243e0ab54770b419200845f5de103f0ca65a74713b42e1bcdb16192ba,6/14/2025 11:45,CLEAR,DAYLIGHT,FOUR WAY,DRY,200,S,COLUMBUS DR,11,7,6,41.87953617,-87.62089453,POINT (-87.62089452856 41.879536167659)
dc5996a816b24375a990b6b387f0b724ad39a8db82d6abc52ed012a8053ee722b8d99e6c4fc404b260c930f3ff2e2bb992d3c265c20520423aef404663f6df48,6/14/2025 1:00,CLEAR,"DARKNESS, LIGHTED ROAD",FOUR WAY,DRY,300,W,WACKER DR,1,7,6,41.88688546,-87.63562182,POINT (-87.635621824237 41.886885456143)
8f5a8db9161cf7bca4c6c5c1de990c81d55db45c585baca47a2a7136640d6fc94d04bb3aec743a6508a4cb764e19196546957e9c72c67c0cd59921a0693b6ae3,6/14/2025 0:55,RAIN,"DARKNESS, LIGHTED ROAD",NOT DIVIDED,WET,2,N,FRANKLIN ST,0,7,6,41.88196396,-87.63545917,POINT (-87.635459171235 41.881963960924)
6725429dc2549b3a9f40230fe39de86f7e09cf675760a985d20818856d029cc1f0f4a916ae3aa522868c7a0ddf5797e561040fddd6f4c572ade621aca5fb63a8,6/13/2025 23:38,CLEAR,"DARKNESS, LIGHTED ROAD",NOT DIVIDED,DRY,606,N,STATE ST,23,6,6,41.8926735,-87.62825453,POINT (-87.628254530191 41.892673497328)
5a970998f68b23866ee2bc5efcacbfaa1773251eb75afa3e5d933a78831545088c67796df5b0719a6281abd8b673657725a08672103ccdc0c40726dd12543128,6/13/2025 19:58,CLEAR,DAYLIGHT,FOUR WAY,DRY,2,E,RANDOLPH ST,19,6,6,41.88460096,-87.62782852,POINT (-87.627828520965 41.884600961961)
7af3c57806f799f5ef4fa3d6c734bfa2335e6ce1020565e0f1f2154dcdbcf7e69a8521696f860479bcc93038b8aa74288f6ae43baf8e030659f076b95c2dae79,6/13/2025 18:11,CLEAR,DAYLIGHT,RAMP,DRY,401,E,WACKER DR,18,6,6,41.88742433,-87.61748229,POINT (-87.617482289581 41.887424334085)
11f92dcc03219477b4af0678f48f85663bd07b3d5eb8898d4031277bdfab4068a22244bdbded4914ea2bc9915910fbbe72e6de052f20dec795a4f826608915ce,6/13/2025 17:14,CLEAR,DAYLIGHT,ONE-WAY,UNKNOWN,44,E,ILLINOIS ST,17,6,6,41.89100796,-87.62639773,POINT (-87.62639773052 41.891007960255)
87c004bebd5ebac7c4a2cf705b60001dab1232e194284665d0faa916e0a14eea2511b5ae6d7fe132dac61f7a4c464a4300316e5771623830c8495f05ab26f8ca,6/13/2025 14:30,RAIN,DAYLIGHT,CENTER TURN LANE,WET,300,S,COLUMBUS DR,14,6,6,41.87826558,-87.6208223,POINT (-87.620822302974 41.878265577833)