CRASH_RECORD_ID,CRASH_DATE,WEATHER_CONDITION,LIGHTING_CONDITION,TRAFFICWAY_TYPE,ROADWAY_SURFACE_COND,STREET_NO,STREET_DIRECTION,STREET_NAME,CRASH_HOUR,CRASH_DAY_OF_WEEK,CRASH_MONTH,LATITUDE,LONGITUDE,LOCATION
2225a82f8b2b42e5b94f4bac7b315583497563e67ee8fc23c9d14238eda516e5b4f21bc6af69bae7e2255e6cfa8251905484bd1b984040fd0d039a4e8bfdd10d,6/13/2025 13:27,RAIN,DAYLIGHT,DIVIDED - W/MEDIAN BARRIER,UNKNOWN,500,N,MICHIGAN AVE,13,6,6,41.89097123,-87.62427695,POINT (-87.624276945562 41.890971229645)
ce47b65c9bd497290e2cb0a95e36a6ae22dfb3b013ae6915fbba8c35d2552d4a0864fc9fe924df74bdbd4b95b8c07629a962d3664daf5f4d2612af2727d62a19,6/13/2025 13:25,RAIN,DAYLIGHT,DIVIDED - W/MEDIAN BARRIER,DRY,248,N,COLUMBUS DR,13,6,6,41.88673371,-87.62084403,POINT (-87.620844033959 41.886733708957)
96d934ab3857e786b3d2a9d8ed7cf0aea5011a04754244a1ee5f0e8e5089c1ad19c015f235b00de22255a3343d725dfab510c77578c888571c402f224ef1c76d,6/13/2025 13:05,CLEAR,DAYLIGHT,PARKING LOT,DRY,25,N,MICHIGAN AVE,13,6,6,41.8826705,-87.62424154,POINT (-87.624241538569 41.882670496958)
1dea267cb5ea669dc82d10c86895bed43ef30971a0a951a78c9eba86db921414f3d96b26f35df0b229048bf2e128b908a8e7d5f003c2788372baaab88ec88fe6,6/13/2025 11:45,RAIN,DAYLIGHT,NOT DIVIDED,WET,41,E,ADAMS ST,11,6,6,41.87940992,-87.62620005,POINT (-87.626200050347 41.879409920551)
5ffeb3c2450aa4d02da1c174c80ca9105071ce687fe6a35d959abc6c3c89ca76ec0135639f437b2879ca6455bb0dc918bfc676ae87b9182a81349dc132ef02ef,6/13/2025 7:39,CLEAR,DAYLIGHT,ONE-WAY,DRY,225,E,GRAND AVE,7,6,6,41.89166859,-87.62164556,POINT (-87.621645562417 41.891668588057)
9698f782c752195de077457f2e79c55fd027e519a22171895efdeae7be1f1eddc23b3b63a39003a36de65341b5c417716f69f261a90cc6c2bfea48c629d242b2,6/13/2025 1:00,CLEAR,"DARKNESS, LIGHTED ROAD",PARKING LOT,DRY,12,S,MICHIGAN AVE,1,6,6,41.8818033,-87.62450427,POINT (-87.624504273853 41.881803300378)
db8c20ea104a6ba93614316ba47a92e01331dfb6502b86a689531eeaf8b6e767c71baa8718d66f2a34c2a46458d15fd42eaf39774dbcc333516157bd29b1dc03,6/12/2025 22:15,CLEAR,"DARKNESS, LIGHTED ROAD",NOT DIVIDED,DRY,500,S,WABASH AVE,22,5,6,41.87562254,-87.62617274,POINT (-87.626172738716 41.875622540805)
44f163ac5956a808a4f3f0c5ee17280d39de22c8e6463f2735b5fdd5821381862adbd037ee3db7c3e2f7d634214120ccdf1b758664d0ab964a232ddae03d8750,6/12/2025 21:00,CLEAR,"DARKNESS, LIGHTED ROAD",DIVIDED - W/MEDIAN BARRIER,WET,100,S,LAKE SHORE DR SB,21,5,6,41.88085605,-87.61763589,POINT (-87.617635891755 41.880856047671)
4a19470a0ae2289262851aabfd1cb9d1d5a8c4e61e1f059eee6848f8c3d6ec9c6d1517c0d01df3fe3aa31817e4d6e8d54f9930a486a4d26f3f5c323b7d387b44,6/12/2025 20:46,CLEAR,"DARKNESS, LIGHTED ROAD",NOT DIVIDED,DRY,100,S,LAKE SHORE DR NB,20,5,6,41.88085605,-87.61763589,POINT (-87.617635891755 41.880856047671)
0f5aa32c86c5bc8e948b39544f3e0449d7e97c14f22d5d2fd7271bb93d1d38d50690b8109ed56dafbcea9102fc834274436dfd329fb7562b8155c9a0bfb8f84a,6/12/2025 18:30,CLEAR,DAYLIGHT,ONE-WAY,DRY,215,S,WABASH AVE,18,5,6,41.87913902,-87.62596452,POINT (-87.62596452303 41.879139023716)
37a90e5b9356af3dc548c9a7632b3cdf8e3614e004b11219508a3619d1f8ea1292830ba57798687a862163b61c30ce64d91a1faefbaf35e6440f438d243e608a,6/12/2025 18:30,UNKNOWN,DAYLIGHT,FOUR WAY,UNKNOWN,450,N,WABASH AVE,18,5,6,41.89084751,-87.62683648,POINT (-87.626836483191 41.890847508029)
fded7b9edb80dc7710dd5092084f7d77093eb202a885b72d2dc9776354a2f09fdab2bb2e4002e53309adc9195a8c2a18730cb4b51951d983c6a59fd5a4a94a5e,6/12/2025 18:30,CLEAR,DAYLIGHT,DIVIDED - W/MEDIAN BARRIER,DRY,485,S,MICHIGAN AVE,18,5,6,41.87579106,-87.62411501,POINT (-87.624115012282 41.875791059222)
19a2240ce558eb0712d90e1eb2c7b9d8b4d2cb364cb575fddef6d98a1ece5b81f36b4255b1556a68cafe322bc541166ef769b641a321faf99ecd8a52bfced94d,6/12/2025 18:15,CLEAR,DAYLIGHT,OTHER,DRY,132,E,OHIO ST,18,5,6,41.89266421,-87.62425438,POINT (-87.624254377744 41.89266420582)
9548f478ce4ee1bbd5a5ae7a54afd40d50dc7b54411c81e7f4fa5d157d194bda39e58b55520b562f8add686058bce2514a98975fd154fb0933ce8150051303eb,6/12/2025 17:20,CLEAR,"DARKNESS, LIGHTED ROAD",NOT DIVIDED,DRY,279,E,ILLINOIS ST,17,5,6,41.89089278,-87.62028053,POINT (-87.620280526465 41.890892776887)
897d997e99e9a336b93aae47538a284f72495adf26b7f8f9348aa3c6e9f269a9b99451b03d474228f108cfef3f4b68b78fb705828e34c71ea2661807bfcab09b,6/12/2025 17:16,CLEAR,DAYLIGHT,NOT DIVIDED,DRY,401,S,PLYMOUTH CT,17,5,6,41.8768459,-87.62859062,POINT (-87.628590618654 41.876845904916)
2bbc8db31c3320767092618327536cb30d208d2e8de632e426ea3882346ac11aedf6e82e7d136a44a4ee53db708153d49609db203565419609e60b3f97fed610,6/12/2025 15:02,CLEAR,DAYLIGHT,DIVIDED - W/MEDIAN BARRIER,DRY,99,W,LOWER WACKER DR,15,5,6,41.88668006,-87.63095894,POINT (-87.630958944637 41.886680062744)
725b49000573e0bcb969d35136787c0d7619e0551a3a48a5e2df38859e94fc9d61ec141c013e69bf0dc01d3a48aabf3fb0851817d61f5a056cf69d3234726c35,6/12/2025 13:30,CLEAR,DAYLIGHT,DIVIDED - W/MEDIAN (NOT RAISED),UNKNOWN,149,W,KINZIE ST,13,5,6,41.88907284,-87.63295047,POINT (-87.632950466519 41.889072838002)
b309d7b503122ed6ce8f5de299ad142f81fa29acbc28de1df94ada7eedb8822ac0af4168ec26f60fed0b608f0cfcc28eb7554c9ef68ea9c0583c8972c8a94154,6/12/2025 11:00,CLEAR,DAYLIGHT,FOUR WAY,DRY,111,W,ILLINOIS ST,11,5,6,41.89070475,-87.63161066,POINT (-87.631610661651 41.890704754245)
aad589165144e64b1f1feec10c46093f1e8c38695d6e2877edb23347e9104754cd73e0ab8b5a624913cf60352206f5c46ce9cf354890f133fb905ebe6229225b,6/12/2025 7:40,CLEAR,DAYLIGHT,ONE-WAY,DRY,2,N,WABASH AVE,7,5,6,41.88213455,-87.6263633,POINT (-87.626363303363 41.882134553788)
438feead32cd7338d460f0ce61e8fd414b03b26f60c245e07f83b792f25527eb715ef46759cb4144899e69893da68d80d79bd7faaddbf5428a27c8b578f946ab,6/11/2025 20:30,CLEAR,"DARKNESS, LIGHTED ROAD",FOUR WAY,DRY,276,N,WELLS ST,20,4,6,41.88749768,-87.63411742,POINT (-87.634117423981 41.887497681571)
301eae7dea8670fd6d02f93767003aff6d213b36a7f1c8edac93ece6c8e8eee20d14f628bb81e9303ccf8cec5e11f3f90f4b82ab9a7b1f8fb0646572ea2361fa,6/11/2025 20:15,CLEAR,DUSK,ONE-WAY,DRY,140,S,CLARK ST,20,4,6,41.87965178,-87.63097339,POINT (-87.630973387216 41.879651782774)
290c7bab39b2dc97521db716795b3b56a951a4cbcd3584a6bcbf4429b61671d6467967a3b04b74a54561f326aee94411f6ac12e7fd1db10536716da48dfbb70d,6/11/2025 18:55,CLEAR,DAYLIGHT,DIVIDED - W/MEDIAN (NOT RAISED),DRY,419,N,MICHIGAN AVE,18,4,6,41.88992743,-87.62395011,POINT (-87.623950111804 41.889927433741)
d64655f477e5d850a866faf0c12021f4d51b6df9b71e3052062a7d57accd18f7cc30dce17f3c052b63db051d63ed6fe0ffa36b0be94e52284eb41d8282f400bd,6/11/2025 17:35,CLEAR,DAYLIGHT,DIVIDED - W/MEDIAN BARRIER,DRY,410,N,LOWER MICHIGAN AVE,17,4,6,41.88989699,-87.62429036,POINT (-87.624290362613 41.889896989989)
03aa1b0fe1548c880a92069e72ef7ef47e30d40318133bae1469a4b586c621af0041a1481f33debc9257931e0782a1769dccfa17cb856109e185a254f9ace39d,6/11/2025 17:30,CLEAR,DAYLIGHT,FOUR WAY,UNKNOWN,350,N,STATE ST,17,4,6,41.88889593,-87.62820008,POINT (-87.628200082763 41.888895927694)
78c01cd5b47a1294395c1208cd26e87fac55083dedb5fb9ba12ab905f73b311f829773b5e3cd848da92e1b9cc209f7786616a0288082e27625bb8a9cbd4e1d03,6/11/2025 17:30,CLEAR,DAYLIGHT,FOUR WAY,DRY,500,N,LOWER MICHIGAN AVE,17,4,6,41.89096978,-87.62430764,POINT (-87.624307641776 41.890969780111)
5606e629016e7e8e9fb01aca9fe1b9996e422aee311a0a92ddeddd1ecad146bb0c6738746a540e5cd8f3095a9f2eff970385ff18c7093c53c314f13086217c31,6/11/2025 16:30,CLEAR,DAYLIGHT,DIVIDED - W/MEDIAN BARRIER,UNKNOWN,605,N,MICHIGAN AVE,16,4,6,41.89271559,-87.62404433,POINT (-87.624044333609 41.892715590941)
600f995025bfdc842322380626abcc0e8dbbb4f2c1f515e3f9e7b10b80c4025d8af0bcdf79fd36a4aca12ec387e5aab309f0fc819671784998981159a9caa380,6/11/2025 15:25,CLEAR,DAYLIGHT,NOT DIVIDED,DRY,122,W,ILLINOIS ST,15,4,6,41.89091677,-87.63213977,POINT (-87.632139770061 41.890916770434)
5b961c48072fef8d5470c732613c923eaed8fde36e9076ea72b663b13dca8bf38262aecc2b2b42bd8fac9e2ec48b2d87d65075de0d90dfadde27a94988455568,6/11/2025 12:18,CLEAR,DAYLIGHT,FOUR WAY,DRY,60,E,RANDOLPH ST,12,4,6,41.88460798,-87.6256946,POINT (-87.625694595968 41.88460798342)
cb8c0e92c13bc888d6666b1c46ddc369564894aee88ca524d4e4c9c883e833f1b37ab87d28a7b1f83061219c022c01992ce71b0058b319d39c1c3e32c12ea627,6/11/2025 11:40,CLEAR,"DARKNESS, LIGHTED ROAD",ONE-WAY,DRY,301,S,LAKE SHORE DR SB,11,4,6,41.87831701,-87.61705213,POINT (-87.617052125371 41.878317010667)
3a43f1116b228e28f0529cfc1555796c9831f06cd39513f13bff1a63e278228bd2a840cc51f72837f2d969b970e1c6d7823ab4db51aaa4cef195572a5c1b94b7,6/11/2025 11:00,CLEAR,DAYLIGHT,NOT DIVIDED,DRY,100,N,FRANKLIN ST,11,4,6,41.88323592,-87.63549044,POINT (-87.635490442206 41.883235917096)
216939409d5efad22e71e683419cee07d4b2b7fdfc0ea0775676f870e64e127e980ffb77cf94ad6e0cb9d370913bd38ac455ccef3313b71d49bf7e725b02e694,6/11/2025 10:30,CLEAR,DAYLIGHT,NOT DIVIDED,DRY,601,N,MICHIGAN AVE,10,4,6,41.89259885,-87.62404033,POINT (-87.624040330191 41.892598849093)
7d361af73a97de53c4b71e6c0c6d4cadf0bdf0a91cc3372e320c2e2509d4ac67f6b45446c75d16c3e3de82595d7eeb919412a316b14bf42c21b3527900cd0caf,6/11/2025 6:40,CLEAR,DAYLIGHT,DIVIDED - W/MEDIAN (NOT RAISED),DRY,300,S,LAKE SHORE DR NB,6,4,6,41.87831013,-87.6175759,POINT (-87.617575903416 41.878310134581)
7396263a4f78cd9fefe0c76d10e1d1fb20801d35aa77ac2a3355dd7b602342b1813c13336bc1e2d069579d25187c933a40d6ab4eeaf477a02df9d86b6e291060,6/11/2025 0:31,CLEAR,"DARKNESS, LIGHTED ROAD",ONE-WAY,DRY,160,N,WABASH AVE,0,4,6,41.88484108,-87.62640307,POINT (-87.626403071315 41.884841082643)
5937caa94b2c8dc325d2f12284881c8a4e28523b8a7c9fc16f5bf97cc70346a3ca3c586868800c0ea848a6abfbc4096d01a26a3bc9cbf35ce5e4c76ab082e75e,6/10/2025 22:30,CLEAR,"DARKNESS, LIGHTED ROAD",DIVIDED - W/MEDIAN BARRIER,DRY,50,S,LAKE SHORE DR SB,22,3,6,41.88131456,-87.61762921,POINT (-87.617629213183 41.881314564097)
5bd589378faae7cde2283614efde9b9bc3645f91800a3be02ef27edd2a40652e94710c0905eea31fa456c46456cf1305cf53d5efb5f1cc2d9e9ad5d2b6d9e0f7,6/10/2025 21:40,CLEAR,DARKNESS,NOT DIVIDED,DRY,248,N,CLARK ST,21,3,6,41.88695491,-87.63115239,POINT (-87.631152390887 41.886954912551)
8d08eb94ea8bbf10ff4692593cf09c6ffb2ffcfe31072d0aefdb1cfaa9dcfe3841f1a49992f5c28036005ae8129874de26bfd26ea0848ea5326bc977196e9f75,6/10/2025 18:30,CLEAR,DAYLIGHT,UNKNOWN,DRY,17,E,MONROE ST,18,3,6,41.88066458,-87.62708936,POINT (-87.627089364442 41.880664578396)
d358be6e8b7de2930d62935a0c7bbb3c220363804835eef98e96da45ca0c616e79a18a2e2c4f0d790490ee477ed53b7b2478806834373ae56aebb927555c35b2,6/10/2025 18:17,CLEAR,DAYLIGHT,FOUR WAY,DRY,100,S,STATE ST,18,3,6,41.88071514,-87.62787608,POINT (-87.627876078416 41.880715137843)
4374c0e57d6d170d57fa2641fa16a9ed75dc301ae0321cad76110d871548e3e303f188c43ad221cff49f3f51437639de6d764e524fdf67f5f76bf7fdb4c8f1d0,6/10/2025 18:07,CLEAR,DAYLIGHT,DIVIDED - W/MEDIAN BARRIER,DRY,376,N,MICHIGAN AVE,18,3,6,41.88864757,-87.6245728,POINT (-87.624572797533 41.88864757065)
a2a1da1e3d2cda4e1e36fee7a9774ee0818c90069a40c70d9c3e195c7298a2f62b44ed653dfeb29545b9ea27c946ae863f719d4c8ce0bed2fef39bfe0ac01191,6/10/2025 17:32,CLEAR,"DARKNESS, LIGHTED ROAD",PARKING LOT,DRY,322,E,ILLINOIS ST,17,3,6,41.89113317,-87.61916021,POINT (-87.619160207046 41.891133170855)
b4997d48ea48d8b6573dd0e628e09d277e3bdbe492607e357f1aab36c2ea00e019ac420423228568d73f5dcac40b73487249d3e247af8efe9079168fd26e6f33,6/10/2025 17:00,CLEAR,DAYLIGHT,NOT DIVIDED,DRY,157,W,HUBBARD ST,17,3,6,41.88988288,-87.63332989,POINT (-87.63332988499 41.889882882247)
e8331e245abe7007f34c7ed159de83140318f789589587e93e5c3cf3a58f4e197a01965a0e1fa13a84f40f7886ab454dd26d3178607987bbeda946b45c7a57e8,6/10/2025 16:00,CLEAR,DAYLIGHT,DIVIDED - W/MEDIAN BARRIER,DRY,100,S,LAKE SHORE DR SB,16,3,6,41.88085605,-87.61763589,POINT (-87.617635891755 41.880856047671)
ca2295c624ef3726f9a59e69b18b25dcbd85700176b027aafdb142393858136db440bdcb53b04d315b480fd1fc3fab65ba501aa64f0764b7a727f35f0822ae56,6/10/2025 13:17,CLEAR,DAYLIGHT,ONE-WAY,DRY,312,N,CLARK ST,13,3,6,41.88784656,-87.63117804,POINT (-87.631178035453 41.887846558507)
a733cf662686b044b3f5e89bef7b4ee0bd1bcfc5091cf48755fd2b2f46dd3d8757a408451f7e608d6e1757154cef850fccbab588de088163b69ef5c6bc8f200e,6/10/2025 13:10,CLEAR,"DARKNESS, LIGHTED ROAD",DIVIDED - W/MEDIAN BARRIER,DRY,500,N,LOWER MICHIGAN AVE,13,3,6,41.89096978,-87.62430764,POINT (-87.624307641776 41.890969780111)
5d064cbb061f08f4997df357038c3a717641b4da32282d04a70cfa2d5c387abeab90249a5be26b3bdf0280f5257aac9826cb11e276d6f3dbc7c081ec8b4504e5,6/10/2025 10:45,CLEAR,DAYLIGHT,NOT DIVIDED,DRY,541,N,FAIRBANKS CT,10,3,6,41.89227497,-87.62009879,POINT (-87.620098794549 41.892274965647)
44c6c380fe3f61940763ff73207e2fd3e11ac028a7d2acc73866766c46b5bb2f3d3433b233e7132422d0f98400bc2e63e93eae54778f97f2c2c972f89015419e,6/10/2025 9:54,CLEAR,DAYLIGHT,ONE-WAY,DRY,98,W,ADAMS ST,9,3,6,41.87952449,-87.63074826,POINT (-87.630748258267 41.87952449037)
4d40c16bf37fb154be31733e38d388e4b9406a97ff0561a16f578aea832cdeca4eee88e1fd631c1da70de422eb7e7b5fdbcc02b01966753f9cc88ee2f1f65143,6/10/2025 9:02,CLEAR,DAYLIGHT,ONE-WAY,DRY,298,W,LAKE ST,9,3,6,41.88584387,-87.6353735,POINT (-87.635373498864 41.885843869653)
08f8b71313de469e59c0f3e57b67f740a6eb34adff7462051ebba76561c8999e189a7fd543ed03af73d4f5ab217909d5d44566cc14396a9da0f682e7e7edda14,6/10/2025 8:40,CLEAR,DAYLIGHT,DIVIDED - W/MEDIAN BARRIER,DRY,451,S,MICHIGAN AVE,8,3,6,41.87579106,-87.62411501,POINT (-87.624115012282 41.875791059222)
2d042507994b5488967b7ae882193acff811afc55244d97532ae7636122298adc2e89577c22028a3331950f755474799edcf6aa13c135305eedabb0ef3b38cc5,6/10/2025 8:40,CLEAR,DAYLIGHT,DIVIDED - W/MEDIAN BARRIER,UNKNOWN,225,W,LOWER WACKER DR,8,3,6,41.88668225,-87.63484868,POINT (-87.634848680286 41.886682251828)
345a010c4bfd5ca2efd73859d1f662183297bfb4be257e3302b3639cda4a9541da119a877583c64ffb3a63e940921b93cd31ffa78685541ed2fb3cd52df858e2,6/10/2025 8:13,CLEAR,DAYLIGHT,DIVIDED - W/MEDIAN (NOT RAISED),DRY,98,N,STATE ST,8,3,6,41.8831577,-87.62801553,POINT (-87.628015529251 41.883157700149)
ea4e9eeb5267e849743cba6f7af45abe183cdcea3cb5d579948667e59e394a838b14eea2483b85aeaa7e7c9844499e9aa5ff2984635fbfd996c8b3e17816ce70,6/10/2025 8:00,UNKNOWN,UNKNOWN,ONE-WAY,UNKNOWN,343,N,DEARBORN ST,8,3,6,41.8886949,-87.62942114,POINT (-87.629421144874 41.888694897418)
080d44ad75b6288c63ff6e43047d9fdfb8231da724996085b94ef0a442b269843c58d48f8177719d0da1b0605b056d993f890b39d82d27d07e6bcfb6eec4d7cb,6/10/2025 6:00,CLEAR,DAWN,DIVIDED - W/MEDIAN BARRIER,WET,200,N,LAKE SHORE DR NB,6,3,6,41.88505246,-87.61421574,POINT (-87.614215739327 41.885052462405)
b6e269be27866d20539a820445b160da7864c373ecba50f886ac5c03eef5559e14bab82d42a39f83002f8f4b22d955f039362f6722ad0aadab72d0cbb66b6316,6/9/2025 19:58,CLEAR,DAYLIGHT,ONE-WAY,DRY,151,W,ADAMS ST,19,2,6,41.87929007,-87.63236273,POINT (-87.6323627253 41.879290073296)
13cb02fcaef802c3582bbb0da8c31f46e5c4eefa5926b2a029229bc3d70f8c985cdfcfe89796903ce61609c78dc8e46a5b849da4778157563bd4ed53d3017dde,6/9/2025 16:07,CLEAR,"DARKNESS, LIGHTED ROAD",UNKNOWN,DRY,301,E,LOWER RANDOLPH ST,16,2,6,41.88431004,-87.62052607,POINT (-87.620526067528 41.884310035974)
45f6349247709a57b489bea57abe4261388c19cb71661c5464c86bfd251332d23d0dfd9f1eeb367f761ae2d3251cfadd21b3ac2a2ce7378ae79ee82bd961e52f,6/9/2025 15:35,CLEAR,DAYLIGHT,NOT DIVIDED,UNKNOWN,454,N,COLUMBUS DR,15,2,6,41.89023766,-87.62044314,POINT (-87.62044314295 41.890237658089)
28d9a5a04da1ac9219a572b43baef0edfab0c842ab601f39dc39308eccc87ead79560ba72836a7aeecbfe0a73d705075233524ee536305c302e198c7c0a74e81,6/9/2025 14:00,CLEAR,DAYLIGHT,FOUR WAY,DRY,99,S,LAKE SHORE DR NB,14,2,6,41.88098221,-87.61710465,POINT (-87.617104651185 41.88098220772)
894f2ab3d1f6184e440c5b423bfa535d4cd2a2be8809ea02a130e2957410a51d1808b53e60d37312d1c98d4ffa40408fcbc85d21d4c67b175384cf040a216e08,6/9/2025 13:48,CLEAR,DAYLIGHT,NOT DIVIDED,UNKNOWN,300,N,STATE ST,13,2,6,41.88755787,-87.62815306,POINT (-87.628153064672 41.887557872813)
27cebfd8e8f59431ed956d287ed978210997733fbb9913553d05fa1032b1d72a249399cf7255b49b390ac3798cebf3e497f541d32490b814c1f27cdd983ea088,6/9/2025 8:00,CLEAR,DAYLIGHT,ONE-WAY,DRY,17,E,MONROE ST,8,2,6,41.88066458,-87.62708936,POINT (-87.627089364442 41.880664578396)
8f5f462dc451d7df2be5a6f0e11764056942a847a5e5b6f06c385e6ad4ed962f10c8bb348480211597fb3b3ab4213567bfd4e74de0ad1c70286cdb51e7f0d156,6/8/2025 22:30,CLEAR,UNKNOWN,UNKNOWN,UNKNOWN,17,S,WABASH AVE,22,1,6,41.88163119,-87.62605243,POINT (-87.626052425255 41.881631187326)
23c36b2f22eddd019b0cc6cb24465ef0f3cc156a86bcb67dc35b79505e67619a54a5b7de07558616512ab83693d5375ecdab97e622b5a087c827f87acded7363,6/8/2025 17:32,RAIN,"DARKNESS, LIGHTED ROAD",DIVIDED - W/MEDIAN BARRIER,WET,360,N,LOWER MICHIGAN AVE,17,1,6,41.88816688,-87.62472666,POINT (-87.624726656503 41.888166884586)
e3d65d6a4efd70619a637f2b3e7aca49b8403c90c1bc5608117259b8d4a359c29045e92438d64252af61bad610e76518b9e09881bca95344e1f6d8c3aa004f72,6/8/2025 17:10,RAIN,DAYLIGHT,DIVIDED - W/MEDIAN (NOT RAISED),WET,10,W,KINZIE ST,17,1,6,41.88935677,-87.62843531,POINT (-87.628435313352 41.889356767141)
2911d5cc777d79b90f2d011368d4f08dff97ad1e900ec3dee15e7ae60079e95e31f04900f1af0a90a90a3dc518b8f8d5ab169c8d190a5a395ac3ebae76868177,6/8/2025 16:50,UNKNOWN,DAYLIGHT,OTHER,UNKNOWN,330,N,STATE ST,16,1,6,41.88836103,-87.62817961,POINT (-87.628179605784 41.888361025678)
4c7741c94e9fd5221dd4db17aa0c4aef2b66169f8ea2818ec6b4b95ca7a54682ba547cd640dfa7ae1580bd9dbd848dfc5c537029ef6ff1ab077719f3ca249bf9,6/8/2025 16:10,RAIN,DAYLIGHT,DIVIDED - W/MEDIAN BARRIER,WET,200,S,MICHIGAN AVE,16,1,6,41.87948933,-87.62449812,POINT (-87.624498124934 41.879489328698)
7f265eb0d717c4faa2a2153e68dc86dd2bea541707d16b8cb200f6ad01bef0e70f7cebb3d9fef8c2038e429b7a76975882e7570810680262c4cc4dca4a6db27b,6/8/2025 13:45,UNKNOWN,DAYLIGHT,ONE-WAY,UNKNOWN,6,W,OHIO ST,13,1,6,41.89257529,-87.62834147,POINT (-87.628341466463 41.892575294112)
702d598f69f4f338041c0e15f3a4cbae0efb0e108a2e96a76ae7e1fd74fef9ab619dab42509f15ba9c27737b857f0d06e4fe7cc115e16e4507e114f151dde204,6/8/2025 13:00,CLEAR,DAYLIGHT,DIVIDED - W/MEDIAN (NOT RAISED),DRY,300,S,LAKE SHORE DR NB,13,1,6,41.87831013,-87.6175759,POINT (-87.617575903416 41.878310134581)
a1a4f35e69cc6067ef969bbb45cd174d7bc0243d6dbf289568e7ff426eff47354f5bf89dc77b28041e5b47afc69977fe44b3ff995ea0595e9dbb924969b0a964,6/8/2025 12:22,CLEAR,DAYLIGHT,NOT DIVIDED,DRY,299,E,MONROE DR,12,1,6,41.88076242,-87.62088387,POINT (-87.620883870254 41.880762422701)
794c8516efe1ee4adcfa096326bbb6f5c2d4cee90b02567cf2cc789f65d4018c283acf237be6b482653dd6bf7d89bf01021f0dbc8978448c327c8f9fdf2f5410,6/8/2025 11:49,CLEAR,DAYLIGHT,DIVIDED - W/MEDIAN BARRIER,DRY,398,S,MICHIGAN AVE,11,1,6,41.87706678,-87.62443921,POINT (-87.624439210263 41.877066783143)
f037afa9966573ab6122a58ac3376fbc819713803a637cca8adff73e6729843e429f5094f7e4802ce1f062b333ce1a51cc6199f1bf3c8a1508600bc7aae74bbd,6/8/2025 11:09,CLEAR,DAYLIGHT,ONE-WAY,DRY,219,S,DEARBORN ST,11,1,6,41.87896684,-87.62919336,POINT (-87.629193356099 41.878966836146)
eaaea0018d8fa62e0aaafcd0f5e1a7b34bdb55d5f2f408b47608376182ae49d47a9e1aedb2a51c1a189e8a254f08ea4ea0335aad0047334c2098e27998cd6d3d,6/8/2025 10:57,CLEAR,DAYLIGHT,FOUR WAY,DRY,301,W,MADISON ST,10,1,6,41.88182314,-87.63538203,POINT (-87.635382025048 41.881823139635)
45866b03cac7cd7967138fa3d0f71c9eea051bcdf297c12916973501546d74dc2620400c091d5fe1ea64a5fcfb1669594faaca26bd7c409d1e43ac9e4f09b297,6/8/2025 10:52,CLEAR,DAYLIGHT,FOUR WAY,DRY,303,E,WACKER DR,10,1,6,41.88770538,-87.62058814,POINT (-87.620588143928 41.887705379378)
2e81b1230e9969371972f21f67ee8aa68e8fe5b6b47419c1ca2e600fd9eb68e7d55a1bd7b303ebe391c5a784ca35613bdf524839e3228a31110a21d2c35f41bd,6/8/2025 8:20,CLEAR,"DARKNESS, LIGHTED ROAD",RAMP,DRY,10,E,GRAND AVE,8,1,6,41.89179146,-87.62765774,POINT (-87.6276577412 41.891791463112)
928200c853ca69a0831b0d7e5e59bc80abab4708bbdd710894b544e449fc713b118bc9822d6151702b2604228d05c816c20afe488c1bb28a07626964bef17df5,6/8/2025 5:30,CLEAR,DUSK,DIVIDED - W/MEDIAN BARRIER,WET,300,N,MICHIGAN AVE,5,1,6,41.8868758,-87.62468519,POINT (-87.624685186707 41.886875795392)
b6b617bc36af655fd17ef2db5fcba3f5f21383650505e277faf60ec95f475632bd22d8bbd8699e8b0f0c1e4e7733d626f7aa8df7b90386a4e24ba5b950054e86,6/8/2025 4:06,RAIN,"DARKNESS, LIGHTED ROAD",FOUR WAY,WET,420,N,CLARK ST,4,1,6,41.88997769,-87.63122708,POINT (-87.631227083419 41.88997768697)
5ce7744e922d6d0a24a4ba37ae193209400b593d3cafd1fffc5af92d9aa3cd8778cdd9506c026927a753f5457106bbf14c5112b289ce034e8a2c8df132eba635,6/8/2025 0:05,RAIN,"DARKNESS, LIGHTED ROAD",DIVIDED - W/MEDIAN BARRIER,WET,110,N,LAKE SHORE DR SB,0,1,6,41.88345657,-87.61584881,POINT (-87.6158488082 41.883456565028)
485cef0c35e60cf5ade9ddf52923c85590bda59bf178746db32c8522dcf47f6d97da83c2922e1f7f07531d5858d83451d7ca5d83870fbb3b194dbd9dd6c73e55,6/7/2025 23:49,RAIN,"DARKNESS, LIGHTED ROAD",FOUR WAY,WET,1,W,RANDOLPH ST,23,7,6,41.88438065,-87.62798705,POINT (-87.627987045687 41.884380650633)
a9fe97ef2b24cbbabbcd7a7b8c27672a41a361cac2265aaf2bb0c9a8c9ec7a864d6f4ae028c64f8208bd77368286d3a994da18c831812a3d5e415b49af02eb09,6/7/2025 22:41,CLEAR,"DARKNESS, LIGHTED ROAD",FOUR WAY,DRY,111,W,GRAND AVE,22,7,6,41.89150986,-87.6316332,POINT (-87.631633203126 41.891509862963)