CRASH_RECORD_ID,CRASH_DATE,WEATHER_CONDITION,LIGHTING_CONDITION,TRAFFICWAY_TYPE,ROADWAY_SURFACE_COND,STREET_NO,STREET_DIRECTION,STREET_NAME,CRASH_HOUR,CRASH_DAY_OF_WEEK,CRASH_MONTH,LATITUDE,LONGITUDE,LOCATION
b3ec33d0ff1080d1640b7c15919bd7b707441eed8e38f17f209bc82c1e25b338cc6f529599e9ab6c2f9ca39f875e166dbdf8b4268b1c7e58b4df1e0c3788349f,6/7/2025 21:16,CLEAR,"DARKNESS, LIGHTED ROAD",NOT DIVIDED,DRY,20,W,KINZIE ST,21,7,6,41.88935203,-87.62884885,POINT (-87.628848850273 41.889352033014)
bb7627ef80069063631139bbc097206c7284d21b45ee1803bf05a22a60b6ad4c9c909387e22eed545ba6fa43e773b0ff5d1084aabca2bbfec48f8a908977cc3e,6/7/2025 18:10,UNKNOWN,DAYLIGHT,DIVIDED - W/MEDIAN BARRIER,UNKNOWN,300,N,COLUMBUS DR,18,7,6,41.8869732,-87.62084833,POINT (-87.620848332588 41.886973200874)
08ebef888df7dae30b70190a339c3d874d5f5b394e7a020c30308939b536304938c030eeea864f87d492690dee2f3fc4946d4f22ab43664ca3553c1d5c2c396a,6/7/2025 18:00,CLEAR,DAYLIGHT,DIVIDED - W/MEDIAN BARRIER,DRY,150,N,MICHIGAN AVE,18,7,6,41.88453096,-87.62460204,POINT (-87.624602044601 41.884530963783)
33a957b986817c410296206cdfc02b69febb8b191156dc3cf38416c898b4e054a6e23da0b070435ec5fbe98f287b8699a9fff9653a860d04eabd72d126e79d88,6/7/2025 16:30,CLEAR,UNKNOWN,DIVIDED - W/MEDIAN BARRIER,DRY,98,E,LOWER WACKER DR,16,7,6,41.88844446,-87.6246567,POINT (-87.624656702139 41.88844446409)
53ad717fa598a496969d655b01e77ae071f6f110ef6a201d6d4bb9cb6141b52af003c487232b096d9a6eef8e5e8e687394e05683cd3c97fc92564502254a45fd,6/7/2025 15:57,CLEAR,DAYLIGHT,ONE-WAY,DRY,55,E,ONTARIO ST,15,7,6,41.89319672,-87.62591385,POINT (-87.625913848042 41.893196716499)
54f4eb1ce7c6a926160f021ec86dbd623b81bbf46433cf312328f4370fc7f5a9fc8aafedcc50bc855014f04284ef67e4fcee100cbedbcc9228ccb148beb4d35b,6/7/2025 13:00,UNKNOWN,UNKNOWN,NOT DIVIDED,UNKNOWN,26,E,IDA B WELLS DR,13,7,6,41.8757876,-87.62663329,POINT (-87.626633289849 41.875787600378)
00baa2e2e910a94ea12b50e1ce07f7f6ca90a8e08783db793e1e3cc522deac165189ca57a29fd8ad0707849e4f1d83c428a4081f3502b2587a35ba3783456b43,6/7/2025 12:15,CLEAR,DAYLIGHT,NOT DIVIDED,DRY,130,E,RANDOLPH ST,12,7,6,41.88458837,-87.62327256,POINT (-87.623272561055 41.884588371969)
78abf36e60f7369bd4176ff98f9f488516713943904671ca7720ef371909a24939fafcf1f6717b2e975734a9fcf8564de31916f9dbda49d615ff2ae036f06c0d,6/7/2025 12:14,CLEAR,DAYLIGHT,PARKING LOT,DRY,200,E,ILLINOIS ST,12,7,6,41.89106986,-87.6226194,POINT (-87.622619399716 41.891069857341)
d86ae46f67c25054e1d4afdedb371e21ef98f349a742111ce513ea2cf4617aedee8aa9ba325487528d70abf44f5f72d7f5e597e9178c11c3283032b6298019ce,6/7/2025 1:57,CLEAR,"DARKNESS, LIGHTED ROAD",NOT REPORTED,DRY,30,S,WELLS ST,1,7,6,41.88107024,-87.63395142,POINT (-87.633951419212 41.881070237377)
e33de788aff5a880fb952d3a9df908425bd468aec6b9378813efd89892ae227b1490386ce85a6388c8a3c34ce800bdefe51726afdc02f7eef40c4b396394dec6,6/6/2025 23:35,CLEAR,"DARKNESS, LIGHTED ROAD",NOT DIVIDED,DRY,341,N,COLUMBUS DR,23,6,6,41.88788465,-87.62051174,POINT (-87.620511740324 41.887884647066)
9de731ccbfdcdb0427eadafc2c05679303242f765f311f9bbde2ebd572284df282ec48391b9764b9cf7fcce67fbbcca177adf58294d945289d11e5ca45f24602,6/6/2025 23:30,CLEAR,"DARKNESS, LIGHTED ROAD",FOUR WAY,DRY,525,N,DEARBORN ST,23,6,6,41.8916103,-87.62950314,POINT (-87.629503143485 41.891610304281)
59f426549dd25a64ab41673095ab89886c75b9ebd618e2fb4c6684f06c730cb32466df28d8b3f7170a339c32675096d5156fc7b10840600084909f3d883969d3,6/6/2025 21:40,CLEAR,"DARKNESS, LIGHTED ROAD",DIVIDED - W/MEDIAN BARRIER,DRY,98,S,MICHIGAN AVE,21,6,6,41.88089012,-87.62448327,POINT (-87.624483266019 41.88089011864)
ffad829ba8dcea1f4589817c79782f239225cae97a42df05ceb8238ebde3d77ff293039561afbe92306b0f2a6da4b57ac067ee6e86a91f046bdf0c3d033612a9,6/6/2025 21:30,CLEAR,"DARKNESS, LIGHTED ROAD",FOUR WAY,DRY,10,W,WACKER DR,21,6,6,41.88704176,-87.62835506,POINT (-87.628355056509 41.887041763582)
69a0b8b26438346bb016ed479b0671d9afd2f60aebe0e85183bd2ff5d525e87a6d2bc70b21d07b5f0b0b3a4230460221431a4256c08a58f2164c5abeb9a6cb0f,6/6/2025 21:00,UNKNOWN,"DARKNESS, LIGHTED ROAD",UNKNOWN,UNKNOWN,70,E,GRAND AVE,21,6,6,41.89182003,-87.62544387,POINT (-87.625443874791 41.89182003397)
73ba34eaaeb60b6b10ab6d2b68e63edc5f94bc26b6793cc0e15de9f20340a8314c29bd25a8f6eee0a7b95001ae938bd86767246778d1685332b51fd128543a4e,6/6/2025 18:00,UNKNOWN,UNKNOWN,PARKING LOT,UNKNOWN,322,E,ILLINOIS ST,18,6,6,41.89113317,-87.61916021,POINT (-87.619160207046 41.891133170855)
210f807fb0e8f16b8ed3da6ba7e051d570ec706dc566813c12670c5b7348f20a121fedc8f09623d9d2bdbc5e18e2406708c3987a52c15875f4eee6151d33b045,6/6/2025 17:10,CLEAR,DAYLIGHT,NOT DIVIDED,DRY,98,E,MONROE ST,17,6,6,41.88093501,-87.62443142,POINT (-87.624431418645 41.880935009606)
4343e206f89dd4eabc6a42e01a90a373d4d664947c0dddb672ac3acc91a2361c827b79008849bb8264b3bbecde03427698c47f680526b0e1ba40648b4d0e5f8a,6/6/2025 15:41,CLEAR,DAYLIGHT,NOT DIVIDED,DRY,135,S,DEARBORN ST,15,6,6,41.87980266,-87.62921039,POINT (-87.629210384952 41.879802663276)
ab01912b4205d60ef2914b9e7d55ced4389eaf2f3cd3f7c2e8ad65f582d4b5bd90c3831fa59127b490add7066386c4917566245435cab8c07543308b3ef1780e,6/6/2025 14:30,CLEAR,DAYLIGHT,NOT DIVIDED,UNKNOWN,111,E,MONROE DR,14,6,6,41.88072322,-87.62392297,POINT (-87.623922972149 41.880723222781)
e3d25f9a4b8a8eb0150a92e229f71ee15a3e3be1c8757b2522feceac0b42cbbcd014900ae812227eb14c599d319990adbc971008c3b749dac73ec4e788694939,6/6/2025 14:15,CLEAR,DAYLIGHT,T-INTERSECTION,DRY,198,S,MICHIGAN AVE,14,6,6,41.87961696,-87.62449996,POINT (-87.624499957019 41.879616960921)
f6ca161740924178b2cc2042696bbea35c327c1f8d848880a0cb62ffcd93b88de2287008c962b0b8537cd2ed89f8a3195a62a9f49ca2606ffefa882647462b34,6/6/2025 11:22,CLEAR,DAYLIGHT,ONE-WAY,DRY,520,N,DEARBORN ST,11,6,6,41.89160128,-87.62979671,POINT (-87.629796705231 41.891601284754)
dd1df0f47f208cd570a3e4bdc87e575e07fd2c6ab83893416c309b665c5b39d4fd166d1582ac37afe4ec5e62f0d62b4a8d196ef43be62704053e92d7ee5f3d64,6/6/2025 10:00,CLEAR,DAYLIGHT,ONE-WAY,DRY,171,W,RANDOLPH ST,10,6,6,41.88436188,-87.63316454,POINT (-87.633164537609 41.884361877482)
a62e7fed8ddc1b279243191952584aaab42fff7dc1947cb37963d203708ece3ff8bed575722d189c101e727625876c1cadcd0f017a52663f77475ff1a92ca2d6,6/6/2025 9:00,CLEAR,DAYLIGHT,ONE-WAY,DRY,75,E,LAKE ST,9,6,6,41.88562425,-87.6252965,POINT (-87.625296495065 41.885624254625)
1615fc45d65d1146123059e54254d54cee989df58db087768f1b76ea8c32034ab7081f5a478f58a104ad82f2669df6a2e66e6353d7ab3fd3df4f390de3d5ba8c,6/5/2025 23:51,CLEAR,DAWN,DIVIDED - W/MEDIAN BARRIER,DRY,315,S,MICHIGAN AVE,23,5,6,41.87789704,-87.62416432,POINT (-87.624164318802 41.87789704184)
9c95a80f67fc754ebb1671453e2cd1282eb2f8a6dd5ac224bf50d536817583701ee123af171cde06979a5f36c6ebaf0c398ac4756f1466bf56b12e28d6bf6f92,6/5/2025 19:50,UNKNOWN,DAYLIGHT,NOT DIVIDED,UNKNOWN,20,W,OHIO ST,19,5,6,41.89256774,-87.62892873,POINT (-87.628928725645 41.892567739795)
e1ebf5afe29ea7e657429e01ea009b908c73b3105e010b2e369cf3df8133bccd6b7a9fb101483ee10957f46bf39ddaf79b787c0ae27c7786b462fe7f64696096,6/5/2025 18:10,CLEAR,DAYLIGHT,ONE-WAY,DRY,44,E,MADISON ST,18,5,6,41.88218775,-87.62626222,POINT (-87.626262221082 41.882187751741)
4bc9ee3a32caecc57e24aa59786e3d2e0e87376bc5bcedcb6a3fc2524ff0e8efb8ad3b3fa567e7c781f90c07885efdc91f73a6f70d0d1eb9c7eb6b87a5d4a22f,6/5/2025 18:00,CLEAR,DAYLIGHT,NOT DIVIDED,DRY,535,N,MICHIGAN AVE,18,5,6,41.89189708,-87.62401629,POINT (-87.624016288559 41.891897075755)
48c61308f0a6eaf53bc60e64e22fde8f6156400d2de66f7de9106d9546e5e4a24b5f9a61492275f6882f42f89080a00e23a60492fdeaede8e0c686c43163c801,6/5/2025 16:15,CLEAR,DAYLIGHT,NOT DIVIDED,DRY,465,N,MC CLURG CT,16,5,6,41.89055492,-87.61750653,POINT (-87.617506527093 41.890554924252)
b5297f3d40e1e0ea879a0dc00757bf44622c347ca551a21f8196e4971262b2237ab3a06bf9dc23589e6b326d589fcf6854eb7fbc178abcf144dacdbbc18e2921,6/5/2025 15:45,CLOUDY/OVERCAST,DAYLIGHT,ONE-WAY,DRY,300,S,LAKE SHORE DR NB,15,5,6,41.87831013,-87.6175759,POINT (-87.617575903416 41.878310134581)
587ca9325ead3d58c10bd5b79c9a99a4a916a95074428bb42f23cfd7ee525b96286286e224909b034341383d66b012927e75fb2842608c332290b19d111330a8,6/5/2025 15:10,CLEAR,DAYLIGHT,DIVIDED - W/MEDIAN BARRIER,DRY,115,S,LAKE SHORE DR NB,15,5,6,41.880539,-87.61710276,POINT (-87.617102761368 41.880539001579)
308b7efa95f949eca538be90a8813960017c8f22fddbc5cb467fcdded2947209bd863684ffa0ec8211a9204af90207fa9a54e1f89ed6a0b07e411540ac76381d,6/5/2025 11:45,CLEAR,DAYLIGHT,ONE-WAY,UNKNOWN,528,N,DEARBORN ST,11,5,6,41.89160128,-87.62979671,POINT (-87.629796705231 41.891601284754)
982dc2c7ddb3881ed0899609669bd1dd0d8b86c7068ac248868e2e8221a0bf31f8e6b726149da35ab3e3915cbd0f4b7b7e9eb8598730f18d5d3838c276761d49,6/5/2025 11:30,CLEAR,DAYLIGHT,ONE-WAY,DRY,12,S,FRANKLIN ST,11,5,6,41.88153068,-87.63544973,POINT (-87.635449734262 41.881530677432)
4f36584811a34bb55fda2b6c772fbb84079ba249ebed9b152beb14e2c68170289c08b508dd3ad5b86daee802edc019052103f551282cdb56276af44454c363f3,6/5/2025 9:00,CLEAR,DAYLIGHT,ONE-WAY,DRY,35,N,WELLS ST,9,5,6,41.88285169,-87.63370961,POINT (-87.633709610236 41.882851693459)
52d3428b590b265aed017097c6aa2ed09f76ecc7e08bc2d7f1eb19b4873d68ffeab5bc657882f308566fae53c6932e5d90b24b9bc642d4ec17fbef0f2c7795ce,6/5/2025 8:20,CLEAR,DAYLIGHT,DIVIDED - W/MEDIAN BARRIER,DRY,17,S,MICHIGAN AVE,8,5,6,41.88166386,-87.62420641,POINT (-87.624206414273 41.881663855242)
62ab2673f4650400214193ff0f75b1c948290a5b40a8471366675403031200db041709e09643d715fa76f236cb0fbbfab1b89754a53d05ba914144821485b085,6/5/2025 7:11,CLEAR,DAYLIGHT,ONE-WAY,DRY,60,E,VAN BUREN ST,7,5,6,41.87709818,-87.62542113,POINT (-87.625421129173 41.877098179652)
063549a6d3b1462debc5179dd659d221886a14069d15a8f1bdf0b323973afeeb685da8848f92a6563f34991893c0f76ef263b08641a9b40797986ace848270a7,6/5/2025 6:19,CLEAR,"DARKNESS, LIGHTED ROAD",T-INTERSECTION,DRY,302,W,LOWER WACKER DR,6,5,6,41.88689071,-87.6356579,POINT (-87.635657901802 41.886890706038)
6a96542eebed81fbf6d4ea3e557c96160a69776860049b5c602b9e2f1c35cd236a98da0251d31697e8f1f5690f82bcc3f8b4ae823c4a9203ec0de7be8fdd2297,6/5/2025 0:26,CLEAR,"DARKNESS, LIGHTED ROAD",T-INTERSECTION,DRY,98,W,RANDOLPH ST,0,5,6,41.88458663,-87.63086154,POINT (-87.63086154105 41.884586628406)
84726c512f644a405e24f331676a5652da21b3c1809153604df203aa196c56d1cf813c311ec6fd80642415755ad8f6c2eef606fd52918fccf6cc48bbfe12b60d,6/4/2025 21:40,RAIN,DARKNESS,ONE-WAY,WET,50,E,ADAMS ST,21,4,6,41.8796405,-87.62583248,POINT (-87.625832483096 41.879640500465)
0a13c7ab2b91566979290a87e0468484534a7c9217b900bc6f9943adf1cdf4de1c6d8c03d07338783bf8e699df03457a2428d74ce4ce6ce5b2270d0f45b952f5,6/4/2025 15:08,RAIN,DAYLIGHT,ONE-WAY,WET,100,W,MONROE ST,15,4,6,41.88080528,-87.63092933,POINT (-87.630929332143 41.880805278204)
3855648958bb04a25b85d50e96120e5bd8939309760173f8043f8270ca77e3905432c83ce98cb2308f98099a1e3832ad2c8909ce1fce1ebef6fdd4100669ac42,6/4/2025 15:07,CLEAR,DAYLIGHT,NOT DIVIDED,DRY,131,E,LOWER SOUTH WATER ST,15,4,6,41.88671113,-87.62333217,POINT (-87.623332170264 41.886711129484)
752944ca2e6ff2c4c1cccda9cc4a18350e4df75e065cbf27c7fda374015fe46d42112dac63390b71db7b6399af18ce30309478d7700ce424f55ccfb4e581bb5d,6/4/2025 12:55,CLEAR,"DARKNESS, LIGHTED ROAD",PARKING LOT,DRY,339,E,GRAND AVE,12,4,6,41.89172144,-87.61861504,POINT (-87.61861503671 41.891721435589)
02b5a8622f3743f22abe1a0e7dc24d34bd871ffbbb593fdbb86f565df0d46811771e07dc26b8d9038ccf6630e105b2182b7b2ad2029d7696fee75d209ded365e,6/4/2025 12:40,UNKNOWN,DAYLIGHT,NOT DIVIDED,UNKNOWN,57,E,WACKER PL,12,4,6,41.88670561,-87.62593074,POINT (-87.625930737304 41.8867056074)
4a1efb599eb96c74f4e5d42a140d6e45e729403ecb4c9b26580c34cfcb48e024cf308f0f6b4a11b76f3c36513943d4a76b98fc3f03b0b22258f980e9d19f8fcd,6/4/2025 11:45,UNKNOWN,UNKNOWN,T-INTERSECTION,DRY,133,E,GRAND AVE,11,4,6,41.89162116,-87.62425393,POINT (-87.624253929022 41.891621161011)
49c10a6c340eafa34585c6fd80226c8cd9bb752006450217ebec178e2e1a8f1001a531b239be0412b8fbdc24fed8cd586f73c75e1b3eb5a22e1125e87e7fc46f,6/4/2025 10:25,CLEAR,"DARKNESS, LIGHTED ROAD",PARKING LOT,DRY,20,E,RANDOLPH ST,10,4,6,41.88460285,-87.62718694,POINT (-87.627186940196 41.884602854888)
f654243508bf6938a2323a43630e95b049d07a992e57e8104db09b7ece79524183aa084973451f1b199aea657af485f3963950cc74026f7d980a6a0446214aa2,6/4/2025 10:00,CLEAR,DAYLIGHT,NOT DIVIDED,UNKNOWN,301,S,COLUMBUS DR,10,4,6,41.87826992,-87.62052861,POINT (-87.620528612011 41.87826991907)
ffd1d66ae26140415f4728332098c127b96afdd0822ab83b783b4bcbe1c2772857f927d18626e7a83e42cf1e751cda8b437f2d07072a87799e6b7c46777b42d5,6/4/2025 9:40,RAIN,DAYLIGHT,NOT DIVIDED,WET,401,N,MICHIGAN AVE,9,4,6,41.88935425,-87.62410246,POINT (-87.624102456243 41.889354251928)
a2983ebda2ca9a85f42c3a587a8d0ef7e0c5b2a71aa9f9d4f7e2fc52f79927979afd992a11d68c39661854d21efb3c491c1116f46e1702f0a26b2a13eeda6ec0,6/4/2025 9:15,RAIN,DAYLIGHT,RAMP,WET,201,S,DEARBORN ST,9,4,6,41.87937584,-87.6292039,POINT (-87.629203901922 41.879375838435)
ba49ad373f51c93fdeffbfc8a9323b2484d9dea81d315db27b54ad5d6d34f6587389cf475a9e9139ea1e784dd2fd03084139227d197131d8d0d2d34ad5f21d62,6/4/2025 9:00,RAIN,DAYLIGHT,DIVIDED - W/MEDIAN (NOT RAISED),WET,50,E,WASHINGTON ST,9,4,6,41.88333091,-87.62603979,POINT (-87.626039789767 41.883330906895)
6a713ab2271562391fee4825482a3f54c6204cbe69e5886df0985329d675b678731716105f20306f4fac8dea235c9a932e96824d317f58455fafc245df00d725,6/4/2025 8:45,RAIN,DAYLIGHT,ONE-WAY,WET,23,E,MADISON ST,8,4,6,41.88196162,-87.627028,POINT (-87.627027995281 41.881961617623)
27130032dc83b3c6a7a528d0a0fcad1229544e33f3d892527499edc21502d94b376223ead67abf4b8374452dd6bceb2cf7269150342b644c6ff29c1488278933,6/4/2025 7:30,UNKNOWN,UNKNOWN,NOT DIVIDED,UNKNOWN,240,N,CLARK ST,7,4,6,41.88678806,-87.63114739,POINT (-87.631147388391 41.886788064498)
18576a6554b7d2db94373dc02cc23b888b077d1bbbe5921369b43da01e5cee1539c7219db8bdd29250bde28cf0c16fb05c82ff04216860ef38d2ffbb0d327ad3,6/4/2025 0:45,CLEAR,"DARKNESS, LIGHTED ROAD",RAMP,DRY,400,E,LOWER WACKER DR,0,4,6,41.88755113,-87.61735601,POINT (-87.617356008287 41.8875511317)
f32418e32e88ac117d181f67d91b49c7e68f89ec21026aadc0efbd022771c13af3455bfa4b75215bc5e4cd2077c3c66f0c6a9f45be2f382491d2290eb5f2d4e8,6/3/2025 23:55,CLEAR,"DARKNESS, LIGHTED ROAD",FOUR WAY,DRY,99,S,MICHIGAN AVE,23,3,6,41.88089278,-87.62418953,POINT (-87.624189527131 41.880892784602)
8855b17fa20d9382f91ad781f42530929dceb98f4b8dd6112a015ae81a98ba5045fbf3e8164090b1a7eb433a65511535b3d5edd16b738cd90dca6e780b692b85,6/3/2025 23:00,CLEAR,"DARKNESS, LIGHTED ROAD",DIVIDED - W/MEDIAN BARRIER,DRY,431,S,MICHIGAN AVE,23,3,6,41.87625071,-87.62412547,POINT (-87.624125465648 41.876250711767)
f504c23a05386c853e23df6a6334f55748756d0029f66accd6ded6c2a69b142f629e79a47e92a3cf51b13cdfb02c5c902e9415b8a6d361ac46c1e5374ee021b4,6/3/2025 15:45,CLEAR,DAYLIGHT,DIVIDED - W/MEDIAN BARRIER,UNKNOWN,320,S,LAKE SHORE DR NB,15,3,6,41.87785197,-87.6175651,POINT (-87.617565097783 41.877851967083)
c148c76f01d99a657d9d27260bcb6ba039bbc8e9ed0f9b6096f435e6b9ce2bc4feb144d1426af76d08a9fe4e4a6f40a7ff4d0eb126bf76515cf52515d5cef0b9,6/3/2025 15:18,CLEAR,DAYLIGHT,NOT DIVIDED,DRY,90,E,MADISON ST,15,3,6,41.88221578,-87.62466703,POINT (-87.624667026282 41.882215783118)
d6fda9aae2325e88d51f74d7bf006444fc6213fc36195cac367f28250820a11b3074c5c11dd07a234cddbb56e4a98a0c0a83707635f911701ede649fd781f681,6/3/2025 15:00,CLEAR,DAYLIGHT,UNKNOWN,UNKNOWN,1,S,WABASH AVE,15,3,6,41.88201781,-87.62606599,POINT (-87.626065993066 41.882017806426)
68ff6d7a3e606233b64a2ad3ff2a21446fc7826a8d2d4d8263e92cb24f95147e0087da8da53b762f64e47acaf4f95481fb1ddc718e8ebb005ff17ef032d4bec5,6/3/2025 14:45,CLEAR,DAYLIGHT,FOUR WAY,DRY,100,E,LOWER WACKER DR,14,3,6,41.88843209,-87.62442469,POINT (-87.624424686932 41.88843209205)
e9d36523768b524ce05e1918b32583300c3b64d542dfe32aade4b5041e3c595aca789aca9ae58e4d283eda8a16e9471a1d8bee852abe9c0f2f2f48d970b3774e,6/3/2025 14:30,CLOUDY/OVERCAST,DAYLIGHT,NOT DIVIDED,UNKNOWN,55,W,WACKER DR,14,3,6,41.88670693,-87.63006619,POINT (-87.630066190146 41.886706932286)
257f879f19a986d475413d254f9336ffdd55ebf4e4bb59f113c22c2aed4aa0de4a2e79a0101b0c6a76ef6b0ad3972b96aeef2e8b8b8736d5e7972d3e797a8b57,6/3/2025 13:50,CLEAR,DAYLIGHT,FOUR WAY,DRY,100,S,LAKE SHORE DR NB,13,3,6,41.88085605,-87.61763589,POINT (-87.617635891755 41.880856047671)
d8459e0046fc4f9d88d8f10979db62b842d37d76e491066bb42fe4fd441edb0b84f9fa6b74ffdd07ae4e8ca4ad8a674cb221c1da3cf3be7f0cb7d7519cf83bb5,6/3/2025 13:00,CLEAR,DAYLIGHT,DIVIDED - W/MEDIAN BARRIER,DRY,151,E,WACKER DR,13,3,6,41.88799989,-87.62256513,POINT (-87.62256513256 41.887999887349)
18a7d5a13b1884d0dc1555c0da655e3e25fa10d12f249a0fe1942a4f4ac548ef2be7a2e86a2c12c45868bc0c813a198e6dd384d952e47c1518476fdc1772e363,6/3/2025 12:00,CLEAR,DAYLIGHT,NOT DIVIDED,DRY,352,N,CLARK ST,12,3,6,41.8889586,-87.63120054,POINT (-87.631200535882 41.888958604423)
938fcb6cc3421282dbfc511ddc02de9d9a6dfe24fc58f210ee36c79e8dc035088c85201fd7c46c75e861fa44fe8177941cd462fd5ff1ecf285684a3d123966a5,6/3/2025 11:00,CLEAR,DAYLIGHT,OTHER,DRY,600,N,WABASH AVE,11,3,6,41.89253115,-87.62689596,POINT (-87.626895964473 41.892531148205)
a220744ea1eec239889fe56eaafec0c58b85d7f31eaee9b24854bf6c14e287f06f089b0a5145eaeb14eb2fe12984c4a47c849bf6b27e49ee8b117a9b0f7095df,6/3/2025 8:14,CLEAR,DAYLIGHT,DIVIDED - W/MEDIAN BARRIER,DRY,70,W,WACKER DR,8,3,6,41.88704226,-87.63053276,POINT (-87.630532758082 41.887042255715)
806db714e714933c0de6c11285b677e03ef38d244ef211a85c6b4f63b63229c10d3d6bcc24e608fd35534c0c2582e393ae957a0c81151752f410ec4e16998134,6/2/2025 19:10,CLEAR,DAYLIGHT,DIVIDED - W/MEDIAN (NOT RAISED),DRY,111,S,MICHIGAN AVE,19,2,6,41.88052782,-87.62420947,POINT (-87.624209465859 41.880527821931)
18957100b90a2c44a33d0645535e6c4d99c2a4c9decc707a3d400dc802bf3fdfafcea7b7c367345ea878c0147d6a8589e2c8b8bd8b1ad00aaf995a3c137875a4,6/2/2025 17:00,CLEAR,DAYLIGHT,TRAFFIC ROUTE,DRY,400,E,MONROE DR,17,2,6,41.88102972,-87.61728157,POINT (-87.617281566405 41.881029716883)
c77a24f36ab8769040c08d7010d8ab7a3da69369123212f8f9399efbb316aa4245473edea7615eb8fae085911069aaf05c97d3ac88a20ff4566e68cfe7e3b167,6/2/2025 16:38,CLEAR,UNKNOWN,NOT DIVIDED,DRY,181,N,DEARBORN ST,16,2,6,41.88535046,-87.62933739,POINT (-87.62933739296 41.88535046357)
75ae161662f7afef866dfdcb19cbc8db877d1ea56725073478d54cacb5f395f3f1208dd1369defb69cf2f8c25202539a120b1316fcae052c8e0327eb39ab3696,6/2/2025 13:02,CLEAR,DAYLIGHT,ONE-WAY,DRY,321,S,DEARBORN ST,13,2,6,41.87764956,-87.62913628,POINT (-87.629136275256 41.877649558367)
a006567ae4bf71dc91d20032d1dd1dbc7eea4585c43051b9ed9d7f9439e857fa7c3ac6bbfa9c56ca985eca1a642faac9d670475d48fc1895275f9976e32e8f68,6/2/2025 12:28,CLEAR,"DARKNESS, LIGHTED ROAD",UNKNOWN INTERSECTION TYPE,DRY,200,W,WASHINGTON ST,12,2,6,41.88332002,-87.63393327,POINT (-87.633933267711 41.883320022301)
b3de892f54f3be6b3c0869389c52df7623002234f65da409343568ba98d70c4d81bc16d31f45e7a8e7fb701e690340fcd3a935e903b3fe50309b9950c9c86f54,6/2/2025 8:27,CLEAR,DAYLIGHT,DIVIDED - W/MEDIAN (NOT RAISED),DRY,301,S,LAKE SHORE DR NB,8,2,6,41.87831701,-87.61705213,POINT (-87.617052125371 41.878317010667)
365353a8fbb2a9b2458fd7ae97c959e20fe2f7c64b7a74f9c9d4821f57c074a1ef6afa275cebda1c8f47c996d52e9443dcf6b30e83840900ef6267c6a4eb7256,6/2/2025 5:50,CLEAR,DAYLIGHT,FOUR WAY,DRY,302,E,WACKER DR,5,2,6,41.88805687,-87.62051272,POINT (-87.620512722977 41.888056869669)
ec6eb7ee2f703ec42706e5a75bfc950df4025e86c1f6d87cc275134470bf3c6361754f745c1bfcd3826567bb583e89152e9e416c110bde6dd2d902fa7f89235d,6/1/2025 18:00,CLEAR,DAYLIGHT,PARKING LOT,DRY,50,E,OHIO ST,18,1,6,41.89261824,-87.62616035,POINT (-87.626160348476 41.892618240004)
b252480967e92de1e63ee59b19cdd17a3ac97fdef643e1c35471af37859be8fa28687d29eb2b9b8061dca67dbb32ca1f83bc936df3af0dd2f6af827f715948ff,6/1/2025 17:46,CLEAR,DAYLIGHT,T-INTERSECTION,DRY,233,W,WACKER DR,17,1,6,41.88670999,-87.6349351,POINT (-87.634935102448 41.886709988832)
b1a0a3442808d683c9e16b60f8999f1370358e4fd07cc946d7a733f6e45c2e4c8b91537ea34cf5005db2186231b1d0eb5c375aeb1bd8c7c4f26d6658fabf88e3,6/1/2025 17:00,CLEAR,DAYLIGHT,NOT DIVIDED,DRY,158,E,GRAND AVE,17,1,6,41.89186427,-87.62304349,POINT (-87.62304349368 41.891864266616)
b3510616cdc787bf940d696c46640df048418de955fa71834723902db0c6e5aed7bfec0a14c6435cb3d21b3f15c78bad5a9631284f75329e6173e592a9d329b9,6/1/2025 16:49,CLEAR,DAYLIGHT,DIVIDED - W/MEDIAN BARRIER,DRY,357,E,LOWER WACKER DR,16,1,6,41.88744221,-87.61815036,POINT (-87.618150358206 41.887442205132)
77d50d0731aac6ef3b8037b404f4e1f2a2fb33e36a8620afe06545f70a010e4e5df8f6cb0a5f74600603f92a3973d98bd01770c09033558fd061e7983f4c1cb7,6/1/2025 8:17,CLEAR,"DARKNESS, LIGHTED ROAD",DIVIDED - W/MEDIAN (NOT RAISED),DRY,300,E,LOWER WACKER DR,8,1,6,41.88808207,-87.62050117,POINT (-87.620501170849 41.888082067345)
aee77db246a05f2a8aa29d5d68c99107221590343cdc9dbd41a853ca37a04c12ae6114b1db7a68017261286539d54110fd8491a59dd656fa2add2366abaa714a,6/1/2025 2:03,CLEAR,"DARKNESS, LIGHTED ROAD",FOUR WAY,DRY,100,N,STATE ST,2,1,6,41.88324838,-87.62801718,POINT (-87.628017180253 41.883248379666)