CRASH_RECORD_ID,CRASH_DATE,WEATHER_CONDITION,LIGHTING_CONDITION,TRAFFICWAY_TYPE,ROADWAY_SURFACE_COND,STREET_NO,STREET_DIRECTION,STREET_NAME,CRASH_HOUR,CRASH_DAY_OF_WEEK,CRASH_MONTH,LATITUDE,LONGITUDE,LOCATION
d167eae0a1b95d35d1a3e9a7aea39df2d3e1a0be508b07ddac892805b7944ed340c8ed35c58b9a5cd5d8e80d4ad27226279d0ec8318c8704c65c3d17961c782f,5/31/2025 22:20,CLEAR,"DARKNESS, LIGHTED ROAD",T-INTERSECTION,DRY,153,E,GRAND AVE,22,7,5,41.89163945,-87.62333085,POINT (-87.623330853303 41.891639453393)
21b5fd08cfb4ff314ca26593be7799785a15905a85f8119a969b7c7f8fce0dcb242f5ebd7cba51b7067165f50deb5bd83d62934808fa1cd0032033c1d6c37a88,5/31/2025 21:30,CLEAR,"DARKNESS, LIGHTED ROAD",DIVIDED - W/MEDIAN BARRIER,DRY,200,S,MICHIGAN AVE,21,7,5,41.87948933,-87.62449812,POINT (-87.624498124934 41.879489328698)
97b89e2d52d6a859f2d748707ccc9bd63851a2b66bd69cdaf826f4462005b322b80aeea8f0c9899b9a072e94b6823b4e4e25c8566cb0110b6f50bad486055d17,5/31/2025 21:26,CLEAR,"DARKNESS, LIGHTED ROAD",DIVIDED - W/MEDIAN BARRIER,DRY,98,S,LAKE SHORE DR SB,21,7,5,41.8809827,-87.61763334,POINT (-87.617633344219 41.88098270091)
6a2f9593ce17b71a48587e6fd55912133eff9ed80361a62e9fde248f22786f715ce033bb80f4f2262c74079a3044a6ef1eadf64cfa8fda145166c19066395bd6,5/31/2025 20:15,CLEAR,DUSK,NOT DIVIDED,DRY,300,S,LAKE SHORE DR SB,20,7,5,41.87831013,-87.6175759,POINT (-87.617575903416 41.878310134581)
9bd9d75399610a56d2262f2e37e5f686719bb5100de9a09b23d5964c6d9c38dd19a23a82081f434f01e532109dfaa202457e525815236129c03d0ec179aee984,5/31/2025 19:51,CLEAR,DUSK,FOUR WAY,DRY,100,S,LAKE SHORE DR SB,19,7,5,41.88085605,-87.61763589,POINT (-87.617635891755 41.880856047671)
300d7ec13a584a864ab65cc36001d0e4da5dae53d6d17cd69258fc14b657d78c2297fb58199d81fa89ef8b83faba4bf46884b7ac617852a0f1b4f5ccebdf6513,5/31/2025 19:45,UNKNOWN,UNKNOWN,ONE-WAY,UNKNOWN,405,S,WABASH AVE,19,7,5,41.87681735,-87.62590668,POINT (-87.62590668198 41.876817351329)
51b955275ea9937bbadf17c57a5957e681e4e085eba861041f2dfef5b2298662d4e7e7b93fbcaf211332059754c3e18f247965a181ad7651312dfbd77036789a,5/31/2025 17:43,CLEAR,DAYLIGHT,DIVIDED - W/MEDIAN BARRIER,DRY,221,N,LOWER COLUMBUS DR,17,7,5,41.88624571,-87.62057696,POINT (-87.620576961118 41.886245713253)
a56f7c48672232ac98daa9164462e54d3b6ed355148b784eee13b0d8670bf723e56ff5a2d777bfd262df4c1097e53cdb4d0d7d3ff9e6771cfb0571a4062a40e5,5/31/2025 17:43,UNKNOWN,UNKNOWN,UNKNOWN,UNKNOWN,272,N,STETSON AVE,17,7,5,41.88686962,-87.62247372,POINT (-87.622473717602 41.886869616501)
13473e43920ba45e54145613e9b9dee4803b56f8f23aec5effffbcc1ca5b645dee7856cf20e3bfd17977fa1ae16fa851b805202e714b34578e28c52965529d1c,5/31/2025 17:00,CLEAR,DAYLIGHT,NOT DIVIDED,DRY,40,E,IDA B WELLS DR,17,7,5,41.87579637,-87.62613976,POINT (-87.62613976308 41.875796371188)
eac9570150f6a309b44fff9ffd57f0564707baa33cffb0ec0d5300f03e84d7e2c94905bb4bd1782cf68df61ed9dc3b680476ad73bb1b83405fd752e8ceed81fb,5/31/2025 16:30,CLEAR,DAYLIGHT,OTHER,DRY,476,E,RANDOLPH ST,16,7,5,41.88449035,-87.61437148,POINT (-87.614371477963 41.884490345144)
2c73f48b2bb5569bd4a39401a0ad1a3693c1180a4d34de2d927988e055c83581a8d132da3b22503ac23bf069c54fc3ca8fafe6145ad8776e1ddbce94365203a9,5/31/2025 15:15,CLEAR,DAYLIGHT,NOT DIVIDED,DRY,183,E,IDA B WELLS DR,15,7,5,41.87563972,-87.62240375,POINT (-87.622403745982 41.875639716826)
68d706057230be04f36a15a163c69a82d343ab216d0118ffaa4345e20914e9957a89b72aa0c1c389d2d420c55e0f75f658cf974523318e73adc578f73b3a3bd4,5/31/2025 10:45,CLEAR,DAYLIGHT,DIVIDED - W/MEDIAN BARRIER,DRY,150,N,MICHIGAN AVE,10,7,5,41.88453096,-87.62460204,POINT (-87.624602044601 41.884530963783)
3a30f86ba2f3c8469b814c52b96249401b96566549e9a787940c11ef8c977e0d52f68897f8f3533888ea877baee23780e93c6a6c8fea48df0a589f7b4d7bc74d,5/31/2025 10:00,CLEAR,DUSK,NOT DIVIDED,DRY,555,N,ST CLAIR ST,10,7,5,41.89252618,-87.62254141,POINT (-87.622541413745 41.892526183076)
6a0728766ed64e486e98c24c1b1245b4d5ff9f99a8ade5fe0fa6d3d9bfdede271303ddaa9a0d436ce1efb6c539bbc41cceaf69bb3af9c18cb3991f272ab1e12f,5/30/2025 20:20,CLEAR,"DARKNESS, LIGHTED ROAD",FOUR WAY,DRY,300,S,COLUMBUS DR,20,6,5,41.87826558,-87.6208223,POINT (-87.620822302974 41.878265577833)
09445b054b31b7dca9a6a3d30554a27702fe259c59f8386955f36784f2f83f83edd09e92c9bc3a0059a42b28fb22282475c121ea2053573e734cc3ad42030760,5/30/2025 19:18,CLEAR,DAYLIGHT,FOUR WAY,DRY,300,E,JACKSON DR,19,6,5,41.87844405,-87.62051796,POINT (-87.620517957578 41.878444050454)
70f1f8d8ea80c9bf5f4fc065f7ddda54c78e4056778f02b13d5ae475d0f1dfcadd171e567b192595b0d112da43834d918212ff283c5945a601a550c61c454a89,5/30/2025 17:35,CLOUDY/OVERCAST,DAYLIGHT,FOUR WAY,DRY,100,E,IDA B WELLS DR,17,6,5,41.87583508,-87.62421289,POINT (-87.624212886292 41.875835081627)
b85bc0b9999420c52ff8401c94957674e185e963c7d442cafaf08f40e665e83a39f46d3c7bc2b781eb73fb5b628c925f73be673864c1e3b2d408c2eeedbd9649,5/30/2025 17:20,CLEAR,DAYLIGHT,ONE-WAY,DRY,15,E,MADISON ST,17,6,5,41.88195738,-87.62729556,POINT (-87.627295561797 41.881957380932)
78ad072eec8ceacad9fe850f7ec3fc32408b5349826ee1424a58e391ff7ac1cba7aec6e4f2ee6f2937aad2f47a29477956eb2129250af92146b906f0216acf06,5/30/2025 16:48,CLEAR,DAYLIGHT,NOT DIVIDED,DRY,100,E,RANDOLPH ST,16,6,5,41.88457722,-87.62440363,POINT (-87.62440363391 41.884577219487)
1078ac9c65d5e0395310bf089dbad57374c5fccfee5b9c8e5d79121f437924d41b01abfb2f127f210726db36d647b74650d72c45fe090368f592347a5e533368,5/30/2025 15:00,CLEAR,DAYLIGHT,OTHER,DRY,233,E,WACKER DR,15,6,5,41.88779017,-87.62127871,POINT (-87.621278712913 41.887790172258)
def23750200eebdd0e6e4be80ed0795abf287197abe826f3d2abea9fd7171d07482438deaaab121f6a952a00cfa79912dbef5f7128b4720a272dd16567f88e7e,5/30/2025 14:24,CLEAR,UNKNOWN,NOT DIVIDED,UNKNOWN,78,E,VAN BUREN ST,14,6,5,41.87711303,-87.62479821,POINT (-87.624798214015 41.877113027655)
0f447d65bee836809b8dbcbeab7b67bb754d3e1d9923f8ad8958327d34dc660fe88958e62eb39b44fe99f87bf8d1d8cf0911a96fec465f593b7f71af84da882e,5/30/2025 13:50,CLOUDY/OVERCAST,DAYLIGHT,FOUR WAY,UNKNOWN,401,N,MICHIGAN AVE,13,6,5,41.88935425,-87.62410246,POINT (-87.624102456243 41.889354251928)
980d779355c959a092f8f8083c34af014fa52b8b2269c5ae8ce52398fd69c8bd254a87b8070597826ce9635fb0210d970b2c1b327456a298c48ce0217dbab625,5/30/2025 12:15,CLEAR,DAYLIGHT,OTHER,UNKNOWN,511,N,COLUMBUS DR,12,6,5,41.89140488,-87.62008123,POINT (-87.620081229738 41.891404880694)
e7b94615ebbf988814cda883aa505eb598cea6edda97169aea5e32dfa5bcdad204e2f30e7d219e31d91d0539effd52aee684b232b21b69577ef887100620841e,5/30/2025 11:27,CLEAR,DAYLIGHT,FOUR WAY,DRY,201,N,CLARK ST,11,6,5,41.88601805,-87.63083646,POINT (-87.630836456915 41.886018052969)
630ff453dc82ea0308a5bb8b93a28a69834c583b54bfb13649570efab01fde36193cc1b34821161de822b9d08e894d393e3e90c1b3a35e0b0832212364431ce9,5/30/2025 9:20,CLEAR,DAYLIGHT,DIVIDED - W/MEDIAN BARRIER,DRY,401,N,MICHIGAN AVE,9,6,5,41.88935425,-87.62410246,POINT (-87.624102456243 41.889354251928)
aae51cfbb8f89d9bfffa401463f2361aa99c1da59f7867ea3efa2e62505c2bf6afbcd8da7862688b13e4ca0c80a1cf1513dade55e62b4cd1eb52c06cda2e38a3,5/30/2025 8:35,CLEAR,DAYLIGHT,NOT DIVIDED,DRY,233,E,LOWER WACKER DR,8,6,5,41.88777617,-87.62135836,POINT (-87.621358362885 41.887776172574)
f83490cf2bde286c283249243dee7ac9476b6187499a6f9767b86d2cdde57bc48fa24f24dc96b5eb325a3978843e1d6ce6182363225ceca81edb775774d8a426,5/30/2025 8:35,CLEAR,DAYLIGHT,NOT DIVIDED,DRY,62,E,IDA B WELLS DR,8,6,5,41.87581079,-87.62532083,POINT (-87.625320834268 41.875810794019)
83c15cb6ab677f057e22e8bd5881e4daef80cf0e5dde7aa910aff0b996a383da744399da0ac7a6a844963d695cb1f4eb0fef3a0821053ba713569c03061d0c5e,5/29/2025 21:54,CLEAR,"DARKNESS, LIGHTED ROAD",ONE-WAY,DRY,201,S,CLARK ST,21,5,5,41.87938491,-87.63067226,POINT (-87.630672264551 41.879384914882)
02e8532cd9746961dd6ffe5fdfe0d221bf3fe78198e49e98d41094d2597b8da37dd942c653b801aea5ffef4f5e932b2c45b31b640742f6a20207e88a15ddc5a4,5/29/2025 21:50,CLEAR,"DARKNESS, LIGHTED ROAD",FOUR WAY,DRY,79,W,WASHINGTON ST,21,5,5,41.8831006,-87.63037688,POINT (-87.630376879929 41.883100602284)
78cd3ef15981e80fa30407aba336602b99a94a3d8378f7ef31ace2d6724fa6282187463d6b7fd2400c9341aa65a772a5e47be4999b5e31a093bf236c24f9a3bb,5/29/2025 19:45,CLEAR,DAYLIGHT,NOT DIVIDED,DRY,101,N,STATE ST,19,5,5,41.88325137,-87.62772344,POINT (-87.627723435953 41.88325136575)
36bb1ce76a57795987541a506856403bec4536fcb00ad81741e18857f7f5426a080b9e6cc678d8c56f48a1100e6afd7abee34564e29b47fca6da89861a7f140a,5/29/2025 19:00,CLEAR,"DARKNESS, LIGHTED ROAD",ONE-WAY,DRY,400,N,WELLS ST,19,5,5,41.88919802,-87.6341573,POINT (-87.634157296675 41.889198021771)
b440f5e7f4c30bcdb6a9e442f743f0e8e9aa15bf85d8f4709fcfe57bd8073fd6137a5c5eaebdaaf6dbfdc5f02087cb3347e7a7a7a6ac9a5806e3de24dc67553a,5/29/2025 17:45,CLEAR,DAYLIGHT,NOT DIVIDED,DRY,98,W,LAKE ST,17,5,5,41.8858514,-87.63093706,POINT (-87.630937058921 41.885851400986)
536ba159150ac471182dea0c1d98b4fe0bdf47cc1c34eeed640bae3e36306915fa831903a9efd8037567de6a5a576ec10de3f61562c4a1d5f01cff4515d159de,5/29/2025 16:21,CLEAR,DAYLIGHT,FOUR WAY,DRY,1,N,LA SALLE ST,16,5,5,41.88199007,-87.63221288,POINT (-87.632212875914 41.881990073783)
5cafb52ba9662ff7f8f91cbaefb6727140771d74b397926261fa65e7bdeafa1bcfae319a5098862e0690be81f39f43a79fdcc4fb963c9d264cfb37d92ae37fd7,5/29/2025 15:45,CLOUDY/OVERCAST,DAYLIGHT,ONE-WAY,UNKNOWN,540,N,DEARBORN ST,15,5,5,41.89204537,-87.6298123,POINT (-87.629812295962 41.892045373175)
8bc447f74bec475dbd4c7e5bc84118aa5bf8cac072eb2c8ddcb9d0083085ac3e7bb0722697cbbb6e61e1d714e3b29ec01ced791edd0415bfbc168f66230a6f3a,5/29/2025 15:45,CLEAR,DAYLIGHT,DIVIDED - W/MEDIAN BARRIER,DRY,299,S,LAKE SHORE DR NB,15,5,5,41.87844452,-87.61705509,POINT (-87.617055092582 41.878444515253)
bddabb50284b0f6c9f25df2c1fea93036abb9e6b7c83dcb13aaa2d4fd518182b6fc1443d69c21d9e179824a6e22bd6fad4e5a5db85036b2256e5ea621e5b8bb1,5/29/2025 15:00,CLEAR,DAYLIGHT,ONE-WAY,DRY,50,E,OHIO ST,15,5,5,41.89261824,-87.62616035,POINT (-87.626160348476 41.892618240004)
a918fd4d68ad419ee14081ca63c1b62bc1a08536061de8c2141acb4b03873d3351c27e0031ec73492897be384653009e95b37c3ff0c863454661ce88633ea023,5/29/2025 14:00,CLOUDY/OVERCAST,DAYLIGHT,NOT DIVIDED,UNKNOWN,121,N,LA SALLE ST,14,5,5,41.8837646,-87.63227535,POINT (-87.632275353537 41.883764598103)
6636a803b6cddbb39643e5c4fcc1b4d8ff322d2292e64882e7d6ae4e9c133e83555c048054acabdfef9c9c5b0c97340ba581b87617a6ca94d9746b0eddcf9689,5/29/2025 13:13,CLEAR,DAYLIGHT,ONE-WAY,DRY,2,N,MICHIGAN AVE,13,5,5,41.88216417,-87.62451427,POINT (-87.624514273622 41.88216416733)
8627ae2f50b21adbf5855dc4d2d245796a7e4fe47695d57fa221986fa2eb4b281b7b747f646e0090eeffeca907728421ebed9b8f47593afd40c2900652e5940a,5/29/2025 10:06,CLOUDY/OVERCAST,DAYLIGHT,ONE-WAY,DRY,190,S,WELLS ST,10,5,5,41.87942118,-87.63389941,POINT (-87.63389941393 41.879421180569)
42e6d94f259c7aa10eae9f2970fca754545212d05bf4018c89e9256738035e0daec21a924bc277364e480b9d0436077a5558d80457916f89bd3db392a54ffdfd,5/29/2025 9:40,CLOUDY/OVERCAST,DAYLIGHT,ONE-WAY,DRY,98,S,CLARK ST,9,5,5,41.88075872,-87.63100131,POINT (-87.631001308878 41.88075872354)
3ef2ba38498c745b8021ae748a9f483d5b5f02d67524bf22f06d4bb5568f8ecd8bffe7a7fd817403b6c1b1ff1f7b1a79c2f794af81acb8e46ec9876d349af4ea,5/29/2025 7:40,CLEAR,DAYLIGHT,ONE-WAY,DRY,15,S,DEARBORN ST,7,5,5,41.88172479,-87.62924655,POINT (-87.629246553282 41.881724794819)
8f586bcd964e0294d05d7ddaa7cdefc5f42fa4beb20517c7af9d871be3e1388c71f81ba88e85957a077d7acaecf4d9cb2d96713e67d4785066fbcdfea53aecc4,5/28/2025 19:45,CLEAR,"DARKNESS, LIGHTED ROAD",ALLEY,DRY,1,N,STATE ST,19,4,5,41.88211763,-87.62767361,POINT (-87.627673612189 41.882117633495)
bd1e8eac922f5e03f0ac59e63bd03f516afb223138d95fd03b7f43ec33e122a408c7e7c7445e752d029a7c20e8efc1d0fde8f424677d2a976ee6f73e66d6a6f7,5/28/2025 17:00,CLEAR,DAWN,UNKNOWN,DRY,112,E,LOWER WACKER DR,17,4,5,41.8884266,-87.62397517,POINT (-87.623975173564 41.888426596116)
8fabf303e621db9ce7a1f2333a8c2624f16ff04a23bdaf54ed425635373c1b1e0e9ba6763db5de6d8a4f1b6253b6db14d7540d751caff31066a6d249b2ce9e18,5/28/2025 14:15,CLEAR,DAYLIGHT,DIVIDED - W/MEDIAN BARRIER,DRY,300,N,COLUMBUS DR,14,4,5,41.8869732,-87.62084833,POINT (-87.620848332588 41.886973200874)
e79740d34a381607e68d0992d23275fef0b8b603254e1108e55ec807ee93abb001f878ee3d79e40d0dbca9b00abc0e6eaaea796df23a4c5850c030d8be4973ae,5/28/2025 13:30,CLEAR,DAYLIGHT,NOT DIVIDED,DRY,300,N,MICHIGAN AVE,13,4,5,41.8868758,-87.62468519,POINT (-87.624685186707 41.886875795392)
c0cc90e4f8c299d78f8bd02f95e529117ba3100089c4988a5e602d12a33659845ad6f0abd54b43727c1c32004708f7fd8fdf2ab238d205ec93da375bae86a91a,5/28/2025 9:00,RAIN,DAYLIGHT,NOT DIVIDED,WET,182,W,LAKE ST,9,4,5,41.88584049,-87.63341197,POINT (-87.633411971423 41.885840488049)
f8b91b6a6567231bbb5127019f1146fd4b6e6e621cf36a4c5e3b1366b6cafa070e53f61bb24edc66c25e41996a5cc73eb305961fb59fb9aca24b827e75732087,5/28/2025 9:00,CLEAR,DAYLIGHT,ONE-WAY,UNKNOWN,333,W,WASHINGTON ST,9,4,5,41.88309304,-87.63628635,POINT (-87.636286354918 41.8830930399)
41b76b9e0a6ef80521a03ddc036620019a87f5742ba556682d8d7cc03586424a8a9b23f79a958d056e23f4e58e38e23ceada0f17e2645157975f9f4bf2d8b6e1,5/27/2025 23:16,UNKNOWN,UNKNOWN,DIVIDED - W/MEDIAN BARRIER,UNKNOWN,350,N,MICHIGAN AVE,23,3,5,41.88791482,-87.62470722,POINT (-87.624707222724 41.887914822136)
a3932c7723fa1018edaf10f0b77068eb7bd6e04052333723acf6fcfeafc810233118219d079b9d0317c373c84a6aa4499b65870eafb2997ed3c876cb9e18ba88,5/27/2025 21:30,CLEAR,"DARKNESS, LIGHTED ROAD",ONE-WAY,DRY,524,N,DEARBORN ST,21,3,5,41.89160128,-87.62979671,POINT (-87.629796705231 41.891601284754)
310994de46a745f4ab535802cbb62c7d74e4499d86e8a761f9d052a6e00d8a4e33d3f6f95e3e6e4cc05690a7c69345b05545da86a2cb362e32b1a65224cc552d,5/27/2025 17:00,CLEAR,DAYLIGHT,DIVIDED - W/MEDIAN BARRIER,DRY,387,N,MICHIGAN AVE,17,3,5,41.88886291,-87.62422137,POINT (-87.624221365409 41.888862911866)
4831592c6a5ebb5839a13a2c0e9bcbdbf0f46e916e6f8dce979c15a2a3911b7484c693e880ce6a5a73fec26482d5f3070040d4c4bdd78fadd1aabfb6cfb12dfa,5/27/2025 14:30,UNKNOWN,UNKNOWN,ONE-WAY,UNKNOWN,81,E,VAN BUREN ST,14,3,5,41.87689658,-87.62465145,POINT (-87.624651454091 41.876896579761)
119786246dfa4738f1a760586a4547fbc0173ee310412ec95d6b693794ef6521852379a7803a3a0e94d8fa7df5bcecb453fa1b5d222a90fa0f62cd1380d9c213,5/27/2025 9:55,CLEAR,DAYLIGHT,DIVIDED - W/MEDIAN BARRIER,DRY,201,S,MICHIGAN AVE,9,3,5,41.87949176,-87.62420439,POINT (-87.624204388826 41.87949176069)
1ad72fe5d9f65c6b61b3fa3f0d95b8d062b5abc669b0145e59df5e7eacfd41f66611458fd2a5e827b87ea6ad92c592f17098fc9244cd53e18e9646a911fc2b8c,5/27/2025 7:50,CLEAR,DAYLIGHT,OTHER,DRY,151,W,WASHINGTON ST,7,3,5,41.88309869,-87.63247868,POINT (-87.632478677709 41.883098685429)
1a9a38c99006ccdd2fe715d61d52de0277cc71e8f084a6c32c1d48d80d08dc012c1b2a0d95bd9d40a085af3d2025cca3f2300881f6ea25f10b9e49eb07ca8b1b,5/26/2025 16:00,CLEAR,DAYLIGHT,FOUR WAY,DRY,297,S,MICHIGAN AVE,16,2,5,41.87834204,-87.62415992,POINT (-87.624159915645 41.878342039832)
167289a45189f103868c20950c168607aa8385b5d7253a535a59962bb8252ef031a89127c66307748f4d2b49680b64f7f9523f4e2b7b1dfa4385283571344b63,5/26/2025 14:00,CLEAR,DAYLIGHT,ONE-WAY,UNKNOWN,158,E,GRAND AVE,14,2,5,41.89186427,-87.62304349,POINT (-87.62304349368 41.891864266616)
c28098d820a697b140a32cce0681d013e5594a5d62fff9d24fc330250066df0cdb33c3f09fec6283ad5f97fa9a674ab32d971afa436dd3206b821953712030ce,5/26/2025 12:45,CLEAR,DAYLIGHT,ONE-WAY,DRY,166,E,ILLINOIS ST,12,2,5,41.8910678,-87.62272779,POINT (-87.622727794854 41.891067795272)
a3acf9c83361b3b687a0c48af8084e52f2aa02048d790504cfccba7b6273e615ee795302f5179d75aefb829216bce7bc71f209e5aa5a6ab09955c7d09e6e0fe0,5/26/2025 4:53,CLEAR,DAYLIGHT,DIVIDED - W/MEDIAN BARRIER,DRY,150,N,MICHIGAN AVE,4,2,5,41.88453096,-87.62460204,POINT (-87.624602044601 41.884530963783)
232866f864f3639f596ad9a99faf2d9601c6ecbb39224c639c555c050d78914ce4650ecfea15f2def1af2ec3308388712f5f3a30acd1337cbeee62b90fe0a385,5/26/2025 1:05,CLEAR,DUSK,NOT DIVIDED,DRY,509,N,COLUMBUS DR,1,2,5,41.89133293,-87.62007988,POINT (-87.620079877845 41.891332929058)
c96dfc81f5dacf6864d03adced2813291ce05fa2332db65a9bdd5b5317a4c5daafd1a0f42796c8a061945a1065874cbda7d0d14c1c1bc32d6597e44d888dab2e,5/26/2025 0:25,CLEAR,DARKNESS,NOT DIVIDED,DRY,155,W,KINZIE ST,0,2,5,41.88906678,-87.63321745,POINT (-87.633217446553 41.889066784471)
ecf7b862cb0c0d3b6636256a0b05833f962d2087ff119f7b3dbd156b0b3b3d0a128a99288af189237668b0b5bbeb5e126d9e0e596bc260d3c59c95330bf3b4bd,5/25/2025 22:45,CLEAR,DARKNESS,NOT DIVIDED,DRY,29,W,KINZIE ST,22,1,5,41.88912777,-87.62925822,POINT (-87.629258216231 41.889127770061)
e482c70187ecaae291d6a6803bba0a6dce476839024ce3f0bd7b67708679c24b4ef24f4643115d4766f9f377a8a2c4747bfb248392220ede09053cdf1522521d,5/25/2025 19:25,CLEAR,DAYLIGHT,DIVIDED - W/MEDIAN (NOT RAISED),DRY,477,S,MICHIGAN AVE,19,1,5,41.87579106,-87.62411501,POINT (-87.624115012282 41.875791059222)
a10f45506b467fb8bd855fc02dc745e1c88d12d50c21bee9ac360568826f03e82b819fdca994c5a02b1369ba9f6b0ff9567637d87d6f32c14eee11bbb6d75e80,5/25/2025 18:15,CLEAR,DAYLIGHT,ONE-WAY,DRY,55,E,GRAND AVE,18,1,5,41.89159074,-87.62586714,POINT (-87.625867137245 41.891590741084)
ce0efc2ddbbb3881855d59641feb6efa2a99eb5e93feadc4e8e90c8310c6185dcd9fb0b217f57339af63e6f4596fb168363000f2285797029b8e1b04e6c247bb,5/25/2025 17:50,CLEAR,DAYLIGHT,NOT DIVIDED,DRY,240,N,LA SALLE ST,17,1,5,41.88678441,-87.63262706,POINT (-87.632627059079 41.886784406868)
46683096f17f82c5299ff9f9dd515fd127a5c25cd8386425e13b5154a1343fd4dfaf0e057c3e408d1ad992194ec72e522bb72eb91a682746cc35a83d8a375477,5/25/2025 15:57,CLEAR,DAYLIGHT,ONE-WAY,DRY,71,E,MADISON ST,15,1,5,41.8819873,-87.62528569,POINT (-87.625285684998 41.88198730447)
7af3bf8ca437bc7b1f4824319a1688084d0203c706368637c888ea95333ddd85dd2ed4b140c7b6995cbe4496e99c3317aa6e9481f029e359748d657363029b8f,5/25/2025 5:45,CLEAR,DAYLIGHT,NOT DIVIDED,DRY,497,S,STATE ST,5,1,5,41.87570496,-87.62747332,POINT (-87.627473318541 41.875704955508)
df08f1402ed121e3d3713511ee3f3dd4cc348751a834584d0b906ee951e1478cb3bc075c553a5cea8515f55c0b5ada1227de455321b71c42d193248f2965b86b,5/25/2025 2:40,CLEAR,DUSK,OTHER,DRY,318,S,FEDERAL ST,2,1,5,41.87762624,-87.62986197,POINT (-87.629861971218 41.877626240947)
a166e220af393dc21e98be85f1381d42fcd5c68a42fdcf4a5a05e2c4e9e0dd672300dbcf217da1a56b3743865e0358974dde9b3f93029c089afc6667b0863656,5/24/2025 23:05,CLEAR,"DARKNESS, LIGHTED ROAD",T-INTERSECTION,DRY,100,S,LAKE SHORE DR SB,23,7,5,41.88085605,-87.61763589,POINT (-87.617635891755 41.880856047671)
ba357e3f60307689ecbcf11928da1d4f6e9926b2291e2b18dab9ce5903e97e43bf9474963125448a28f01b58829cbec508b60bda42542edbb0c9515395e9060b,5/24/2025 23:01,CLEAR,"DARKNESS, LIGHTED ROAD",DIVIDED - W/MEDIAN BARRIER,DRY,87,E,WACKER DR,23,7,5,41.8881139,-87.6251724,POINT (-87.625172397513 41.888113901104)
6530f17ac11c3d8286be512dbfde633c3895773fe2e2bd4b9c599770ad036dec0bf072016290fc37e449d6521a3c9d08c7eb81ae0ebdef173fc32b7906261001,5/24/2025 20:45,CLEAR,"DARKNESS, LIGHTED ROAD",ONE-WAY,DRY,116,E,IDA B WELLS DR,20,7,5,41.87584255,-87.62366187,POINT (-87.623661873749 41.875842554555)
f1f4d722165d94b9a2c1976f09df259d46f8ee88bc55c4143ac48502662e5fc46176b08540801089debd2a38fb03c2f967b757686d5009a337cc57c677a0e108,5/24/2025 20:25,CLEAR,"DARKNESS, LIGHTED ROAD",ONE-WAY,DRY,410,N,DEARBORN ST,20,7,5,41.88963425,-87.6297443,POINT (-87.629744299862 41.889634252878)
14252c4581c9ed83ec4201168e5b547d263ea7cbc5bb4bcb37e2589a87fef58fde9284b03b99b29de21e746bf36e3950572a3f680776a714bf7c49d5976dcbc2,5/24/2025 20:20,CLEAR,DUSK,FOUR WAY,DRY,501,S,WABASH AVE,20,7,5,41.8756261,-87.62587904,POINT (-87.62587904087 41.875626101521)
62ec27b672d20704997aa6ee607fa5a3ac66714461b9c1db18190d855466fffff6bb460242caeef0918154b3f34fd8cac77764716bc2a85b2251c02b8e1c7ba9,5/24/2025 19:42,CLEAR,DAYLIGHT,OTHER,DRY,547,N,MICHIGAN AVE,19,7,5,41.89227134,-87.62402411,POINT (-87.624024113038 41.892271342675)
aa986528e6ea0ef1a047fa5ce642850d22a15314cd7f2eef5f4598087e307b54366364cbb479290a9ac6d12077ac58ad8d28ea6b4b953ff41e0884bba4ec8846,5/24/2025 19:30,CLEAR,"DARKNESS, LIGHTED ROAD",DIVIDED - W/MEDIAN BARRIER,DRY,420,S,MICHIGAN AVE,19,7,5,41.87647833,-87.62442325,POINT (-87.62442325267 41.876478329304)
ded792274af630dc96ebcc1e7dc43214c5fe7e603a3e10615cfc9e3f29a674496bd30980510752952e8ae6cb6776ebae8b83cb9f3749b205a92934a6194ba431,5/24/2025 17:37,CLEAR,DAYLIGHT,FOUR WAY,DRY,300,S,COLUMBUS DR,17,7,5,41.87826558,-87.6208223,POINT (-87.620822302974 41.878265577833)
452a69d6ccb32080c5f375dcf4d9ffddf596bf6d4938a8c7d753772f77c4df39def2cfd9f815372a9669359264fbb781d8aa43d9b2e7471de6e6a3f54166e441,5/24/2025 16:30,CLEAR,DAYLIGHT,ONE-WAY,DRY,99,E,ILLINOIS ST,16,7,5,41.89080356,-87.62541417,POINT (-87.62541416632 41.890803555257)
7f55b4a4ed52598c32d9f0b949f9d1af6314936fecc58476f21b9578b204744ed979e135159903f155c0d9c1d399408cae4e29b404bd82f88161d72964e56099,5/24/2025 13:13,CLEAR,DAYLIGHT,OTHER,DRY,300,S,MICHIGAN AVE,13,7,5,41.87821735,-87.62445584,POINT (-87.624455840297 41.878217345311)