CRASH_RECORD_ID,CRASH_DATE,WEATHER_CONDITION,LIGHTING_CONDITION,TRAFFICWAY_TYPE,ROADWAY_SURFACE_COND,STREET_NO,STREET_DIRECTION,STREET_NAME,CRASH_HOUR,CRASH_DAY_OF_WEEK,CRASH_MONTH,LATITUDE,LONGITUDE,LOCATION
3cc15c56e1f75989e68b3d54f01fba2b5a8d347365bc6c67436a717bb7b0b315a3b361d8532a6c5ce350edeed8f86dfd2ea9a01fe8989cbad76a9a77ee143e80,5/24/2025 12:55,CLEAR,DAYLIGHT,ONE-WAY,DRY,100,S,CLARK ST,12,7,5,41.88066287,-87.63099923,POINT (-87.630999232701 41.880662867542)
5be0f629b0311348b9f003f90d1d01315780bd754a98d06aaf521ba78400d6814403b685fb2f523eca038f2ded3d7d19a327be62662c1ff7f71cf2c73a7a600c,5/24/2025 9:19,CLEAR,DAYLIGHT,DIVIDED - W/MEDIAN BARRIER,DRY,498,S,MICHIGAN AVE,9,7,5,41.87578624,-87.62440868,POINT (-87.624408678665 41.875786239706)
29cf9068cdc44c048c682f23379f0c9526cb3fc2ba7044593cd02ebf07f204630b6d01b3695761b98d81ced279d546683d386e036d59bad1eb2905aa42e7e355,5/24/2025 3:08,CLEAR,"DARKNESS, LIGHTED ROAD",FOUR WAY,DRY,430,N,CLARK ST,3,7,5,41.89005827,-87.63122989,POINT (-87.631229887382 41.890058266028)
ef2742484258490e33ecdff065aa736ce0bf60bed4ba9e7b7b13404c8dde414935b0b71a1a467147f05ee2a24c982049cc06a56409c4065a4b25a3ab59799e79,5/23/2025 23:50,CLEAR,"DARKNESS, LIGHTED ROAD",NOT DIVIDED,DRY,23,E,IDA B WELLS DR,23,6,5,41.87556376,-87.62676314,POINT (-87.626763143303 41.875563758412)
a1b9d8516774289740a5ab41b0efbd4769f7cf22dd452d05a88503d82cf635e17a3bda4d55026e1fb9a819ef68fb9d263014e51cb5d050f39c100140b6ea335e,5/23/2025 22:46,CLEAR,"DARKNESS, LIGHTED ROAD",ONE-WAY,DRY,25,W,RANDOLPH ST,22,6,5,41.88437578,-87.62886588,POINT (-87.628865882038 41.884375776088)
56a4f627becf123118780f35b0ee388e711eedaa1549cdc16c35caf58a51eb32cc2364d94dbbf5c2794571e278d880470cb6aac07c2d02443a96b1bdf80dae8d,5/23/2025 22:05,CLEAR,DARKNESS,OTHER,DRY,235,W,LAKE ST,22,6,5,41.88562094,-87.63506653,POINT (-87.63506653339 41.885620943906)
276e5aa833b27e45bbf431cdddab419cdd9a2f4f6cd5845012c7bec6f6be159a29fbafa1d131da2c69592ce2f93ce2d815e8408c4cffd6e0ce9e82f2a38eb8ea,5/23/2025 22:00,CLEAR,"DARKNESS, LIGHTED ROAD",NOT DIVIDED,DRY,100,S,MICHIGAN AVE,22,6,5,41.88077066,-87.62448302,POINT (-87.624483017136 41.880770664748)
27acd73b1ef71cbdae76120bdd12445c823d7b96bb6a6a71d6d1dbcae603ac3aed2a8a3cef9ba8a997a5aaa1fab73a95a7042240bcc8f878911da6ba875b80d6,5/23/2025 18:37,CLEAR,DAYLIGHT,DIVIDED - W/MEDIAN (NOT RAISED),DRY,512,N,MC CLURG CT,18,6,5,41.89151789,-87.61783052,POINT (-87.617830522582 41.891517894531)
7ab63ea6044145268d16c0bf3087a1480bcf9bd157ca9fd51569f80860074bddb46d983e639a2bc14de45c01c67505d513e992238327b7fefba304f8e273bae1,5/23/2025 18:30,UNKNOWN,UNKNOWN,NOT DIVIDED,UNKNOWN,364,N,MICHIGAN AVE,18,6,5,41.88834353,-87.62464876,POINT (-87.624648761452 41.888343528092)
91668325813a4bfdaa3658923b5a307a58682bdb0610f74acdc350be8bb6e1ad995a4b365d755f1fff40b701d61fe16992160a168dd862bb4421caa7baabcf0c,5/23/2025 18:08,CLEAR,DAYLIGHT,FOUR WAY,DRY,98,E,WACKER DR,18,6,5,41.88841476,-87.62462467,POINT (-87.624624667855 41.88841476167)
62f1459d13e2becea5284658b4dde704dce67338aa0d1dccf862d6bb7a5f4dc16d12340aef083093ee9f474731c8d1a90cc262c4ff715310579034eeb8b29f64,5/23/2025 17:35,CLEAR,DAYLIGHT,ONE-WAY,UNKNOWN,455,N,CLARK ST,17,6,5,41.89078507,-87.63095804,POINT (-87.630958037359 41.890785070555)
a800f5009e4ecd9289596a535bb08148647b0aa1b7444ebd25ea51bcbb123925fc0988bfaf2699b6ea0122b86988b5b3358dcc67590fed5d0a52d0a1ee2687b3,5/23/2025 16:45,CLEAR,DAYLIGHT,DIVIDED - W/MEDIAN (NOT RAISED),UNKNOWN,33,W,JACKSON BLVD,16,6,5,41.87806166,-87.62897334,POINT (-87.628973342174 41.878061663756)
226bc8e235b300b1561946c28d4b448adf3210e132c7f304d510d84ede7436c0ca0803d3cd9fe00033e58afe7b4b41e3bd3d829e9a566f57cfdd4a38f0b5057b,5/23/2025 16:30,CLEAR,DAYLIGHT,ONE-WAY,DRY,180,N,DEARBORN ST,16,6,5,41.88534499,-87.62963108,POINT (-87.629631082697 41.885344987647)
326af7d9727f3a4a9cc6b384709daa2854fc9ab29b5ddb68dbc4cb07ae97a292ce5b44b75e1f6690879a282f62a9841499bd67f64d91462799a8ab479336e6cb,5/23/2025 13:00,CLEAR,DAYLIGHT,ONE-WAY,DRY,129,S,WELLS ST,13,6,5,41.87984151,-87.63362615,POINT (-87.633626147931 41.87984151215)
f392930f14ab62f9413480478d6cbc9853ad3a0d6103e9b14732c3d359db30a36c01f305459aad8ed7517437ae4cb4bdb9ba5830f986310f45ba11c7a4c98556,5/23/2025 12:20,UNKNOWN,DAYLIGHT,NOT DIVIDED,UNKNOWN,506,N,MICHIGAN AVE,12,6,5,41.89118514,-87.62428551,POINT (-87.624285505012 41.891185136084)
a109d04575ecdbd262952259cfec9bf0aeb4a3c4cb143e9771e3583eea0e0049338c53ae4582e0a887683c4239206d3d3eeb52025c071b47bbc8f99513f90108,5/23/2025 11:00,CLEAR,DAYLIGHT,NOT DIVIDED,DRY,318,S,FEDERAL ST,11,6,5,41.87762624,-87.62986197,POINT (-87.629861971218 41.877626240947)
19b47b806fedb8ab73f04ff911e9169b0b7062db44935fec70f62600be41588ea598089a604dd66a2ef4f9ab9d03939e9ac04dd823769e1ddd2e197e93ccd2dd,5/23/2025 8:46,CLEAR,DAYLIGHT,ONE-WAY,DRY,60,E,MONROE ST,8,6,5,41.88091068,-87.62550911,POINT (-87.62550910573 41.880910681031)
8837ce1ac97b09782140a82be241407d7cd36a8e086e65560b415c91012d466275fab1b8a46b3b14d1a135d7127f1eb35a962f34bf8851da202071f96a018c14,5/23/2025 7:50,CLEAR,DAYLIGHT,DIVIDED - W/MEDIAN (NOT RAISED),UNKNOWN,100,S,DEARBORN ST,7,6,5,41.88068672,-87.62951526,POINT (-87.629515257458 41.88068672141)
88228957f04827922c69d21dd2207a10d1c242136f613d651e199478801ec0c54de598bc9d51821bc56e08db2a401c6bbb16286ab90e5c6914a6d5c843a8bb8c,5/23/2025 5:18,CLEAR,DAWN,ONE-WAY,DRY,34,E,WASHINGTON ST,5,6,5,41.88332968,-87.62666385,POINT (-87.626663853713 41.883329677823)
83a70ac521a2709483216cd18a993c630900606f84b22a9bc088f7277ad0a2046139c753f7fe3cd1ed8a8e193b09b0585914fe32f209ab2d84420f2b3b4ea6d8,5/22/2025 22:16,CLEAR,"DARKNESS, LIGHTED ROAD",DIVIDED - W/MEDIAN BARRIER,DRY,320,S,MICHIGAN AVE,22,5,5,41.87775443,-87.62445387,POINT (-87.62445387207 41.877754434302)
b9e6497f79a9bfb5843e6a9f53100128b581ae92378b552426d930fc1c1d4e4230e607dd0315b601e3820d285a550bd9a9ab64196080504c53b7f0901fd57ba0,5/22/2025 21:21,CLEAR,"DARKNESS, LIGHTED ROAD",T-INTERSECTION,DRY,100,S,LAKE SHORE DR SB,21,5,5,41.88085605,-87.61763589,POINT (-87.617635891755 41.880856047671)
b2e4fa21ec9a2f720535d45a10ffacb108ccdd8b2f2f6b5d90a649e24e50f4c29f0fb4cf3d3c6b3487e0d44db8c9ca3d35255314fa9ad209d9f6c5109b98250b,5/22/2025 20:09,CLEAR,DUSK,DIVIDED - W/MEDIAN (NOT RAISED),DRY,100,E,WACKER DR,20,5,5,41.88840303,-87.62439642,POINT (-87.624396422774 41.888403031993)
9179517668c16ef8a276dc15c45562fd8d16efda7f284edfa4848df6d3b04a0212aac4ec5e8663efb3fa1430b462f5681157f7263444db00c926561ea925bbe0,5/22/2025 16:43,CLEAR,DAYLIGHT,RAMP,DRY,401,N,WABASH AVE,16,5,5,41.88928401,-87.62654855,POINT (-87.626548547941 41.889284013529)
7c655a2daf6a17f1c4f9e14bd5e5b2417eac1de8f5a0dc92affae99916944297a157166c5e0364a65e0d6b6b4d09853ee2ece13d16944d9ad74f26dd911dd016,5/22/2025 16:20,CLEAR,DAYLIGHT,RAMP,DRY,20,E,RANDOLPH ST,16,5,5,41.88460285,-87.62718694,POINT (-87.627186940196 41.884602854888)
67a13b48f2f90f984ef841630823916eb5c8a40593fe8610c237096157939b65ebfe29528e40bea3fc2ad7c171f936ae7aa2cec13984b91ad58416825a15dda2,5/22/2025 15:46,CLOUDY/OVERCAST,DAYLIGHT,NOT DIVIDED,UNKNOWN,539,N,STATE ST,15,5,5,41.89200113,-87.62792896,POINT (-87.627928961736 41.892001133457)
3f25e2858aa7de009928df62bf449526bc699ed55d6f8d66c811792d42f6fe27823cd37df6a693da9db27422c79d30099badadc3718f6c59b10df8030c67d8a1,5/22/2025 14:30,CLEAR,DAYLIGHT,NOT DIVIDED,DRY,100,W,RANDOLPH ST,14,5,5,41.88458627,-87.63101045,POINT (-87.631010445886 41.884586267155)
84772b426d9301f822581308c9c801aae6d5080e6307e82d368003f83e442144d125e5ccc7f27a92940ffcb2dae2934d76357abf1ae0a0fed77365acc2b12b46,5/22/2025 14:30,CLOUDY/OVERCAST,DAYLIGHT,DIVIDED - W/MEDIAN BARRIER,UNKNOWN,505,N,MICHIGAN AVE,14,5,5,41.89112059,-87.6239887,POINT (-87.623988704323 41.891120593049)
584fc4bab3b26fad0dc2424984f611219ab800ddb8ea9e8198475fe2a15713b224d9cc701672a65533e96ddafa8adffaa1c55d825a1e7885e83d05cf9240e557,5/22/2025 7:46,CLEAR,DAYLIGHT,DIVIDED - W/MEDIAN BARRIER,WET,30,N,MICHIGAN AVE,7,5,5,41.88275463,-87.62453528,POINT (-87.62453527696 41.882754628875)
12a0c249932b032b8bfffb3008983fc597f3a2669ac301cbb524ad1b7a477f0c9bccf51a29d798e779b66b51e14f004d58cb930fbeb27411c2948ab5ff895ae8,5/22/2025 7:30,CLEAR,DAYLIGHT,ONE-WAY,DRY,20,E,MONROE ST,7,5,5,41.88088526,-87.62702578,POINT (-87.627025784507 41.880885255552)
7785270cbcc3cedca221f433359b19ebb05edd6038d88f9cae678127ffa200901e9e3f4d7305f4eb27ea1c786fa3bbbb64b861c80162729cca8d95ddc5b0804e,5/22/2025 7:05,CLOUDY/OVERCAST,DAYLIGHT,PARKING LOT,WET,540,N,STATE ST,7,5,5,41.89206949,-87.62822443,POINT (-87.628224428293 41.892069494494)
c41a95e68eba8c87183e82db1a85dbf7b44b09cbb1f21458d314afd874f82cbb591ba260473331ce7734a9649b3894be44221827d0803e5153cd006715146dce,5/21/2025 20:50,RAIN,"DARKNESS, LIGHTED ROAD",DIVIDED - W/MEDIAN BARRIER,WET,211,W,WACKER DR,20,4,5,41.88670788,-87.63431855,POINT (-87.634318545079 41.886707879762)
fdeb89882941e7845f34ea45ec478463fe340f390815dff2c242edeffb3eaf666f4e0633e54d55daf59723b51f50bee07f6ba4aa2979504c95650c55b1078786,5/21/2025 19:45,RAIN,DARKNESS,OTHER,WET,400,N,MICHIGAN AVE,19,4,5,41.88939788,-87.62439039,POINT (-87.624390394571 41.8893978833)
aa1eb73f254f2b13d49885e4ab6fa91add5bfb346c5ce67297c7d0c69a2497746ee6fdc24182414deba54f70bb805bd82fb4874da0d5f9d4ade09abe45b4572c,5/21/2025 17:37,UNKNOWN,DAYLIGHT,DIVIDED - W/MEDIAN (NOT RAISED),UNKNOWN,315,N,COLUMBUS DR,17,4,5,41.88727121,-87.62055583,POINT (-87.620555831123 41.887271212197)
15310603548e699004a23e20d9fc2beb4f9b98bf6a0356ca198d25caf1c24846d004a77341c14586ed17dcd4adef6a3b72b629b61631f4c459ca4f2cf46f3a71,5/21/2025 16:48,UNKNOWN,UNKNOWN,OTHER,UNKNOWN,116,S,MICHIGAN AVE,16,4,5,41.88039584,-87.62450172,POINT (-87.624501721595 41.88039583826)
81ce92837c9055e3ac26caf9f3ccd40e0d551025cf517d5a83e5d885672b698753374bf8d84166efad16313c890ea59bfc73a4b195fb7b785a3a6416f5f47d72,5/21/2025 16:45,CLEAR,UNKNOWN,ONE-WAY,DRY,122,W,MONROE ST,16,4,5,41.88079755,-87.631538,POINT (-87.631538003025 41.880797548747)
7d2e217dfda1226e01de742fe93a6d71910d981e3235d1ad093f582a2e176ced5d8e40664d224e389bf902dcfbcc441325ac11424f9f94e5a45fde70d0fd4185,5/21/2025 14:30,CLEAR,DAYLIGHT,ALLEY,DRY,124,S,WABASH AVE,14,4,5,41.88017516,-87.62629931,POINT (-87.626299306064 41.880175164704)
e643067cc041aec94235b0c758c11be2444eedc0e543944bb0c2d2c87f59531f9b506895680e7cb7989ce37fe86ab20911a029911eb3d5ad54502066b1b84156,5/21/2025 14:30,CLEAR,DAYLIGHT,PARKING LOT,DRY,180,N,FRANKLIN ST,14,4,5,41.88533037,-87.63554786,POINT (-87.635547862219 41.885330374442)
f72831aa74f4be68637422654bba7e85fc7516ff8923fc7e859d860102924d96580a75143a2e2c23354e71058d075aeb6fe844c1ea1ed026654896f01427f9f4,5/21/2025 14:30,CLEAR,DAYLIGHT,ONE-WAY,DRY,520,N,DEARBORN ST,14,4,5,41.89160128,-87.62979671,POINT (-87.629796705231 41.891601284754)
e782b9687caf20f58b1d777dd79edf388c336dbb7fc40b68c2a9e97aae7a26c367d6323b0b6d9d49ef485e39b7496336a70de653462013dea4790b5bdbca129c,5/21/2025 13:45,CLEAR,DAYLIGHT,NOT DIVIDED,UNKNOWN,158,E,GRAND AVE,13,4,5,41.89186427,-87.62304349,POINT (-87.62304349368 41.891864266616)
9f3e7cc28413a96344647bd37ec420ab8357b20d804094c500d4f8b37ae10cc74847c307da4fb0c766810f5c3adbd5c31a73618d9263af00589fa6c4b33395bf,5/21/2025 13:30,CLEAR,DAYLIGHT,NOT DIVIDED,DRY,230,N,MICHIGAN AVE,13,4,5,41.88651729,-87.62467769,POINT (-87.624677686429 41.88651728872)
b852a62c3fbf9eb5f50706600ffd3388a139629416e05b31e7a5edc9415ce2a0e9b1f69ea4ed96deeaec81182bbcd2ae829e98c380a7df081ea744b33e6f6e44,5/21/2025 13:25,RAIN,DAYLIGHT,DIVIDED - W/MEDIAN BARRIER,WET,401,N,MICHIGAN AVE,13,4,5,41.88935425,-87.62410246,POINT (-87.624102456243 41.889354251928)
c7e16ac3b5dd3657b6b4de646e4ae37e06d1adc0c86ad3b43a307dff3260d0d0b74d9ebbedb1b06d060b99f7b86579f757a9b16c96f872d5a31ce05a78c0c25b,5/21/2025 11:15,CLEAR,DAYLIGHT,NOT DIVIDED,DRY,38,W,VAN BUREN ST,11,4,5,41.87701304,-87.62908426,POINT (-87.629084261038 41.877013040754)
839c884c08eb8d7e65c7cdd2a882829a7cf93bdc2f1b5bdaf16d26215fc4cad5dae22fa66010054a1b480a810b553714d8b831820fefaff4314610e4b12363f7,5/21/2025 8:59,RAIN,DAYLIGHT,ONE-WAY,WET,79,E,WASHINGTON ST,8,4,5,41.88311475,-87.62505167,POINT (-87.625051667281 41.883114750465)
6e12b7937a34abdf3d1f48e692866f11137e8a3fa981c83754568e18231ca0ec0e753563c79b305d3d898806aafda2e909e197005012787469c3492030a5c610,5/21/2025 8:40,CLOUDY/OVERCAST,DAYLIGHT,DIVIDED - W/MEDIAN BARRIER,WET,11,N,MICHIGAN AVE,8,4,5,41.88238074,-87.62422863,POINT (-87.624228631362 41.882380740887)
5e71594443ce8f5e38f2e6d0549111f08f73bf0d55784aee09cd4e89877dbed698945d894f53e2c1615b6e3d802b0e364917dfee86545e904a0b9029c8e3aca6,5/21/2025 8:15,RAIN,DAYLIGHT,ONE-WAY,WET,301,S,COLUMBUS DR,8,4,5,41.87826992,-87.62052861,POINT (-87.620528612011 41.87826991907)
5aaa5b55d1a3bef0d3738e27a9faa93ba0c9635c5212d70c0aa02685d7216aeb2725efed68f4c1b04096ece7adf312e3b78f6342dade0f16ed715689253074d5,5/21/2025 8:10,RAIN,DAYLIGHT,DIVIDED - W/MEDIAN (NOT RAISED),WET,625,N,MICHIGAN AVE,8,4,5,41.89329954,-87.6240647,POINT (-87.62406469681 41.893299544116)
b29417e56304de7010e276b806ed75e9fe0d10ed9a5c5b6baf0abb232aad9fd021f0d20599d160fa8be09c60fdefd0551be6ffbe2176503fdb8b341b4c0f6ce9,5/20/2025 23:00,CLEAR,"DARKNESS, LIGHTED ROAD",OTHER,DRY,17,E,ADAMS ST,23,3,5,41.87938733,-87.62706365,POINT (-87.627063652354 41.87938733398)
8b4c8f85c085f8fe2b92ceef6cb0c337a704e5847673b22f797008f13e6b56474a2e3d3cd666a9aa36ea6d4e5b9eec1869da5edc1923e58a0c2bd31cd576cfe6,5/20/2025 20:14,RAIN,"DARKNESS, LIGHTED ROAD",NOT DIVIDED,WET,520,N,DEARBORN ST,20,3,5,41.89160128,-87.62979671,POINT (-87.629796705231 41.891601284754)
6c83cf8fcb1003603271c59e0c5a43c9f2c4d0d675b2e0f38c62aec256307a8d69a4ffd1dd198b581ccdaff44b92ee283410d1615b77dd52637e25a6d9f75443,5/20/2025 17:18,RAIN,DAYLIGHT,NOT DIVIDED,WET,33,E,IDA B WELLS DR,17,3,5,41.87557316,-87.62637611,POINT (-87.626376111661 41.875573160461)
05778c49d524715d78ce5c4b7f7a995127ee6e4a0c4766cfac0b7170947bddcaf53ffa88a1d6ae0a1e8cb5fb91d92ef1071df68ca89ddb110b8790eab0bc149e,5/20/2025 16:45,CLEAR,DAYLIGHT,NOT DIVIDED,DRY,306,W,WACKER DR,16,3,5,41.88676585,-87.63580863,POINT (-87.635808628359 41.886765846624)
9e76c91e4032a2a7051e0040307f01641de7dd3003bed72e8ec3c36dfe5c34a88c8fe8127dd3f2f04dab19e0031d890bdaa1611a30e099f8fa5f3f3a7897a1ec,5/20/2025 16:28,RAIN,DAYLIGHT,ONE-WAY,WET,151,N,FRANKLIN ST,16,3,5,41.88449949,-87.63523358,POINT (-87.635233576018 41.884499492655)
d55dcc331291c1d37609b9fb0f7b019a657161288b9f8d5e622851f5e94f722c5a1d4d8dcbb5f461218181ac2964c8b1bfb8258b2492b68a61d418b951ef4876,5/20/2025 15:30,CLOUDY/OVERCAST,DAYLIGHT,DIVIDED - W/MEDIAN (NOT RAISED),WET,300,S,COLUMBUS DR,15,3,5,41.87826558,-87.6208223,POINT (-87.620822302974 41.878265577833)
c5dbd0885fa30b85a0ac05d2b7b579cc9747d45fa728e0b27b50cdb7d84b5ab93b08738ef05bc8eb7fa71e9dc69010e1a8d72613add67b9b41deab6a4896f4c8,5/20/2025 13:37,RAIN,DAYLIGHT,ONE-WAY,WET,28,W,VAN BUREN ST,13,3,5,41.87701726,-87.62868707,POINT (-87.628687072453 41.877017264374)
d7cf9a3d5914d0e8bfac4a6fa83f957f0cb396a916d34496277c0f8386fe17cf6b3b4b21502e6574f21fc35ddd2c3d95684e0c5d7aff4e5901887f4b57e3710d,5/20/2025 9:50,UNKNOWN,UNKNOWN,PARKING LOT,UNKNOWN,201,W,MADISON ST,9,3,5,41.88183547,-87.63389739,POINT (-87.633897388601 41.88183546591)
d2fc469504a376b26740a5d9066389ca89d6709a29e6abf1752fce6d1d2fbd5aaab3fe13793346941e361f20899095fc370783e769714993c28adec7c3175ac6,5/20/2025 7:58,RAIN,DAYLIGHT,DIVIDED - W/MEDIAN BARRIER,WET,300,N,DEARBORN ST,7,3,5,41.88751051,-87.6296843,POINT (-87.629684301676 41.887510510894)
6a20995be8eb665ad3861665ee68367af274cc2e59b98efe783888ee4875c3c089aee10c6b89cc0229636e8e010f68e34804268e821e2a7d4360ad0b8371b133,5/19/2025 17:39,CLEAR,DAYLIGHT,ONE-WAY,DRY,100,N,CLARK ST,17,2,5,41.88327066,-87.63105629,POINT (-87.631056284971 41.883270662247)
259bfef32929922ada892911a755c98c44863905ca373365f5cdab918d5425c39778639a67fa50f086e71165daa274d25695c092beb66ff5965bd90c40803911,5/19/2025 13:15,CLOUDY/OVERCAST,DAYLIGHT,DIVIDED - W/MEDIAN (NOT RAISED),UNKNOWN,604,N,STATE ST,13,2,5,41.89261791,-87.62825301,POINT (-87.628253010544 41.892617913919)
7b92934a362c923f12e6ee197714f05510978ae07c446516ab7b170fa0837940768b5acfd12ab4a30329a7bc0028560e4bfdbe757630748b93a0425c43a0d401,5/19/2025 12:30,CLOUDY/OVERCAST,DAYLIGHT,ONE-WAY,UNKNOWN,276,N,WELLS ST,12,2,5,41.88749768,-87.63411742,POINT (-87.634117423981 41.887497681571)
f4f85c2131e8e12e05f64dfba61027bbb28d54862f36672721b3ecb0bb9f60a9258c58eac70aa3b2770cd5ccc63d4ea6e826fc913e3c8650966d926124b75fb9,5/19/2025 5:51,CLEAR,DAYLIGHT,DIVIDED - W/MEDIAN (NOT RAISED),UNKNOWN,310,S,LAKE SHORE DR SB,5,2,5,41.87808134,-87.61757021,POINT (-87.617570211985 41.878081336545)
ef77277a67b59e00102a0c7ef9077d14ac6d2d37d54cf721b843a3981c3bd9cc8d3b373cbd02541f17418c89f9c0c21ed1368ea4a120c59c0fe9e55bd4ab9071,5/19/2025 0:01,CLEAR,"DARKNESS, LIGHTED ROAD",OTHER,DRY,150,W,JACKSON BLVD,0,2,5,41.87824304,-87.63228175,POINT (-87.6322817513 41.878243038502)
d6229c11f8c47bf3be77c967871b18289546fdbabe7447b062c9dcb9464bff023a4a7042b4b5780b9aa16d707a9c7a587bbfaf3c17f0d673b4bea19ccbda9c01,5/18/2025 23:47,CLEAR,DAYLIGHT,DIVIDED - W/MEDIAN (NOT RAISED),DRY,337,E,RANDOLPH ST,23,1,5,41.88422161,-87.61933906,POINT (-87.619339059191 41.884221606951)
d17fe839a6714a47576c64d3559488114a957d0ba437465da080fe20bb98773d1d2aee72321b9a1713c28507fa01b0c567c729901c648467ac3c3ab158ef65cb,5/18/2025 18:40,CLEAR,DAYLIGHT,ONE-WAY,DRY,25,E,WASHINGTON ST,18,1,5,41.88310908,-87.62697603,POINT (-87.626976033709 41.883109078966)
c584bf095e20e8a146bf6784df96cf949dd5a82b1db583159aa6fa288b1af7f04a4960cc674457b6f0c2b34a003abf9fed4b38b893b9310440e838a393d4abc2,5/18/2025 17:11,CLEAR,DAYLIGHT,NOT DIVIDED,UNKNOWN,425,N,DEARBORN ST,17,1,5,41.89000216,-87.6294588,POINT (-87.629458801354 41.890002161811)
92712035c6410469b1b1e808cd410e27ca2a536711644583d94734bc51e191e999f7f500d4929e56f402c4f35423dfbfd028005954eec8c9206d54e158c7cc57,5/18/2025 16:57,CLEAR,DAYLIGHT,NOT DIVIDED,DRY,200,E,ILLINOIS ST,16,1,5,41.89106986,-87.6226194,POINT (-87.622619399716 41.891069857341)
62c7d1121767996dda960e47983a8fa705f20b0c6b1c1259a0a08185d90faf0ff8e1efabe9d8feb005ae882fbaed0cd72539bfcb719dc158e144ff31681a0664,5/18/2025 15:48,CLEAR,DAYLIGHT,ONE-WAY,DRY,60,E,GRAND AVE,15,1,5,41.89181437,-87.62568526,POINT (-87.625685264584 41.891814365281)
03be5dac0cfbcd8734dcbe82f4c6467979cbc2ea3a252698e8a30167f760ecf3ec7a4f78829c279666ccb9128105f064f6327a5ea28efe7f6f6e2c4ce95ca758,5/18/2025 13:35,CLEAR,DAYLIGHT,NOT DIVIDED,DRY,301,S,COLUMBUS DR,13,1,5,41.87826992,-87.62052861,POINT (-87.620528612011 41.87826991907)
a678fb4e9b422d4b5575c4521b7318fa86707f4505c08a290c5b2ae0bbd34a02d2f07bf7246de01bbc216a5f40a8b2ae4f3c1fbb3940278bf4a3f1e16e78f082,5/18/2025 10:52,CLEAR,DAYLIGHT,ONE-WAY,DRY,285,S,CLARK ST,10,1,5,41.87818209,-87.63063931,POINT (-87.630639308832 41.87818208507)
3382120c7837d34039a3b980e00f3be2621eeda38dd635b7e4577b1f5adc1aa2fb59976da89ca5c1b1390570a30f3dc793c4678415c2037dd0dc5a0a5e416d24,5/18/2025 9:17,CLEAR,DAYLIGHT,ONE-WAY,DRY,600,N,MICHIGAN AVE,9,1,5,41.89259323,-87.62433405,POINT (-87.624334047949 41.892593225538)
5421b6cac951f2c7b06a9fe67b494d0e380b85a47dffeed420bc644c3a32c2c67f42d3d28d7ec2d32323f440b046f580736a8b1c82243ab2adc04353f54b635d,5/18/2025 0:05,CLEAR,"DARKNESS, LIGHTED ROAD",OTHER,DRY,105,S,LAKE SHORE DR NB,0,1,5,41.88076552,-87.61710365,POINT (-87.617103647274 41.880765521889)
c95f47902e683fff1739838f86810ed3429d27390ad733e761cc326d0ec3de13c27b2874a126a3104fe9b4f5cfae7eb120f426cedd018abc20b2f1c4a19e89a0,5/17/2025 23:00,CLEAR,"DARKNESS, LIGHTED ROAD",NOT DIVIDED,DRY,17,S,CLARK ST,23,7,5,41.88153037,-87.63072204,POINT (-87.630722044615 41.881530370548)
4c7c8f172c2f027f98daf2af00d3c05aa31cbe5453934f0655219004bde18dee2b00ded5ec2822300e286985aee7755789ad2a26b2922788fdcd63ecda826029,5/17/2025 22:05,CLEAR,DAYLIGHT,DIVIDED - W/MEDIAN (NOT RAISED),DRY,600,N,RUSH ST,22,7,5,41.89256225,-87.6255421,POINT (-87.625542097587 41.892562252544)
23ebd3c46f64d8fcf5035af1e08ae586d731fb1aab69e70fd800ed4ee4ddd5fed349394a2af58fc5ae76409ab3d9fbc248ff9a4c9e5377e3755b0ef5c9efa668,5/17/2025 21:00,UNKNOWN,UNKNOWN,UNKNOWN,UNKNOWN,151,W,ADAMS ST,21,7,5,41.87929007,-87.63236273,POINT (-87.6323627253 41.879290073296)
4473a4b81099f18fe0eb2cc936d3b54fa8efd21d95ca60ec4504ce9789b28c521a095a0b7d28f3d4cab526fe51cb921f78b28099d13aa2d0c2584d0997ade071,5/17/2025 20:30,CLEAR,"DARKNESS, LIGHTED ROAD",NOT DIVIDED,DRY,175,N,STATE ST,20,7,5,41.8852378,-87.62778183,POINT (-87.627781834474 41.885237799493)
0519b6f0ac293032d4b777b58e37dcf37855af8fbc273668c0143fdb77e4e0fe06155ed30663afae7fcb8859bac725f24cb5cace6fc7d02c9c48981fe865504a,5/17/2025 19:30,CLEAR,DAYLIGHT,NOT DIVIDED,DRY,505,N,LOWER MICHIGAN AVE,19,7,5,41.89112064,-87.62402044,POINT (-87.624020439189 41.891120642459)
f535d5cc6f628b368bb8e46a578ffdda6711256093bc8582cf2fb886e39721e6037de69a4223a4612d8176944ae8bc365707d6de8b075397d96a1be098a96b35,5/17/2025 19:30,CLEAR,DAYLIGHT,ONE-WAY,DRY,34,W,RANDOLPH ST,19,7,5,41.88459186,-87.62916277,POINT (-87.629162766579 41.884591854969)