CRASH_RECORD_ID,CRASH_DATE,WEATHER_CONDITION,LIGHTING_CONDITION,TRAFFICWAY_TYPE,ROADWAY_SURFACE_COND,STREET_NO,STREET_DIRECTION,STREET_NAME,CRASH_HOUR,CRASH_DAY_OF_WEEK,CRASH_MONTH,LATITUDE,LONGITUDE,LOCATION
e516857e908a3b2f7e315cc640857da3878e8bba3437dd963e611d812ff09c22f50e31564ee5b411312752158f2e7eaffe6a3eee7ffe908f27c7700463e7fc8b,5/17/2025 18:30,CLEAR,"DARKNESS, LIGHTED ROAD",ONE-WAY,DRY,20,E,OHIO ST,18,7,5,41.89259351,-87.62724998,POINT (-87.627249978491 41.892593509567)
25a5c3e2b43cbcdec6bef9e74e3da2c66154c7b4df2e8a4c217f3eaaca5a721bcdf8560cbd0169ac1f40130564d4a0487b3e075c3748fd193f7bc7a2bf6e3959,5/17/2025 14:25,CLEAR,DAYLIGHT,DIVIDED - W/MEDIAN BARRIER,DRY,1,E,WACKER DR,14,7,5,41.88670756,-87.62788348,POINT (-87.627883478402 41.88670755507)
78045d1a93e50ea0ee10bbd6fe957e2181caf03774fed2b43807d5cb813b6d03bdfcfc6af296823c8ab12693d23fe1b06c5e3d89a10f94142d5b583a4bfe385b,5/17/2025 14:19,CLEAR,DAYLIGHT,NOT DIVIDED,DRY,469,N,COLUMBUS DR,14,7,5,41.89062867,-87.62009782,POINT (-87.620097816189 41.890628674088)
b2ee1e7191224c383f32c9199cee740421956562cdd22cacc05c38a65769e95c4e8209906d8074eee99c6b795467339dc64a6775f27779d2f6a516ce3d22ac82,5/17/2025 13:50,CLEAR,DAYLIGHT,RAMP,DRY,200,W,MADISON ST,13,7,5,41.88205499,-87.6338999,POINT (-87.633899901163 41.882054989975)
9724abb3bc4fc2a062837ba034c2abf90c4be01140a5ffc91b23be41ffd2f843bee7b51499fd3f31dd1b817e2457e7fe7631b96a62d9bb63cf94e746d101645b,5/17/2025 13:18,CLEAR,DAYLIGHT,NOT DIVIDED,DRY,36,W,KINZIE ST,13,7,5,41.88934348,-87.62951227,POINT (-87.629512274288 41.889343478416)
3020c0ef54f297608a55216aaabe0d2f7f76bb49c8f4738e6d745b915f66fd907ae74ea0563103df33fafe69cfc872f746d32cd8ce387093a9b091558314d716,5/17/2025 13:00,CLEAR,DAYLIGHT,FOUR WAY,DRY,151,N,COLUMBUS DR,13,7,5,41.88458949,-87.62049843,POINT (-87.620498427013 41.88458949304)
6e9b92f1ef3f528642039be783f6f2e2f3e7eb0abe1fbb449bebff075b9a57a189fcf150b4954f59e73964746f97b63915b2f8a445977889aa7ab90dd15522ec,5/17/2025 12:54,CLEAR,DAYLIGHT,ONE-WAY,DRY,537,N,RUSH ST,12,7,5,41.89204723,-87.62522645,POINT (-87.625226446576 41.892047225586)
be782f34ddc244e5be447dea582847710b5c7453ef4276386a27f1718075c166b5b21b66c4f66c9d9599a2e92b382a4d0f2c5feab4b9b5a8440cd02448b7a158,5/16/2025 23:10,CLEAR,"DARKNESS, LIGHTED ROAD",T-INTERSECTION,DRY,300,S,COLUMBUS DR,23,6,5,41.87826558,-87.6208223,POINT (-87.620822302974 41.878265577833)
8ba058d8d4d6a508659286cbacf07d54f094c9e10816fd14fd36bb6d50c93a424cd43751670fb6659e54ff8cf6b76c8930f5314430863c09dc87fc634e21859b,5/16/2025 23:09,CLEAR,UNKNOWN,PARKING LOT,DRY,111,W,KINZIE ST,23,6,5,41.88909518,-87.63156942,POINT (-87.631569424082 41.88909517779)
71ad91181e867fe656abf66513c8c1e6ca6fd4414e0035c5d11e8102b279e0853754cd883f99765ddaa3d740c3a605f28e8aeb966cf4c0482b495aa5c35a9e4c,5/16/2025 18:20,CLEAR,DAWN,FOUR WAY,DRY,520,N,DEARBORN ST,18,6,5,41.89160128,-87.62979671,POINT (-87.629796705231 41.891601284754)
dfac81b67213f7f7069fc88cb22db36edb95abe07ff9adfc597d238f047f8dbbb95a20a0a9a809be46447db6fa8fe83bc97d9480ad0f0cf86974f097c35e9d01,5/16/2025 16:56,CLEAR,DAYLIGHT,FOUR WAY,DRY,300,N,MICHIGAN AVE,16,6,5,41.8868758,-87.62468519,POINT (-87.624685186707 41.886875795392)
2082001e57a5bbe392e7c9ce4fbc9fa164c8cb23ad972dcb621ce41b8631a7324923dbfcaf9d8011cdf03ed99742d257af494d869febf2a462fca7e56335477e,5/16/2025 15:53,CLEAR,DAYLIGHT,FOUR WAY,DRY,410,N,LOWER WABASH AVE,15,6,5,41.88952937,-87.62683559,POINT (-87.626835587017 41.889529368591)
0c0a31806eaa723b3055688a0aaf332e16afdb4285dea7185c255ba55702cda4491734610b18c6f6b1c6f706c7d14d7f9bbec5c1dce7a86338c10b5956d44b6b,5/16/2025 11:10,CLEAR,DAYLIGHT,NOT DIVIDED,DRY,124,W,CARROLL AVE,11,6,5,41.8885775,-87.63221364,POINT (-87.632213637254 41.888577503516)
90788b188c50538b44213d198414406b5d2f2b1ec5f23178f74ecdaf1ba46a54bb104d7b07979ce38727980098ecf8b2adc3775c9f49591c144049c3ce9c40b9,5/16/2025 8:05,CLEAR,DAYLIGHT,DIVIDED - W/MEDIAN BARRIER,DRY,110,N,LAKE SHORE DR SB,8,6,5,41.88345657,-87.61584881,POINT (-87.6158488082 41.883456565028)
41a335c8878fb6214cd067337a02f94c60e94d87f5148e1925f2e988931695a4867f8113170ec9f17021dc254eece792a8dd0d7dc03ad192b5d31e4fd89be340,5/16/2025 2:28,CLEAR,DARKNESS,NOT DIVIDED,WET,17,E,MONROE ST,2,6,5,41.88066458,-87.62708936,POINT (-87.627089364442 41.880664578396)
b03901de09fc9431ee82c0912a9ad26c054f070ea79bc448dc587ae70ebeb3d4b51a56c0e0d6d4fa223261d223562b10d534c231f75eb5b41b7e7ec4463e6f82,5/16/2025 1:30,CLEAR,"DARKNESS, LIGHTED ROAD",T-INTERSECTION,DRY,409,E,MONROE DR,1,6,5,41.88087715,-87.61681221,POINT (-87.616812214633 41.880877151256)
d5953a513a1438d084a5d05785553ca9868a173128aabf48074b606b354f3394b577b4d175bd057f8d44e22d4ddf53c8a73cf7bd60c513f0460c40723a1916d5,5/15/2025 22:57,CLEAR,"DARKNESS, LIGHTED ROAD",DIVIDED - W/MEDIAN BARRIER,UNKNOWN,179,N,MICHIGAN AVE,22,5,5,41.88521167,-87.6243393,POINT (-87.624339304371 41.88521167258)
f474ddaa914cd22dd328aad4cdf1e28f9c4718caa120dffeada16dacf4fbe567e29388241e60c80db607af2d15dc1731ab8ee2098365730f43c4164115cf33e2,5/15/2025 21:46,CLEAR,"DARKNESS, LIGHTED ROAD",T-INTERSECTION,DRY,272,W,LAKE ST,21,5,5,41.88584387,-87.6353735,POINT (-87.635373498864 41.885843869653)
3f0e29ee852ea863a3cbe04db96f49437c0afb5d6bea566e369356a771978cd94f0ea642b840a366cb0527b5baf58ca264a1c3f31b1de9bfc7e5cb20cb8c8cba,5/15/2025 18:40,UNKNOWN,DUSK,NOT DIVIDED,UNKNOWN,416,S,COLUMBUS DR,18,5,5,41.87661808,-87.62078024,POINT (-87.62078023851 41.876618075198)
ee7dc0a724ddda5fe466fbd03ef4ffdeab12f498149da0531044c093f80d36a21f5caeb165171a768be2166f325082896af62ad4a47183dd07f80b4c1d035cb0,5/15/2025 18:30,CLEAR,DAYLIGHT,DIVIDED - W/MEDIAN (NOT RAISED),DRY,309,S,COLUMBUS DR,18,5,5,41.87808565,-87.62052374,POINT (-87.620523735619 41.878085647459)
268ed22d1bec4ad197066071cc3c7c197b3bc380c083755bff0627dbd3c9718bed7ee0d2c9e429dfba8f6cfe36f7d2828de1836b21eeceeac5f32546c43e9802,5/15/2025 17:49,CLEAR,DAYLIGHT,FOUR WAY,DRY,301,E,JACKSON DR,17,5,5,41.87822457,-87.62051172,POINT (-87.620511717519 41.878224568112)
b63833ffb8cbb3711e0472d70d550a4c45b4314175131e583d8e40122ae1353910e93085d0fbe1963bfaf5af4b2104c793393bc74d39af1a9ada94309351dead,5/15/2025 13:30,CLEAR,DAYLIGHT,ONE-WAY,DRY,1,E,JACKSON BLVD,13,5,5,41.87811016,-87.62753455,POINT (-87.627534545969 41.8781101565)
8bd10854c52b38dc0c580b3af3737040653df45cb89950e5ea20e924eaee5ee6d221cb18cb8c84ff564f646e37c1fedb1451abe502d1edcce0530da5424be59d,5/15/2025 12:01,CLEAR,DAYLIGHT,OTHER,DRY,300,S,LAKE SHORE DR SB,12,5,5,41.87831013,-87.6175759,POINT (-87.617575903416 41.878310134581)
07d39574d5a99b4effc9871bec565980772587108718f586dc97d04cc3b81ad83d15b81eebf03e43efccca878882401bd8aa55ccb9b806234eaa79b0c3c2f629,5/15/2025 10:09,CLEAR,DAYLIGHT,ONE-WAY,DRY,151,W,ADAMS ST,10,5,5,41.87929007,-87.63236273,POINT (-87.6323627253 41.879290073296)
e7fb292cce32469b1c72b53cb90790e4cab7121502adfb5e0f5655ddb133b09a01aa39188fd4c0873fd573d5f87e69145a1cd0a0cca84d11b021296bc3e9af46,5/15/2025 9:42,CLEAR,DAYLIGHT,DIVIDED - W/MEDIAN BARRIER,DRY,200,S,MICHIGAN AVE,9,5,5,41.87948933,-87.62449812,POINT (-87.624498124934 41.879489328698)
6d4a07158cc785d0e48b72e657500548f821ea1114dbd23b5a1e203570cbe1dc9513e7ba3f349e6d62d94a09ab7487fd846c1110c4ca3dc0f1268d6d35e12898,5/15/2025 9:30,CLEAR,DAYLIGHT,ONE-WAY,DRY,219,S,DEARBORN ST,9,5,5,41.87896684,-87.62919336,POINT (-87.629193356099 41.878966836146)
77268ddb46288b9a0e003b084f42785bbdd5958308b988b989c62abc37ecb757af5297f2b68f63add703a872f3e5f142e4eec4f6a3f9dd427345516f38ef1dc5,5/15/2025 9:15,CLEAR,DAYLIGHT,DIVIDED - W/MEDIAN (NOT RAISED),DRY,47,W,KINZIE ST,9,5,5,41.88911988,-87.62974696,POINT (-87.62974695954 41.889119880067)
80e2d3c88141882b131c3f00657078de1ab2a9d7752aad1c7c27ab5d4edaac3b5d3c101fd01020b8c7a35a593ba127520b4b0c836dd79007044207cd7f2ea40b,5/15/2025 6:32,CLEAR,DAYLIGHT,DIVIDED - W/MEDIAN BARRIER,DRY,400,E,LOWER WACKER DR,6,5,5,41.88755113,-87.61735601,POINT (-87.617356008287 41.8875511317)
3f573da4a5c7ce4b6598fcd37400060a8110e611f0c466e489d959ae772d84edba614bc9c1bd980ff66a9569434251b6241aa4651125537e1bd86cad436422bb,5/14/2025 23:15,CLEAR,"DARKNESS, LIGHTED ROAD",DIVIDED - W/MEDIAN BARRIER,DRY,100,W,WACKER DR,23,4,5,41.88704177,-87.63107821,POINT (-87.631078212725 41.88704176906)
564121d34c2eec71662fc033907e905afd1594c6f3d91cda0834b78ef75803ed2e227633aeb2c1e23a1862b480b9f75883218ec062714c5ef0cd943ad475ac61,5/14/2025 20:30,UNKNOWN,UNKNOWN,DIVIDED - W/MEDIAN (NOT RAISED),UNKNOWN,50,E,IDA B WELLS DR,20,4,5,41.8758026,-87.62573441,POINT (-87.625734412266 41.875802599285)
f4123e8bb52caf869fe370dbd3fc7a8b09f3e192e89925e38d6bb35f3ce5937467f63304c9a1f3e306709abf0f599a57e643e75d74befc5dce4c5d966bb0a3fb,5/14/2025 19:49,CLEAR,DUSK,NOT DIVIDED,DRY,425,S,PLYMOUTH CT,19,4,5,41.87629439,-87.62857194,POINT (-87.628571940016 41.876294393858)
8b3a664713549ba22d1ba40faabb03c4e326cfa0a5b6f3cbd8f68b549a5a50cdca010dad8ab19f86d1926cd39e5d3dfd66d5e1f121e623ef3060c0d521b39fc6,5/14/2025 16:00,CLEAR,DAYLIGHT,ONE-WAY,DRY,150,W,LAKE ST,16,4,5,41.88584678,-87.63252237,POINT (-87.632522370561 41.885846784433)
fca131fe88a6b2e2192e38f7aa4f196c9d7512faaa9c8384e555a172367ced572a77b7e4ed4f5dd6108841a8b7789601add9e4b65b3d17ed636b95f7d45d08c5,5/14/2025 15:50,CLEAR,DAYLIGHT,DIVIDED - W/MEDIAN (NOT RAISED),DRY,200,N,LA SALLE ST,15,4,5,41.88576112,-87.63259515,POINT (-87.632595153109 41.885761124491)
b7784c49fdf378008096b0962220ba4c4ae53288a96dbfa93a59e0b7c45ff2d961254ac6abfb1c39a7be1ac2fd63ea5df4997bc942710c31c0aa59718ccf648b,5/14/2025 15:00,CLEAR,DAYLIGHT,NOT DIVIDED,UNKNOWN,1,N,LA SALLE ST,15,4,5,41.88199007,-87.63221288,POINT (-87.632212875914 41.881990073783)
9390e8015347001ef967ec04e3f0481eb096ebd52ed5dc7d06ad43261e3e7dc84635c69f91e0ed750c87c82ed45d6c8f2eef2623e60d2419058473fd9f19df48,5/14/2025 9:19,CLEAR,DAYLIGHT,DIVIDED - W/MEDIAN BARRIER,DRY,89,E,LOWER WACKER DR,9,4,5,41.88809024,-87.62512806,POINT (-87.625128058949 41.888090244533)
0ceabd754ad7492314d35fe9631d024a220b947d4a1063c7ae753e4f7629566433dc149449d05f4fd1e1b809236a144674badaf49bfb7e4f7fbc1a237ca4575a,5/14/2025 7:48,CLEAR,DAYLIGHT,DIVIDED - W/MEDIAN BARRIER,DRY,440,S,MICHIGAN AVE,7,4,5,41.87601661,-87.62441545,POINT (-87.624415447663 41.876016605658)
b1d072d0adee695ad1c1049de41beff1a053f3408aef58f4ef415a2ea8ef4c8350d0ba35b3d103c3059d1b2fae64363ba95734efa434bb79d7902ae29a680211,5/13/2025 21:20,CLEAR,DARKNESS,NOT DIVIDED,DRY,298,E,RANDOLPH ST,21,3,5,41.88462477,-87.6206871,POINT (-87.620687099107 41.884624773742)
7335180682ec911da6c5fbee2df1374b0497c231cb70e93fb90357df09dce39f345af562dd98b31b0621eb272b31570e4d60d14fd66697075f8b5ef5c49e4bbf,5/13/2025 18:39,CLEAR,DAYLIGHT,NOT DIVIDED,DRY,40,E,GRAND AVE,18,3,5,41.89179678,-87.62649274,POINT (-87.626492737165 41.891796782897)
2fb6680291749a0df602d07cc3a2fde8f3beb581083508a96d74a5070192366c9cfa9f6da6f46b3bf6668a184c93e8c9768094b88919d7697280f4ee94b816ea,5/13/2025 18:30,CLEAR,DUSK,ONE-WAY,DRY,151,W,RANDOLPH ST,18,3,5,41.88436312,-87.63250839,POINT (-87.632508385165 41.884363124338)
23775c24b80f4bfe535e27ac044da1ef8f3df29f190ace165ae19604c919dfef0a7edd6e5f43c382fa2e55849515b88bd7e8a701b6f3da386e0ba40cb15fc810,5/13/2025 17:50,CLEAR,DAYLIGHT,ONE-WAY,DRY,44,E,GRAND AVE,17,3,5,41.89180016,-87.62633187,POINT (-87.626331866183 41.891800155408)
55189bb69128d295e45f6da3b98290a87dbd21fdd83d3ab37736388a5ee48fb78543dfb0dfdb69f5669d0a8f13ca9a07d5d784a4f0b30381ecf47ffce9e33f6c,5/13/2025 10:00,CLEAR,DAYLIGHT,NOT DIVIDED,UNKNOWN,36,E,GRAND AVE,10,3,5,41.89179598,-87.62664745,POINT (-87.62664744621 41.891795981143)
04ea66832e7647348a381f217286279d7ab3a186754fe5b02d77a8068c862167e10034e77639e57acd342625f065ac4305e9ff851e03795233e7580005cd8962,5/12/2025 19:32,CLEAR,"DARKNESS, LIGHTED ROAD",DIVIDED - W/MEDIAN BARRIER,DRY,100,E,GRAND AVE,19,2,5,41.89182349,-87.62531771,POINT (-87.625317709668 41.891823490173)
2233c7c6db0513f2e64c660cb2a7c3268435d4c11c7dc3c3e4efa28e6ed0fa7ce6e2e6271bf4d4c17cdf1caf43819bf50ef6fe94cda02f118d51452d7230cc1d,5/12/2025 18:00,CLEAR,DAYLIGHT,ONE-WAY,DRY,320,N,DEARBORN ST,18,2,5,41.88807038,-87.62969226,POINT (-87.629692256722 41.888070377638)
0c9f65778836bea3e7e37b23e839e627ea1190b73d41b5899d39fd945cb45bb8bca3840c4c36d5c61bc7b1d2b997fe562309face9a24e73859ee521ac3808a90,5/12/2025 17:50,CLEAR,DAYLIGHT,DIVIDED - W/MEDIAN BARRIER,DRY,200,S,MICHIGAN AVE,17,2,5,41.87948933,-87.62449812,POINT (-87.624498124934 41.879489328698)
d35e36a9985e94d7c9ed642c0160286b882c20e9a7a72f1fbad30dd6f5cf8d9d78b58ef1aed023565eda6464454bb2abd3e601b815026addd8575d3ffc3f41f3,5/12/2025 17:30,CLEAR,DAYLIGHT,FOUR WAY,DRY,151,E,RANDOLPH ST,17,2,5,41.88416745,-87.62260337,POINT (-87.622603372525 41.884167454478)
dc10e4a0566480ddcbd7da5109df3cd136a630690c86620f0438900b57a530c38cee573ee66f8659e657676c643ce092d42a70a4ea1c7f00e8ca4344c3ec50eb,5/12/2025 17:13,CLEAR,DAWN,OTHER,UNKNOWN,272,W,WACKER DR,17,2,5,41.88697861,-87.63542964,POINT (-87.635429642384 41.886978609378)
01ab058c08260fa39d430721a6633f7e3c08b4edd5bb999ce0fa25314481ffe42763601a4003d343156ba7ae8165d44f5437c31a2a64298e41cf185a9c4be6da,5/12/2025 15:30,CLEAR,DAYLIGHT,ONE-WAY,DRY,2,E,GRAND AVE,15,2,5,41.89178488,-87.62801089,POINT (-87.628010887043 41.89178488117)
a78043584b8e3a37586cd013122fd7600b70fc338d0e0571ff9aba74c4270772d744f0de715274a987150acbc65ff674161ab550ae8258e54d16ff97b9d8fbb1,5/12/2025 13:30,CLEAR,DAYLIGHT,T-INTERSECTION,DRY,300,S,LAKE SHORE DR NB,13,2,5,41.87831013,-87.6175759,POINT (-87.617575903416 41.878310134581)
0a9032e0a6f82e5625de690535b3cfb0b8b72b6cedc397ebd6e612c47eb15682abd6118241bd115b8415599cb3339b48035bd3593ad894311ddcd7871f9e65dd,5/12/2025 11:45,CLEAR,DAYLIGHT,ONE-WAY,DRY,10,E,GRAND AVE,11,2,5,41.89179146,-87.62765774,POINT (-87.6276577412 41.891791463112)
edd01338714216393adc14a804d2a0147f43b972989e2568aafa2f91c4af12e28044b3419db72251fe6decbc130c2f707206756fe585e4904687a4db7a770398,5/12/2025 11:00,CLEAR,DAYLIGHT,ONE-WAY,DRY,299,N,WELLS ST,11,2,5,41.88749834,-87.63382363,POINT (-87.633823634144 41.887498338799)
2072f24582c97e41d320c965e6644bcfb29e8ad25dcae63298fc82f71f738edf45d171cfa03fd9b07e59de4ecc00245c11259501030d8a37628d64b4addbea18,5/12/2025 10:30,CLEAR,DAYLIGHT,ONE-WAY,DRY,54,E,RANDOLPH ST,10,2,5,41.88460696,-87.62591312,POINT (-87.625913122159 41.884606955669)
5f432c53a602b5a13042c5aaa903464ac1f945abdb478b84bad048b01a6b74bf224782c9d6793c6e60e28898fe17bdbc29159a9eaeb628d6803ba01c13fd04e3,5/12/2025 6:35,CLEAR,"DARKNESS, LIGHTED ROAD",PARKING LOT,DRY,345,E,WACKER DR,6,2,5,41.88749493,-87.61867271,POINT (-87.618672709476 41.887494931177)
15ca51b4d82024876158000e30c40b08efdace189d26ad8145cb90dff8d0f436642093c272c83462d7e79448b9ef711573b82ff4ecf38b51ccabee50b22344b6,5/11/2025 18:08,CLEAR,"DARKNESS, LIGHTED ROAD",PARKING LOT,UNKNOWN,340,E,RANDOLPH ST,18,1,5,41.88462477,-87.61925432,POINT (-87.619254324027 41.884624773137)
5f2ed82c2afa64b4b324d3c10210b59bbfd7ca733480d458747d1664dff98acdebf7d08ffa8832e2357a01916a858db3799d82744cb024b298d7be1705e7595c,5/11/2025 17:20,CLEAR,DAYLIGHT,NOT DIVIDED,DRY,222,N,LA SALLE ST,17,1,5,41.8863516,-87.63261395,POINT (-87.632613945519 41.886351604489)
413701dcb6baf4d9cee34bcda4cff4714b2e609e259b9f0b8328095732190467fde62041010856a6e828c4d424dd3272639527098af3743e77b06cc29bb0d8c0,5/11/2025 13:40,UNKNOWN,UNKNOWN,OTHER,UNKNOWN,280,S,COLUMBUS DR,13,1,5,41.87838431,-87.62083163,POINT (-87.620831634157 41.87838430551)
ebd4034f382f86c59aab59159cd28d1824cc1b3c81380c1ad6be7ae8f361601c1b1b833131d013166aee6ecd1f18719139724c4541bef99d721677c768f41787,5/11/2025 11:34,CLEAR,DAYLIGHT,NOT DIVIDED,DRY,110,W,HUBBARD ST,11,1,5,41.89012394,-87.63159666,POINT (-87.631596659305 41.890123938027)
cb031020c6dfa982ff1f10eb9a0aefe93ce4f6d354816155aaf031a88746389891e7bfb1958164cc01dcc7f0a8d9181791b2bb9989582c99cd0cd3f4a5aaf299,5/11/2025 10:58,CLEAR,DAYLIGHT,UNKNOWN INTERSECTION TYPE,DRY,55,E,GRAND AVE,10,1,5,41.89159074,-87.62586714,POINT (-87.625867137245 41.891590741084)
901e4309f7f6655bacaec81d0a119096f41790f3c79674a3e0ae12a51b5361334dd23ce52cd032d16a1337c66bc713432bba305d92223b06f951d96d79e96cff,5/11/2025 10:34,CLEAR,DAYLIGHT,ONE-WAY,DRY,100,S,DEARBORN ST,10,1,5,41.88068672,-87.62951526,POINT (-87.629515257458 41.88068672141)
c5304efb887ed1ad4eff0bdc37cde36b22411574203367468567ec52eeec0c02a2324b3d30e0e3201ae02225aa13431d784e8d7640b272e5940ea9920ffc8f5e,5/11/2025 9:05,CLEAR,DAYLIGHT,ONE-WAY,DRY,200,S,LAKE SHORE DR NB,9,1,5,41.87958346,-87.61760712,POINT (-87.617607116909 41.879583457474)
fdf0e3af9f7404f10cf3b7007b593ebaae09313e00e585c0b9e1da831099554a8510e9dc4baaedbd80a18f8b42ddf06148e1f333aca4b661d52cfb1a1162546a,5/10/2025 21:40,CLEAR,"DARKNESS, LIGHTED ROAD",ONE-WAY,UNKNOWN,115,N,DEARBORN ST,21,7,5,41.88355858,-87.62928299,POINT (-87.629282993142 41.883558580226)
42a837b135bdabf653ecbd3bff09f88f3dbd4475999c7f193ec4650119d7fa77a51dde46c0479d8f1b6940f6b3c0ce69e890bd6dc7dcb4f3d0dafb29b0037684,5/10/2025 20:30,CLEAR,DARKNESS,DIVIDED - W/MEDIAN (NOT RAISED),DRY,450,N,MICHIGAN AVE,20,7,5,41.89089193,-87.62427476,POINT (-87.62427476093 41.89089192634)
2e2a4bc469151fe23d2085d8a2e0a0e985d0ff082d46f71ea4e941e22387dc1b702e69708e02be4750c6074e802c30b4cd2874340bed23e06ab8e1e7093538b0,5/10/2025 16:44,CLEAR,DAYLIGHT,ONE-WAY,DRY,210,E,OHIO ST,16,7,5,41.89267717,-87.62219449,POINT (-87.622194494473 41.892677171855)
06cf1ad081827a3102c96881bba9ec7eba763c55f3939d5b84c129933545f2b4720e21e24d08b408e5161cef6edbc5521920c8a45fcd9e14adb7313188918c7b,5/10/2025 14:00,CLEAR,DAYLIGHT,PARKING LOT,DRY,239,E,RANDOLPH ST,14,7,5,41.88419447,-87.62099153,POINT (-87.620991529824 41.884194468862)
54c82eb402b9242b2db6937a39639efdfb99606e687af1d30f3807e828158c623c645cebf19d4fc0a98c839b0d2e8f9ac828c445d34ca8c83cb667f7e4e6a0f4,5/10/2025 13:09,CLEAR,DAYLIGHT,NOT DIVIDED,DRY,303,E,LOWER WACKER DR,13,7,5,41.88766406,-87.62048728,POINT (-87.620487275058 41.887664056276)
b765c7667923047fe7bff1dbe1005e7c30e3fa66da06723a6937eecb612b1b01be66a765029ff21a2dc16306da52ab62f079c8ae1319c1d713a64a5d8563e73a,5/10/2025 1:00,CLEAR,"DARKNESS, LIGHTED ROAD",PARKING LOT,DRY,10,E,GRAND AVE,1,7,5,41.89179146,-87.62765774,POINT (-87.6276577412 41.891791463112)
93107117fc9b3d583d328035bc4f838a20ce17d8dec1bec3ac2b255b083ca5c658a69396453801b62d4aaa1c659a731c6a6be719b7899ec61de490bb8163f41b,5/9/2025 19:50,CLEAR,DUSK,NOT DIVIDED,DRY,68,E,WACKER PL,19,6,5,41.88692307,-87.62527794,POINT (-87.625277938617 41.886923067643)
59d567deb47eabb0be76ee960bcd3765dec795f4a2945ee3665cb8d9749c05e0405cf256efa22d546f70f6fb68d9caf7ee403b9f171dc984507a0d1bf2ca526c,5/9/2025 19:00,CLEAR,DAYLIGHT,NOT DIVIDED,UNKNOWN,323,W,WACKER DR,19,6,5,41.88620485,-87.63601935,POINT (-87.636019352133 41.886204853521)
e253d3fd2ee8e7a5dccaf5b40d1afb26d47474301e2c69a009af3392f551dbe525792d34b2b55dac5b987185a6ea910a62260ddba458f62918d3318371fefbc2,5/9/2025 18:18,CLEAR,DAYLIGHT,ONE-WAY,DRY,12,E,MONROE ST,18,6,5,41.8808818,-87.62730569,POINT (-87.62730569034 41.88088179517)
ad9790280560acc9cce0515c2f5b8159727b95982a1980ca81b84b185b797b1d0799d35f3f780e5010e23ccfb87ac9a661b6c7c0aa32638be458e21d8f97cbfa,5/9/2025 17:30,CLEAR,DAYLIGHT,PARKING LOT,DRY,5,S,COLUMBUS DR,17,6,5,41.8819421,-87.62059571,POINT (-87.620595711289 41.881942101491)
ce99bcd53d25ba7c8374f1310f4438c2abd671156dc4fa0c623818aaa78a927d2158f17be9e9db6652e072ef3c9b70a4822e7bd86ef883a02ca2d8e57cd474a1,5/9/2025 16:31,CLEAR,DAYLIGHT,ONE-WAY,DRY,35,N,DEARBORN ST,16,6,5,41.8828537,-87.62928304,POINT (-87.629283038968 41.882853695666)
d87d1655cde39b3f4f14de06c76bd63f962f66849efb629e22c9d66200b01bbf98929e0af3dc022540095471ed94d14d180531dabd1bcc6a82c9155ab8180aac,5/9/2025 15:30,CLEAR,DAYLIGHT,ONE-WAY,UNKNOWN,540,N,DEARBORN ST,15,6,5,41.89204537,-87.6298123,POINT (-87.629812295962 41.892045373175)
8cfdb951528d689b15b69173990b7c30254b9ea5d3d6dfecebe4757cb3f0bddd14aaff3f3c0deef1d5094b4b1fc4585a26c35cbf2889f0a8388610fe31920275,5/9/2025 14:58,UNKNOWN,UNKNOWN,ONE-WAY,UNKNOWN,311,N,CLARK ST,14,6,5,41.88779235,-87.63088295,POINT (-87.630882950454 41.887792354548)
c729ba7ef3688784b47e169316a357b839570afe3de2d735f4550316d9d0cf902aa370990571454e73a221f8b4041a6ac5a872e17fe4d7b1716f16384472b2ff,5/9/2025 13:45,CLEAR,DAYLIGHT,DIVIDED - W/MEDIAN (NOT RAISED),UNKNOWN,31,E,IDA B WELLS DR,13,6,5,41.87557164,-87.62645332,POINT (-87.626453320191 41.875571642695)
6161686421c092d1b9ed6b584a7ceb932556ea2f5192e689280835bcd810abf28e7a597e0c1bca612132bdde2031545d4f5874298aa4af5983aaa259cb132fe7,5/9/2025 12:32,CLEAR,DAYLIGHT,NOT DIVIDED,DRY,298,S,COLUMBUS DR,12,6,5,41.87838431,-87.62083163,POINT (-87.620831634157 41.87838430551)
98fba3e873d9059877f40987d847363525f7f9f351b721ad04b5338712d27e48fe3f97e55207580281acf4b8eefe172d5f7d9cbc070b12789450a1eae16eff9e,5/9/2025 12:00,CLEAR,DAYLIGHT,ONE-WAY,UNKNOWN,501,S,WABASH AVE,12,6,5,41.8756261,-87.62587904,POINT (-87.62587904087 41.875626101521)
560ff85a0d66502b70b74ed82ae010879fdbc391a59dcc3ce8aa4ba733839b6811d25f460bdb4e68c0674526843745e22ff7d9909b5d5c2c30abc5c2c5cbaa9e,5/8/2025 22:20,CLEAR,"DARKNESS, LIGHTED ROAD",NOT DIVIDED,DRY,393,E,MONROE DR,22,5,5,41.88080587,-87.61765082,POINT (-87.617650816317 41.880805868219)