CRASH_RECORD_ID,CRASH_DATE,WEATHER_CONDITION,LIGHTING_CONDITION,TRAFFICWAY_TYPE,ROADWAY_SURFACE_COND,STREET_NO,STREET_DIRECTION,STREET_NAME,CRASH_HOUR,CRASH_DAY_OF_WEEK,CRASH_MONTH,LATITUDE,LONGITUDE,LOCATION
7a2776af99920e6b6869862a96f86a67c81a9633739320a41645ceaf328b96bdbc5dea02af1b6479a902e6e2d723d32da11f846cb0cf94989868f39b2dafd67b,5/8/2025 22:18,CLEAR,"DARKNESS, LIGHTED ROAD",ONE-WAY,DRY,229,W,MADISON ST,22,5,5,41.88182969,-87.63467801,POINT (-87.634678008587 41.88182968927)
5dafaf4535f5b06b9cad693895eeeff6d29faba6fc430137b55a822addf25a74d24e21539e04ff89adc65d79e0749b05a8c85aad2082655e3f17eb21719cb725,5/8/2025 21:15,CLEAR,"DARKNESS, LIGHTED ROAD",ONE-WAY,DRY,348,S,DEARBORN ST,21,5,5,41.87700592,-87.62941168,POINT (-87.629411684108 41.877005917154)
fa30f0dbb32a26401bca367743c36fadee0fe626565039b77ff3bf229f0f942a0a9d19208e7637a276c485c43f1273690bb56f837512c18cfad57d6d496f2012,5/8/2025 21:15,CLEAR,DARKNESS,NOT DIVIDED,DRY,41,E,IDA B WELLS DR,21,5,5,41.87557797,-87.62606336,POINT (-87.626063355208 41.875577966768)
ebd5c7c2e09a5b850d313bb8d79a8890acd8350134c8e0d68be5e7d6aca49a8bc9ce50b9d08eb69012de60493e7116c0dcb83dc179ceef5f4a3abba939044ccc,5/8/2025 20:00,CLEAR,"DARKNESS, LIGHTED ROAD",ONE-WAY,DRY,151,E,WACKER DR,20,5,5,41.88799989,-87.62256513,POINT (-87.62256513256 41.887999887349)
8055d8085ea57a395af6d8d50cccf15ed0e74bac5a5f591f0825944f53ffd39ce4ea11560e316bb6faef4a65a491198be607de78932500871b01b008b0a8650f,5/8/2025 19:34,CLEAR,"DARKNESS, LIGHTED ROAD",NOT DIVIDED,DRY,300,E,WACKER DR,19,5,5,41.88807333,-87.62059446,POINT (-87.620594461337 41.888073331609)
d4c3b56204ed1461b29226f9bced66123be7d6175b65696f6ba76263807fdd3d7c9459f4c0ebf486d0349605ad0e8cf7e725d6f8ff16a4b6b1ac16949d9ce164,5/8/2025 19:15,CLEAR,DAYLIGHT,NOT DIVIDED,DRY,201,W,MADISON ST,19,5,5,41.88183547,-87.63389739,POINT (-87.633897388601 41.88183546591)
6ba916f15bc9adb1ce7214ede5188dc60afbc401a7e1d56d1a9891765f66a60fa6ed0fb8c63a3230e31baf643781e98602df35270fad02f0c9c43d803fccabbc,5/8/2025 18:05,CLEAR,DAYLIGHT,ONE-WAY,DRY,300,N,DEARBORN ST,18,5,5,41.88751051,-87.6296843,POINT (-87.629684301676 41.887510510894)
18a14ddef80d93b916bff18eca4070d88a58a7ceba712efb68763a8cdbecb21b5867fcc14046ac315f95bd6a8e49a0aec92486038a5b66dc48748b28018a3ae9,5/8/2025 18:00,CLEAR,DAYLIGHT,NOT DIVIDED,DRY,26,E,IDA B WELLS DR,18,5,5,41.8757876,-87.62663329,POINT (-87.626633289849 41.875787600378)
499291a92b3c8477fe655e61f4bad7e37facf1f4c7feea07af4cf9055d392dea6df662be6d4f251b411cd8685dc67525ef490309bc8e02fa9a4fc8eda0a51ed9,5/8/2025 17:02,CLEAR,DAYLIGHT,ONE-WAY,DRY,403,S,WABASH AVE,17,5,5,41.87686356,-87.6259078,POINT (-87.625907798234 41.876863562826)
ede9b4318e45d0ad8818cf1aa3e055cdfbff95bdb700b22b572f2e92774b9664f436c31b056a5a64286062d4ad40f66feee91879640e93b963911b4417bad10d,5/8/2025 16:53,CLEAR,DAYLIGHT,FOUR WAY,DRY,431,N,WELLS ST,16,5,5,41.89002468,-87.6338824,POINT (-87.633882403309 41.89002468212)
d1425f8028229f410dcc3d187a7b838583b02a89d9ebcbf7a400f5d8207f98d06b6f6d23feed22ae1d0d5312eeffab3a72b3297c19dacecca9d5d30953938c80,5/8/2025 16:25,CLEAR,DAYLIGHT,UNKNOWN,DRY,301,S,COLUMBUS DR,16,5,5,41.87826992,-87.62052861,POINT (-87.620528612011 41.87826991907)
f1f2ff66bddfa554694e40fd9fc506778b9a4b8cec35f9030ffa5fff622cdb9a59cebeac9a98f876bdeba7b4f08228bebbb25f73ebd3ede886b494a2dd89a39f,5/8/2025 15:15,CLEAR,DAYLIGHT,ONE-WAY,DRY,148,W,LAKE ST,15,5,5,41.88584767,-87.63237501,POINT (-87.632375014466 41.885847671872)
755e21aece05212dba8cf16f4ac45c9c36f2908ac23c3206b13b5cb479a5508e829ceb02394fd08879b0b105e3da8c01b32540e422717736571d7f373d48656f,5/8/2025 8:06,CLEAR,DAYLIGHT,ONE-WAY,DRY,201,N,CLARK ST,8,5,5,41.88601805,-87.63083646,POINT (-87.630836456915 41.886018052969)
5c273f70b28d75d1c356f8cccda0720fcb2065c16abe894c83fcdc2a59bb8b696ecde29554dd40f04f8239d4a8c340a99d50903cc1e57ee949128298d654d158,5/8/2025 7:22,CLEAR,DAYLIGHT,DIVIDED - W/MEDIAN BARRIER,DRY,121,N,LA SALLE ST,7,5,5,41.8837646,-87.63227535,POINT (-87.632275353537 41.883764598103)
e6b5e96a816f6492153179e3c33ae3b799cb45a196627464162f2d612002c8ae9479f1e68df821ba3e66071185d10557edaf8eb3eae8f796957b2feb8d40049f,5/7/2025 17:55,CLEAR,DARKNESS,NOT DIVIDED,DRY,77,E,ADAMS ST,17,4,5,41.87943624,-87.62485436,POINT (-87.624854359052 41.87943624279)
eb9135217b2b9588ef6dc51b4881f78ec7c6510a305c9d5bc750f5bb5f787ce0ffddb2716b0bc7f5a9487447bd823c84876dd497fed900640e4b56440d62173e,5/7/2025 13:18,CLEAR,DAYLIGHT,FOUR WAY,UNKNOWN,50,E,IDA B WELLS DR,13,4,5,41.8758026,-87.62573441,POINT (-87.625734412266 41.875802599285)
ebc0901b3261a871ee12ee7fdde93e814c34a69189a20f1d67b3fd3deeccd0a495b167073ab5316f692b979533c68ceaa44ef7ac029098141c2bcb38c9f41814,5/7/2025 12:50,CLEAR,DAYLIGHT,ONE-WAY,DRY,200,N,DEARBORN ST,12,4,5,41.88579631,-87.62964615,POINT (-87.629646154129 41.885796312349)
d7377f369a1b0f4cc30be410358b8913f798981dd7e01097f3858444b3027472fe8f0e48a4c6f648aa2d37593d08c6d3d1c899b915d8d7317d881a6d0f4edbef,5/7/2025 11:07,CLEAR,DAYLIGHT,ONE-WAY,DRY,150,W,MONROE ST,11,4,5,41.88078681,-87.63240446,POINT (-87.63240445739 41.880786810461)
7afedf77523e51f266d965b01c883c2250187008bd0049aad3db744999adbdf271d3bd10ed81458e065882a396309b1ec5e2ae0e157f6c5576f6f884294d86a0,5/7/2025 11:00,CLEAR,DAYLIGHT,NOT DIVIDED,DRY,122,W,MONROE ST,11,4,5,41.88079755,-87.631538,POINT (-87.631538003025 41.880797548747)
b8e9ab3ce1a20464130044a51c2d3a32bfc4675f0f446f36053aaafdf8f3fd945bdad6ef3b601c89e5b2501f16ab21c9fac4a5c015ca745ebbf4cc19f4e71564,5/7/2025 8:40,CLEAR,DAYLIGHT,FOUR WAY,DRY,168,N,WABASH AVE,8,4,5,41.88509293,-87.62641024,POINT (-87.626410235419 41.885092931288)
be40c722d391f7405f9fb24a99bf516148e94066044ba12925e7860b5cb9d7adc5c56fe275f701899220b2bee1e26ca05ea4fede25b0decad382fac27c2d2ce2,5/7/2025 8:40,UNKNOWN,DAYLIGHT,DIVIDED - W/MEDIAN BARRIER,UNKNOWN,200,E,IDA B WELLS DR,8,4,5,41.87586075,-87.62229586,POINT (-87.622295862344 41.875860746521)
facc1a0aa50f5d9a42010d5f824d4059c3ed6750d7bc4bdf685e0cf7842848b3bb4718836ca32f3b6151ac517f919f959ecaf1d8cb7218c63a289c748ed4aaa4,5/7/2025 8:30,CLEAR,DAYLIGHT,FOUR WAY,DRY,158,N,STATE ST,8,4,5,41.88477389,-87.62806416,POINT (-87.628064160075 41.884773892522)
e9b8e8bd50ebb5c580e373dac3648973dedabb502c22d5031d0d4824a2c235c21ca53ed96e420ae9e8709b9c55dad40bf02eb0d0b4ea5a1c0a841c79d1d2475e,5/7/2025 8:15,CLEAR,DAYLIGHT,FOUR WAY,DRY,1,S,CLARK ST,8,4,5,41.88191775,-87.63073283,POINT (-87.630732825324 41.881917745999)
d9c336c293db58b4333b02e61679ef1ee48321ff7c2a6ddb3166333e4ed9c6026e6a9fef1f1533c851a483f11bc8ac912b0bc2b46f795b39b89d4eb6c3df1f4b,5/7/2025 4:15,CLEAR,DARKNESS,FOUR WAY,DRY,45,E,IDA B WELLS DR,4,4,5,41.87558099,-87.62586671,POINT (-87.62586671107 41.875580988217)
a5c26929102c1ad6bac859708cb05f0fe81022b4f84adb8d013f12d535d2782cf446c5570ebe8e454ed6de9adca1ae51a5780ce591df8107ae6b9fde05810846,5/6/2025 23:10,CLEAR,"DARKNESS, LIGHTED ROAD",ONE-WAY,DRY,110,E,GRAND AVE,23,3,5,41.8918416,-87.6247877,POINT (-87.624787702304 41.891841603808)
3b5b5a25bc397d4a239120bcbd3c67608a657992dcffceedd89740330e41a0de3c4a4822495e6d54f4c83cbdce4eb06a15d0b6c969b074065cc265050713871f,5/6/2025 22:15,CLEAR,"DARKNESS, LIGHTED ROAD",DIVIDED - W/MEDIAN BARRIER,DRY,36,S,LAKE SHORE DR SB,22,3,5,41.88155018,-87.61762286,POINT (-87.617622859573 41.88155018454)
5376ad6d96753ad5e0cb88bf6554f11bb99abdfd59454628f81626a44bc9ceaed5c47bbef11400714d4297b6daf13d88624bc975b6795ab01b6d07f1217efd33,5/6/2025 17:35,CLEAR,DAYLIGHT,NOT DIVIDED,DRY,320,N,DEARBORN ST,17,3,5,41.88807038,-87.62969226,POINT (-87.629692256722 41.888070377638)
4624584550da6e7c86ae28aad2625ada409824fb795880f9b2077fe593e5fbda32f7e95b18466ba7c3311da650b9f4ec6174dd9e3fae4e61fa22b32ee6b2bc8e,5/6/2025 16:40,CLEAR,DAYLIGHT,T-INTERSECTION,DRY,200,N,COLUMBUS DR,16,3,5,41.88600583,-87.62082896,POINT (-87.620828956741 41.886005833425)
ba12297dcd63f24e7bae4b31ab8b761c73c3b027c3e7bdc17880cbbf1d6003624cac9bcc4b795bf129c8fefa3e32e94934b6cfeb30843d6c384673beeb9e7801,5/6/2025 16:14,CLEAR,DAYLIGHT,ONE-WAY,DRY,150,W,JACKSON BLVD,16,3,5,41.87824304,-87.63228175,POINT (-87.6322817513 41.878243038502)
70d1d6d047d107466efcb9f980e5351ebd729f96a91908a6543e6c6e119b1a66785661d68647bfa0e5b4721e450b0abdf67f6a4d8c1c103a7988472e8d611d74,5/6/2025 15:30,CLEAR,DAYLIGHT,FOUR WAY,DRY,111,N,LAKE SHORE DR SB,15,3,5,41.88306562,-87.61545613,POINT (-87.615456134488 41.883065622637)
06d386d2ca3713767e48ac90d879ca6fc9ccc957be613a3762b5633e3d6f8e15a715aa1cae8508e935f99453362c18bead0c06dc8ea73436e58db237b0d89a55,5/6/2025 12:30,CLEAR,DAYLIGHT,FOUR WAY,DRY,1,E,ADAMS ST,12,3,5,41.87938225,-87.62764014,POINT (-87.627640139839 41.879382254052)
2c97803abf88b124116f8202a5807248069c1ec4bf71e31e72feb8df4f5df175db0b712185d5cc24246896721d0e0bfd6c3c465fec2d0cbf117f33698eeef024,5/6/2025 12:21,CLEAR,DAYLIGHT,DIVIDED - W/MEDIAN BARRIER,DRY,332,N,LAKE SHORE DR SB,12,3,5,41.88744956,-87.61428255,POINT (-87.614282545754 41.887449561859)
64732940c96ba8e7aaf20800474c971070d1e633913ccbf5e45123f6b9ac812b64858d5618ecba7bbf19deba568614661620c184813f263c6ec0a449e6d71c9f,5/6/2025 11:00,CLEAR,DAYLIGHT,NOT DIVIDED,DRY,521,N,RUSH ST,11,3,5,41.8916713,-87.62522473,POINT (-87.625224727853 41.891671299854)
4edd53de94a0fec2562d034152b04a0447ab49a2f688265f9f29126a140f797e06c2a087873ccc3a7bc5fa92d125ef25d4e80983f8600cea6ed0714e84ca47eb,5/5/2025 22:49,CLEAR,"DARKNESS, LIGHTED ROAD",DIVIDED - W/MEDIAN BARRIER,DRY,500,N,LA SALLE DR,22,2,5,41.89084146,-87.63270628,POINT (-87.632706277654 41.890841457198)
3445318c5ff1f6faa039329abf850a3ab9dabed7a620ea46efdb8c3db6843164bb2ca4ee44b2fbd7ead3e5d4ac25a49b0d4d382d0eba1d9676f65c23f0b83639,5/5/2025 20:35,CLEAR,DARKNESS,NOT DIVIDED,DRY,208,S,COLUMBUS DR,20,2,5,41.87942171,-87.6208916,POINT (-87.620891596485 41.879421712619)
a2f84a75ccbe80d8815c5bf95847e791384398da7411de9be06529470024bda04ee0e837f6c4e748b27b81e7a5dda86c57d09bc0d5052b1c23d249332fc89a32,5/5/2025 19:30,CLEAR,DUSK,ONE-WAY,DRY,62,E,OHIO ST,19,2,5,41.89262709,-87.62564096,POINT (-87.62564096304 41.892627085224)
7b383014cb72e0d10a2aee12f64cfa8550c4f6208e058c9508340f594a0f530ef447d418391b7adcc738b84fc67654af1ef6e04d343f66174d7db77249c0cdca,5/5/2025 18:58,CLEAR,DAYLIGHT,RAMP,DRY,5,N,WELLS ST,18,2,5,41.88208823,-87.63368503,POINT (-87.63368502504 41.882088226854)
f7662d5b36e22c2ba7076112029c16f5c4768e56dc5a6d3f44834b1066f2fd5d96f70340a895719bf92aa8e9cd114761487aaf65584af7a5332c837b448c20cb,5/5/2025 17:38,CLEAR,DAYLIGHT,FOUR WAY,DRY,98,E,WACKER DR,17,2,5,41.88841476,-87.62462467,POINT (-87.624624667855 41.88841476167)
93bab125fc1d5f5ead8e64c17ce0738a65c1d54fa68a28eb2dbfc9e24f8b9d67b63aae5ea68a7f504c8352253cc976e31554076e440faf3d6fbf9e328290d9bb,5/5/2025 17:32,CLEAR,DAYLIGHT,RAMP,DRY,50,W,WASHINGTON ST,17,2,5,41.8833222,-87.6297751,POINT (-87.629775096643 41.88332219915)
082c90c0ea3543f30c39cc759955555a9f73c58dc8d5e03368cf1735f496cd8d350869fdddb9473b157d7cfc0dd0649d04e8bdee273e1786245343e60a408961,5/5/2025 17:14,CLEAR,DAYLIGHT,NOT DIVIDED,DRY,505,N,MICHIGAN AVE,17,2,5,41.89112059,-87.6239887,POINT (-87.623988704323 41.891120593049)
34a43a833282471f95118bcd6da39a88058c8bbb8618c365f8527698124f4217e082ab47355c65a0d23c4a18d32727399bea20f7d774153d9ee6b6e6aefde246,5/5/2025 16:42,CLEAR,DAYLIGHT,DIVIDED - W/MEDIAN (NOT RAISED),DRY,498,N,LOWER MICHIGAN AVE,16,2,5,41.89089203,-87.62430483,POINT (-87.624304829149 41.890892025715)
e1d81fe955f1cd8be60d2be2bc8cde9f1cdf53c5d9deb3dcca15ba2e592166a251cee819b358d34f49891c2e2a71b1bf585572d44ab1738505cf750ed34ee110,5/5/2025 16:00,CLEAR,DAYLIGHT,ONE-WAY,DRY,146,N,DEARBORN ST,16,2,5,41.8843896,-87.6295991,POINT (-87.629599098569 41.884389603817)
473df98193b6a7a02188897c45237bc0257f139f9b7b77bef95d4b30760a27b4270327dd09b22f591f03f154577644fefa91f30620b45ca665722e224106292a,5/5/2025 7:36,CLOUDY/OVERCAST,DAYLIGHT,OTHER,WET,291,S,LAKE SHORE DR NB,7,2,5,41.87844452,-87.61705509,POINT (-87.617055092582 41.878444515253)
ab789a81eb283a38de32a4f8caaf62ee8b8c5a49100ff4783f245d1ac47aba94de25cd45164fa8ed7af989b17527e65e8a0ca205f16df84f5f8066ae9bd72c7e,5/5/2025 6:13,CLEAR,UNKNOWN,OTHER,UNKNOWN,155,N,HARBOR DR,6,2,5,41.88475054,-87.61560396,POINT (-87.615603956473 41.884750538499)
1b4c14e7b8ed4edb6bc8ab8af7af59df83a4bfb8a267e997e56cc18ccff990989e44fe6b746d0f139a8956873f6be9e1bee7e57462e3e61733872cbfd5c30c43,5/4/2025 21:56,CLEAR,"DARKNESS, LIGHTED ROAD",FOUR WAY,DRY,100,E,IDA B WELLS DR,21,1,5,41.87583508,-87.62421289,POINT (-87.624212886292 41.875835081627)
ffba76ee02d9ae5702aab5de2e52bc7603b215a5feb0924287bd3b82311add47261db15fae4e1dc37940a8d649519c15beec4b18f4520b686fb0756c272b2039,5/4/2025 18:25,RAIN,DUSK,DIVIDED - W/MEDIAN BARRIER,WET,88,E,WACKER DR,18,1,5,41.8884392,-87.6250577,POINT (-87.625057695956 41.888439200857)
5d30c8e62a8335cd81eca45f48505d381f46eaf18389d4f514094b84226812de4978c07dfbfe49da9fdfa4cb4e4950fadef6507dc0d4ae7229bef2108095da73,5/4/2025 18:05,RAIN,DAYLIGHT,DIVIDED - W/MEDIAN BARRIER,WET,336,N,LAKE SHORE DR RAMP,18,1,5,41.88734528,-87.61416047,POINT (-87.614160472098 41.887345278284)
f7fd1677b8ac0206b4e08506fcf0a7dfbbbe91496590b9bd9e3f93d5781f97ee3a9738a680d4c4cf081aca4f56c358df2c4b6212643075a933d932635cd32944,5/4/2025 16:15,CLEAR,DAYLIGHT,ONE-WAY,DRY,410,N,DEARBORN ST,16,1,5,41.88963425,-87.6297443,POINT (-87.629744299862 41.889634252878)
0ef22c6b07b9b392a1adf9222c11b6ea96d14f68a09d1601248eb5d2a60becb5fab9e906c591579d7c0d8cfeeb0de74940b2ac2dbe8dc9be0e327a4c3282822e,5/4/2025 15:20,UNKNOWN,DAYLIGHT,ONE-WAY,UNKNOWN,79,E,RANDOLPH ST,15,1,5,41.88438936,-87.62507965,POINT (-87.625079648924 41.884389361077)
1fcee2caa72b577fd6adfe9b36c00113d633b74f081145b728bb7df5f5a9d98d9fc099c8e528ba7c878ab56550e130a07d4db85155bbb1b5e286395cba2adf01,5/4/2025 12:08,CLOUDY/OVERCAST,DAYLIGHT,ONE-WAY,DRY,44,E,WASHINGTON ST,12,1,5,41.88333167,-87.62626806,POINT (-87.626268060238 41.883331672055)
d7cd5822e645d4b8a5cd1eb1dddf58545421603d3ad73485181c670408f6567de8462fd07e910e16eb2a9b2c460c9013a8daf19119ab3de10109cac49b00c3c4,5/3/2025 19:24,CLEAR,DUSK,FOUR WAY,UNKNOWN,40,W,WACKER DR,19,7,5,41.8870437,-87.62945493,POINT (-87.629454928218 41.887043702337)
f51e7edf40e9201b58b4308e4bb0e1e85320b3e4fa47c3dea4e870af12c3b496965bc5e8658bc83ea2a1db8c43ce79b593d12e692ab830bdcb43a90b41b608ac,5/3/2025 19:14,CLEAR,DAYLIGHT,NOT DIVIDED,DRY,420,N,CLARK ST,19,7,5,41.88997769,-87.63122708,POINT (-87.631227083419 41.88997768697)
d54e25469d000c4b221c912b9d9c50ecaf46a10e33c8c25963fa990b90fe2fe4aa7d03d02617f635706d050f32944eccc2df2be8916b7fac6766c238186f6552,5/3/2025 18:15,UNKNOWN,UNKNOWN,FOUR WAY,UNKNOWN,300,S,MICHIGAN AVE,18,7,5,41.87821735,-87.62445584,POINT (-87.624455840297 41.878217345311)
87df03e47b30571b345c4ec62a7a7fcd913fb9937653cdef796e060ba2b7f3cbbd2fc07219936c97f194524d4697bf736981599652b9dbbf91c6aabcf5517b1a,5/3/2025 18:00,CLEAR,DAYLIGHT,PARKING LOT,DRY,154,N,LOWER STETSON AVE,18,7,5,41.88486622,-87.6224659,POINT (-87.622465904514 41.88486622217)
b6cc573899b5b58a6677cc953d8c28a08d24aa7216b49cc2687728d6c169255452d5323ac1dd7a0f4d50957637dce6feeacbebae761d67eddeff549423931f04,5/3/2025 17:25,CLEAR,DAYLIGHT,ONE-WAY,DRY,101,N,WABASH AVE,17,7,5,41.88328271,-87.62608066,POINT (-87.626080658155 41.883282714382)
32dcef2d9dd4497f5d0da378351b04565b168036985fcb7c7e08e6ce3f8d54234b07d29db7b320dc39171d8b75e6ae42cc70087d90fd9dce2e2f4234e6938f63,5/3/2025 17:15,CLEAR,DAYLIGHT,NOT DIVIDED,DRY,300,N,COLUMBUS DR,17,7,5,41.8869732,-87.62084833,POINT (-87.620848332588 41.886973200874)
53fd55671ff6adc7b5cafce8ea31da9d3409038820137eee7fac09ccf0bd613ff1a1364870658b54a0af89137edf11f219f4da92956a1426b04665fc26ebc366,5/3/2025 16:43,CLEAR,DAYLIGHT,ONE-WAY,DRY,301,N,DEARBORN ST,16,7,5,41.8875112,-87.62939051,POINT (-87.629390512067 41.887511200389)
6be6160567a92c7aa0d5fcf3ff7533115d1343b24af83a34d99222795530c2b904f747f651cad2f3325de7800d1b81e434ebf5bca62d4261525c4ae44b5a9656,5/3/2025 15:30,CLEAR,DAYLIGHT,ONE-WAY,DRY,77,S,DEARBORN ST,15,7,5,41.88078401,-87.62922236,POINT (-87.629222363048 41.880784005359)
1ef3aa642efa4557c4883040f466e0a045de2ed828127aba7875a525a07640e48ab41f837e49ab852ac30544616d5b8e909be2418ace361d8026f8bb155d0033,5/3/2025 15:15,CLEAR,DAYLIGHT,DIVIDED - W/MEDIAN BARRIER,DRY,358,E,LOWER RANDOLPH ST,15,7,5,41.88451144,-87.61824388,POINT (-87.61824388271 41.88451143967)
ac5e2d9dca6832da7b34d316fa2ac3923d868f8a8ff58d14aa6e87bf2d53687552567c9896339563965a29f4a999c393bd8745b7b5777e32f04ed7b5597d28a1,5/3/2025 14:39,CLEAR,DAYLIGHT,ONE-WAY,DRY,77,S,DEARBORN ST,14,7,5,41.88078401,-87.62922236,POINT (-87.629222363048 41.880784005359)
251737c78a3087cd1853a5b2e6af75e3faac1c871d5aafa5ae9a5ab30f83a3724db4d96d0226aa8f265a17dff1024aba89aa9beb691312812bc46bd2ee5f0d3a,5/3/2025 13:30,CLEAR,DAYLIGHT,T-INTERSECTION,DRY,50,S,LAKE SHORE DR SB,13,7,5,41.88131456,-87.61762921,POINT (-87.617629213183 41.881314564097)
f9c66f48874da10435b3fb9ab1693411d5d1722e6e841bc00dba408459513ed493742e3040afe4a3959d13119f9d8c3cc073ab7606b5f5bc3749762ad9c31074,5/3/2025 13:30,CLEAR,DAYLIGHT,DIVIDED - W/MEDIAN BARRIER,DRY,400,E,MONROE DR,13,7,5,41.88102972,-87.61728157,POINT (-87.617281566405 41.881029716883)
e112d3e3dd8f01c119bbf49574b0b23a4cbebfaf075d9d0f8a07ebcff2410efc3dcc4b3a176c05a57476f6b903dbea30fedf29398814b84d56875fe3cba52bef,5/3/2025 13:27,CLEAR,DAYLIGHT,DIVIDED - W/MEDIAN BARRIER,DRY,510,S,MICHIGAN AVE,13,7,5,41.87545891,-87.62440057,POINT (-87.624400570929 41.875458907206)
0ac92adb6d2817502ce0b3a8e2e3ae7082528d5046211810a590d9cbd94d49d0035e1c2a2976b7aacae7052815a33317356399659179166d674a17d827968172,5/3/2025 12:42,UNKNOWN,UNKNOWN,DIVIDED - W/MEDIAN BARRIER,UNKNOWN,299,E,LOWER RANDOLPH ST,12,7,5,41.88430938,-87.62068298,POINT (-87.620682981959 41.884309378945)
59d915debf91621cae18491ebf1617fee3220655638c7839c361774bef94a7f09f0db9a727fd5ee9ff51d38b15cc3b1e9a981b40953143c2dddec078f28c75c9,5/3/2025 12:00,CLEAR,DAYLIGHT,ONE-WAY,DRY,201,N,WESTSHORE DR,12,7,5,41.88617367,-87.61610866,POINT (-87.6161086631 41.886173670412)
baaa57784d2cf020750480130cfbef9a7b91a79c7e1e5826d719816af1e927927f4768c277388b0f727b904a2235c89b066e8719192a4c74fd52f91a91fbde36,5/3/2025 2:00,CLEAR,DAYLIGHT,FOUR WAY,DRY,600,N,MICHIGAN AVE,2,7,5,41.89259323,-87.62433405,POINT (-87.624334047949 41.892593225538)
e31d6a7a0da64b459f9a068f0f95014bad6cacc2db688b8ca1a34b949bd3d6ec9f54072e8cc48e919fbeb542119e69ac14cb34514466ac56088a94d93cb50f4e,5/3/2025 1:15,CLEAR,"DARKNESS, LIGHTED ROAD",DIVIDED - W/MEDIAN (NOT RAISED),DRY,402,N,WELLS ST,1,7,5,41.88927135,-87.63416501,POINT (-87.63416500909 41.889271348105)
754c78cbf7f348a156b41bebae7516c4af6fca84e098a792d0d3c8b0d886311f12c6c6c8d0ff60ebe1f935cd6ec0a1ab8250b397b5a7292669b31ed1395fbe04,5/2/2025 23:30,CLEAR,DARKNESS,NOT DIVIDED,DRY,18,E,KINZIE ST,23,6,5,41.88937898,-87.62731087,POINT (-87.627310866934 41.889378978937)
94df0c4c4a1a569bdf9316bd6b1446638b304f6e796e63bbb292b566accfa757088b14f4995a5e63bac120e16ef32bd99e06b856d12c4d2c890847b00db6c7b8,5/2/2025 21:50,UNKNOWN,UNKNOWN,T-INTERSECTION,UNKNOWN,498,S,MICHIGAN AVE,21,6,5,41.87578624,-87.62440868,POINT (-87.624408678665 41.875786239706)
1fd5be0835313d2bfa2db26f0baddf38008719f61212b1d2d6ca5b3a7c2715e46ef70e2ed9bc5d6f820b75e3fb86bf6277f77dda08de2b275fa4eeff611cae8b,5/2/2025 20:10,CLEAR,UNKNOWN,DIVIDED - W/MEDIAN (NOT RAISED),UNKNOWN,100,E,IDA B WELLS DR,20,6,5,41.87583508,-87.62421289,POINT (-87.624212886292 41.875835081627)
a859ab4aa9f23aaaa734b9c232813ba22fbd4404b00712512c30b75e8d712754b3594992b933029105f8aeea145a919552621e65cc134a8159139d0427766ce9,5/2/2025 18:07,UNKNOWN,DAWN,ONE-WAY,UNKNOWN,17,E,MONROE ST,18,6,5,41.88066458,-87.62708936,POINT (-87.627089364442 41.880664578396)
611e326972a045a0ae565929f17092bedaf75c481772ca62e2a0a19b034b7b492f4a1b43fc0420d16990c7b7571c40010d4a92180ec62836b4b8906a8e950eaf,5/2/2025 17:30,CLEAR,DAYLIGHT,DIVIDED - W/MEDIAN (NOT RAISED),UNKNOWN,102,W,LAKE ST,17,6,5,41.88585118,-87.63110493,POINT (-87.631104932183 41.885851184502)
12eb38a0c8888375500e0d5183777573106d998b78608ddcfda22e2a7ac357ff015da99523f2d4830ef33dc033f950acf474e8b35bdc75ce4b1b8e0cb21790e0,5/2/2025 17:23,CLEAR,DAYLIGHT,DIVIDED - W/MEDIAN BARRIER,DRY,112,S,MICHIGAN AVE,17,6,5,41.88048754,-87.62450336,POINT (-87.624503360932 41.880487542667)
8f650b466fc8b98a0ce7b6b044b98dddacb29268eb31a5a6eed1ed16e2f31486d82d54cde35c37897dcb32af1fbe1664bf8bf85a8a39cd17f520739d7ce6c984,5/2/2025 17:18,CLEAR,DAYLIGHT,NOT DIVIDED,DRY,205,S,LA SALLE ST,17,6,5,41.87924271,-87.63214034,POINT (-87.63214034244 41.879242706688)
cc3abcf1b8a9c493ec3a4aead8c896eae08039deffc0434da4157288003780590f87fadada63936d762677c152ea60cfb73b326eeea04dcbfd31a150f840dc87,5/2/2025 17:05,CLEAR,DAYLIGHT,ONE-WAY,DRY,432,N,CLARK ST,17,6,5,41.8901305,-87.6312324,POINT (-87.63123240093 41.89013050076)
dca874cca786decf9fe125e07cb8ddf200a43d3345a044d5860f3322bd26e23d47a4fd2d9b2d7cac38d350472b3b6fff600a0e4d1aa7d75ac427fbe09dc703a1,5/2/2025 16:15,CLEAR,DAYLIGHT,ONE-WAY,DRY,536,N,CLARK ST,16,6,5,41.89188767,-87.63128078,POINT (-87.63128077637 41.891887674396)