CRASH_RECORD_ID,CRASH_DATE,WEATHER_CONDITION,LIGHTING_CONDITION,TRAFFICWAY_TYPE,ROADWAY_SURFACE_COND,STREET_NO,STREET_DIRECTION,STREET_NAME,CRASH_HOUR,CRASH_DAY_OF_WEEK,CRASH_MONTH,LATITUDE,LONGITUDE,LOCATION
5e6ec71a0983e5285bbbe39b31856f5e46284c6837045db178d156d56dc189ddd59367e090ca148b4e3b05074eb667c37c57f341fc26304b922decc985abc721,5/2/2025 10:00,CLEAR,DAYLIGHT,DIVIDED - W/MEDIAN (NOT RAISED),DRY,115,E,IDA B WELLS DR,10,6,5,41.87562212,-87.62372542,POINT (-87.623725421642 41.875622124646)
ea752fbd61760cf93f02144498d656d419678e24cdf3bc3507f158eeaae474f4a99666bffe78b909a3001b9e55c214365d7259a41943b7aba3551232f25b19e2,5/2/2025 9:50,CLEAR,DAYLIGHT,NOT DIVIDED,DRY,532,N,FAIRBANKS CT,9,6,5,41.89198385,-87.62038449,POINT (-87.620384487024 41.891983846758)
51369939bd31537f0d08cab703443bc1117adff2db6bcfbe9ed69863e443317f3968e82404c26d1478bdca941dcfbd242406e4422ee51f48c53484b2aa341246,5/1/2025 16:15,CLEAR,DAYLIGHT,NOT DIVIDED,DRY,130,E,RANDOLPH ST,16,5,5,41.88458837,-87.62327256,POINT (-87.623272561055 41.884588371969)
49d474ee72b44fd10302b09857dfde3441a2b17f5ff93c5443a76e46b1c7cf7cbe42c6c3f5f976ef6828120f6216302a8e8032e7791d0074c5d770e4620e4dc8,5/1/2025 15:37,CLEAR,DAYLIGHT,FOUR WAY,DRY,598,N,MICHIGAN AVE,15,5,5,41.89251114,-87.62433096,POINT (-87.624330957796 41.89251114494)
a73abc08b0fe647343e8fdac2b9fe76940355edc29ff54ddfdb2bff71007e3817a8fa6ba328f70c22c1b171748411f89e3aa77273a2e16c419ff2bc63808b9d0,5/1/2025 14:53,CLEAR,DAYLIGHT,FOUR WAY,DRY,299,N,MICHIGAN AVE,14,5,5,41.88675815,-87.62438831,POINT (-87.624388314115 41.886758145105)
48fbe3f4e27cca61ab21e4b4e13c55fda7e18b843be743f4a72761d74949a3aac72865fc381f90b83d2152f74f4f16a9e70a753b67fbc8616e771eb022faa04f,5/1/2025 12:52,CLEAR,DAYLIGHT,NOT DIVIDED,DRY,71,W,HUBBARD ST,12,5,5,41.8899146,-87.63082841,POINT (-87.630828410162 41.889914599928)
867556ab67370773e993bb23917dbdba5b6e1d0e606594c22703981239320c29041f653af270cf814da054ff481e207930318324ae518f597cff6cccd06f4643,5/1/2025 12:30,RAIN,DAYLIGHT,T-INTERSECTION,WET,99,E,WASHINGTON ST,12,5,5,41.88312052,-87.62444426,POINT (-87.624444255441 41.88312051574)
adcbdfe1338d1cdb9b66089f812c76cbcbe141160987b4f6ed37b2d2ab6979bbdb3c2bb33d2bca505f63f6648f1c84e73f7f777233db125201387ff57e4f9bbb,5/1/2025 7:40,RAIN,"DARKNESS, LIGHTED ROAD",FOUR WAY,WET,228,E,LOWER NORTH WATER ST,7,5,5,41.8897161,-87.62151825,POINT (-87.621518251287 41.889716095328)
96db686646c22051552e921cf59f00e1c5e464b5a97fdc6d933b11f6bec4e6294fba4d9b4b6d2bf62abb46534c04924b9cf19986bdc9c6175947ad87de99f444,4/30/2025 23:43,RAIN,DARKNESS,OTHER,WET,300,N,LAKE SHORE DR SB,23,4,4,41.88614049,-87.61427411,POINT (-87.614274106164 41.8861404879)
0d1686b902970d3a46e57cdc26453c9d06af571ba181f5cde738d59039d575fa67713261a8e6c77e57b4b5b5932edbb79a8a105abfec506b5674b31a886ccaab,4/30/2025 21:53,CLEAR,"DARKNESS, LIGHTED ROAD",NOT DIVIDED,DRY,600,N,MICHIGAN AVE,21,4,4,41.89259323,-87.62433405,POINT (-87.624334047949 41.892593225538)
ba396dce72b8bb5511b6afd1f05fe56dd8b8887d7d2a22cd74d3bf701a419c2a5ce3519296120661edcb1dc9a4adfb74755876e99b1a3fc9c431713c4fded63f,4/30/2025 20:00,CLEAR,"DARKNESS, LIGHTED ROAD",FOUR WAY,DRY,3,W,HUBBARD ST,20,4,4,41.88995297,-87.62815688,POINT (-87.628156883353 41.889952970935)
6165581de2d2ba8004508853bf3460a81c21513236ff0d1aa6c39dead46f5dab4723fc40d78831e2e546c86533e3a8b9ba1ad369bba9ba4990dd99eebae27f41,4/30/2025 17:51,CLOUDY/OVERCAST,DAYLIGHT,NOT DIVIDED,DRY,520,N,MICHIGAN AVE,17,4,4,41.89168852,-87.62430718,POINT (-87.624307178126 41.891688517368)
17e7e0c89dbbb6486a7af136226c315d3187b50c7de5fe4c81aefc5cbc354d96977afc09e27929c188fe181ab4680ac714793d4106a6eef514d5b9ff8c012568,4/30/2025 17:25,CLEAR,DAYLIGHT,UNKNOWN INTERSECTION TYPE,DRY,300,S,LA SALLE ST,17,4,4,41.87807081,-87.63197386,POINT (-87.631973860661 41.878070805039)
f0721d1e977fe8f345274941a8e6b4e8f6f791e14bf3ca6e1c1e2f8425117f84247090f3d8292cc6bc947d1b2af7038cb5db016206a025033bd7b5cfd260871c,4/30/2025 14:30,FREEZING RAIN/DRIZZLE,DAYLIGHT,NOT DIVIDED,WET,300,S,LAKE SHORE DR NB,14,4,4,41.87831013,-87.6175759,POINT (-87.617575903416 41.878310134581)
d0a06f129837711edb1e459ac6c57aa3e907a1eeb1b412f246f5c1e77512674d6aed90c3344c603bd984f7122af2748149e23cdf9dfc19916876d4545e9eccac,4/30/2025 14:15,RAIN,DAYLIGHT,DIVIDED - W/MEDIAN (NOT RAISED),WET,614,N,ST CLAIR ST,14,4,4,41.89310239,-87.6228591,POINT (-87.622859097206 41.893102386317)
61065a039489c5cf588e0e90d27f8efc6c96dd670cc1eb01471a27304f40493f5096a42e379e743cb36bdf69dfc8bedd8f46e6ccd7343306520b9c7e14f70185,4/30/2025 12:08,CLEAR,DAYLIGHT,NOT DIVIDED,DRY,109,E,IDA B WELLS DR,12,4,4,41.87561932,-87.62393205,POINT (-87.623932050644 41.875619322487)
a8412486a2cf26e97ba38b299916ffb92ade53b008a9227c79beb0649a1090491686e68223bb66273fa5c130d2f940e10dd79915f87e40f20a2662c78c72d0ec,4/30/2025 8:55,CLEAR,DAYLIGHT,ONE-WAY,DRY,135,W,MADISON ST,8,4,4,41.88185674,-87.63189616,POINT (-87.631896161552 41.881856743638)
322ec9e58a96fe587af1b52bd6003aa66bc3eff8c4f7db85d0f191de776f6a6098c3f9f6592a5abc2a2c837c62e4c4dab542581bae4216a10e412653fdffa764,4/30/2025 8:00,CLEAR,DAYLIGHT,ONE-WAY,DRY,201,W,MADISON ST,8,4,4,41.88183547,-87.63389739,POINT (-87.633897388601 41.88183546591)
292a6abd67258b900cb330ae9778fc60b8eeefe3696ab701ecaae3c2f4aadbbae414054605f6644dafbd4f3da1c4a9249617d68857d059c7f0627218be2fff2e,4/30/2025 0:33,CLEAR,"DARKNESS, LIGHTED ROAD",ONE-WAY,DRY,188,W,MADISON ST,0,4,4,41.8820581,-87.63347836,POINT (-87.633478360366 41.882058104945)
e619496aa995f4e0e2512d301450631da5476bb69a0ed4e146eb277138f4526182d66e7e7a1157c7a39faa7c6671d9f9ed7e26754e08f9802539a87370a0e7ce,4/29/2025 21:08,CLEAR,"DARKNESS, LIGHTED ROAD",ONE-WAY,UNKNOWN,158,E,GRAND AVE,21,3,4,41.89186427,-87.62304349,POINT (-87.62304349368 41.891864266616)
4b195c8266f9fc5e9230ab536fdd9ea2dc0a31509f3044808ded586f24258028f34c09837bde6fa7de692ac3e3fecb2f5512e2ec6afe7f8bf52c4b99789a00ef,4/29/2025 20:50,CLEAR,DUSK,FOUR WAY,DRY,300,N,DEARBORN ST,20,3,4,41.88751051,-87.6296843,POINT (-87.629684301676 41.887510510894)
bff8597d7d6781faaa309dacff8dd620c0ca0de0486180af731c1d96dad3058b69cb7b1a0772d8a96c0c762560aa37c87c9077f1fa6cd898cbc80c96f6614496,4/29/2025 16:56,CLEAR,DAYLIGHT,ONE-WAY,DRY,417,S,DEARBORN ST,16,3,4,41.87647043,-87.62910562,POINT (-87.629105622759 41.876470431792)
c42a40ba564a1879cfe1accacb7fab73af0f77f0290b377ea069b5e593575cd7fc2ecc2ee4bd11e7c28a78f289e9f3c552d62a8606e9cb92646cc8f2c241094b,4/29/2025 16:45,CLEAR,DAYLIGHT,NOT DIVIDED,DRY,6,E,KINZIE ST,16,3,4,41.88936751,-87.62780107,POINT (-87.627801069927 41.889367509849)
ac03f20986b783bab046aac5f37bee6f950ff1ae2dd2724dcf2688cd8443a9b5a8ab8f91d3e3d41fc8b2e1535a3d2556c8ab6d95c6f95eb152b2cdf7214566f0,4/29/2025 15:21,CLEAR,DAYLIGHT,NOT DIVIDED,DRY,545,N,DEARBORN ST,15,3,4,41.89219366,-87.62952201,POINT (-87.629522007684 41.892193657029)
d16d04a49c87f77c68e5b1736a27c1e32a98c37f4a0f93e7b5aa8e3f5207ceabf655c6b1bfb6add079b49b1c15d25a1daee8987e7ddab8e77b005bc3e3a76893,4/29/2025 14:15,CLEAR,DAYLIGHT,DIVIDED - W/MEDIAN (NOT RAISED),DRY,511,N,COLUMBUS DR,14,3,4,41.89140488,-87.62008123,POINT (-87.620081229738 41.891404880694)
8494393a6b6eaa9ee4463379e05aad3262a40d1ce1d1d93a36b732f77162614bd6056160b85396d7e1d3c232c01aa218e635d0c3a675449b4aa178dbe1a37578,4/29/2025 14:08,CLEAR,DAYLIGHT,NOT DIVIDED,DRY,8,N,MICHIGAN AVE,14,3,4,41.88228818,-87.62451779,POINT (-87.624517790967 41.882288176802)
afc04791b4769195df983f8a3228b763aa482d1cc289d0ab991f5c8a1afe71a6e63db5b2de340428892717295bb2be720797d2cb34399832831ef76c71ab1009,4/29/2025 13:15,UNKNOWN,UNKNOWN,FOUR WAY,UNKNOWN,1,N,WABASH AVE,13,3,4,41.88213943,-87.62606961,POINT (-87.626069609545 41.882139430911)
e8b12a1a1d1f7f1b347d4ac28b60ac6f7e429d514662682a7ef08eef29ab35cc49c3cf868cc8d69360df2b14e9eccdd9a9509cd196beef296a3b3ec3201ceb98,4/29/2025 13:00,CLEAR,DAYLIGHT,ALLEY,DRY,220,E,ILLINOIS ST,13,3,4,41.89108594,-87.62170381,POINT (-87.621703811899 41.891085941719)
80f96e1048474537f84b29f298e5af147dfed7575d34590216774ada67c0aa80a1caf13d6f0015ab63c44fa1aca08a5d44da6df42fa5584e2325befc39fd02bf,4/29/2025 12:13,CLEAR,DAYLIGHT,FOUR WAY,DRY,343,N,COLUMBUS DR,12,3,4,41.8879588,-87.6205275,POINT (-87.620527499952 41.887958804103)
ffd5d92cfd4886e7e50401c49ec086aa86fe225fad1e7becc5342432c5ffa012b46bc4bc68f5bb7228456812ec6897fb149030cd59f8b3f0de4c9c7a1fdf3696,4/29/2025 11:36,CLEAR,DAYLIGHT,OTHER,DRY,151,N,MICHIGAN AVE,11,3,4,41.88454011,-87.62430852,POINT (-87.62430852246 41.884540110592)
befaf5e23dbb6ae2173d57cd2944678a10391c1cecb610d295f8af255c993c58bfbcf01b50d432e20b34dafea4b8c3de577716450c0fb873f4226b863283e7b9,4/29/2025 10:07,CLEAR,"DARKNESS, LIGHTED ROAD",PARKING LOT,DRY,180,N,FRANKLIN ST,10,3,4,41.88533037,-87.63554786,POINT (-87.635547862219 41.885330374442)
e115f241b06e2508849d74bf21e4a4476f40973aca219abe37071699b1b54d3bf8d7eeb8075c9c6a8f179af75aab634ad6a9d40ef2de8260535d7fb26c805cc7,4/29/2025 5:31,CLEAR,DAYLIGHT,FOUR WAY,DRY,530,N,FAIRBANKS CT,5,3,4,41.89191337,-87.62038281,POINT (-87.620382813048 41.891913373934)
d1bbe1c9fbb61d3befbd9854a6f1c2f98e81e2959f201918b92e85352da5ae722ca4f9cfde903497c86509145ce4cf49a43f6b61b211918466a605f4ece88cec,4/28/2025 20:25,CLEAR,"DARKNESS, LIGHTED ROAD",DIVIDED - W/MEDIAN BARRIER,DRY,256,S,LAKE SHORE DR SB,20,2,4,41.87843745,-87.61757918,POINT (-87.6175791807 41.878437452526)
c12b543a9ee9bb655f4680000bee706128d7dacdb443970e741268e7b50dd789661f51334134f581d83581e818dd2d95d9f2efa23af68f8ebd5fb6d28dfb275a,4/28/2025 17:30,CLEAR,DAYLIGHT,NOT DIVIDED,DRY,600,N,DEARBORN ST,17,2,4,41.89248545,-87.62982444,POINT (-87.62982443971 41.892485453597)
ddbcbcf4cd93169ef6f438cdda60335394b2d86f6d93fcdb106e193873383e556d5bcd9c0b90f1243ce67f8bf033174909ee78d807a861710c0296c735ab334a,4/28/2025 16:45,CLEAR,DAYLIGHT,NOT DIVIDED,DRY,398,N,CLARK ST,16,2,4,41.88917341,-87.63120543,POINT (-87.631205433323 41.889173407027)
44994d184e3560d04861f8c8861b70c73199ea4dd730c4415c0607b6cd458250736d2ef065c993647334446362d71379fd805cbfb44cdb8cab20d9d8c4826996,4/28/2025 16:40,CLEAR,DAYLIGHT,NOT DIVIDED,DRY,99,W,KINZIE ST,16,2,4,41.88910214,-87.63098606,POINT (-87.63098606465 41.889102138722)
20e27a4c8d7dfe833e383c6515512ec8cd0d850d96d48ee6631b6b495f7ee959623e44bc62e21f4c6e7f6ca51c9e65ab366ef98637c25f167f900fc3a3017335,4/28/2025 15:32,CLEAR,DAYLIGHT,NOT DIVIDED,DRY,200,N,LOWER COLUMBUS DR,15,2,4,41.88585183,-87.62086026,POINT (-87.62086026425 41.885851834564)
2d9fe38e9748231e035acbaae3e364fd8a4ccc6a0c41c717d4eb9d32161cd8b9081c48afc7095e7331ce837c27cc196cd6d8a4ada6228973b8571c4835f866b6,4/28/2025 8:30,CLEAR,DAYLIGHT,ONE-WAY,DRY,44,E,GRAND AVE,8,2,4,41.89180016,-87.62633187,POINT (-87.626331866183 41.891800155408)
dedefd2f23bed6712fb0b94869fa463446afc874ad160ddc794fee70973ca04ea14bde6644ceac07d97082b953a1362e3698d62790ce2a851e5058c9ee40f7c4,4/28/2025 7:55,CLEAR,DAYLIGHT,ONE-WAY,DRY,79,E,MONROE ST,7,2,4,41.88070773,-87.62478197,POINT (-87.624781971293 41.880707732589)
3e96ab32ff376cc16336d08982d0bf1da39b3fcbd28c355fa57c1eb9443f091cf84a1ae44e721914cad96f991814fdfb09984f83a40abb6319e844b0b803311a,4/27/2025 22:50,CLEAR,DAYLIGHT,CENTER TURN LANE,DRY,100,S,LAKE SHORE DR NB,22,1,4,41.88085605,-87.61763589,POINT (-87.617635891755 41.880856047671)
9390cd75e974af7551527742085c7ee6d563b8b57ada269e1cd7fcc6ef6955e5df27f68a683cfacdfd5c5f69d2eed2e8979aaf4223c83bfe7e438901e8566b3f,4/27/2025 20:30,CLEAR,"DARKNESS, LIGHTED ROAD",UNKNOWN INTERSECTION TYPE,DRY,300,E,OHIO ST,20,1,4,41.89271058,-87.62013066,POINT (-87.620130658406 41.892710584594)
71a0f4362d3d5b12ab0fdd183f6892fb7e602f3ad6cb8a4094a5309c68cd76cde864b85fa9f5e59940a200190172f03725d020b6cbe24669340afb7796348680,4/27/2025 18:12,CLEAR,"DARKNESS, LIGHTED ROAD",PARKING LOT,DRY,560,N,RUSH ST,18,1,4,41.8924821,-87.62553911,POINT (-87.625539110067 41.892482101754)
771d61717aa07f4e65240cab7f3b18d6a64dc7429090989191a5594fc64db0fdfc7bc40424201e300682a57702e88df01ec45436356281f9afa302fc936d51ea,4/27/2025 17:33,CLEAR,DAYLIGHT,ONE-WAY,DRY,200,S,MICHIGAN AVE,17,1,4,41.87948933,-87.62449812,POINT (-87.624498124934 41.879489328698)
1a5fda8e521c83e552c5484c2cca0b0b1171deb5473bbbdc171a0efe074e3301b29af3b6b3f66957a2ca288011367dbcd03ad64f181e9255aa726f297da38956,4/27/2025 17:15,CLEAR,DAYLIGHT,DIVIDED - W/MEDIAN (NOT RAISED),DRY,441,S,COLUMBUS DR,17,1,4,41.87607372,-87.62046078,POINT (-87.620460775554 41.876073723479)
fe90979de3d2ce4324b8acd38ca205b3b1229afd22158702faae134278cfb1046ae7a8bea6b1ca8d6a9a08bc288312bb1500b482f8a9021d2f3239efea6cb677,4/27/2025 13:45,CLEAR,DAYLIGHT,FOUR WAY,DRY,103,S,LAKE SHORE DR NB,13,1,4,41.88081122,-87.61710352,POINT (-87.617103515826 41.880811224083)
6ac4d1d487bddc2da6465372aac5f2a912210cb15e9830a080fcda93fde7c07c85e0e738dc1a144527c265001d038111970cd2a78189643f07f8983f57a755e4,4/27/2025 9:30,CLEAR,DAYLIGHT,DIVIDED - W/MEDIAN BARRIER,DRY,180,S,LAKE SHORE DR SB,9,1,4,41.87971074,-87.61760985,POINT (-87.617609852511 41.87971073635)
5bf8079b71fd662d99a65f0d061d79b916593a6fd55af612565600893d7999aa19bdb2bf5c0706adb3b57f568c63db63a54ccdbadff9105fd4344d3fa41dc15e,4/26/2025 20:30,CLEAR,"DARKNESS, LIGHTED ROAD",NOT DIVIDED,UNKNOWN,60,E,OHIO ST,20,7,4,41.89262531,-87.6257263,POINT (-87.62572630042 41.89262530563)
07c354e5e187491b29027380d96408672a8c9da89eaba691038bd44494391b306881b26679e225c169bfce4cab4b589d8b1bac7451f24e35b02b0b156adcbff4,4/26/2025 19:40,CLEAR,DUSK,ONE-WAY,DRY,68,E,RANDOLPH ST,19,7,4,41.88460827,-87.62540161,POINT (-87.625401609 41.884608269943)
9ccd298a795b739634569d00fb6b5aeffacafffe85e97dafbe43169366edba9144e067c3a3071b066d6725fbec0a682f4da900fe6a26aae83b8740bf4c39c58b,4/26/2025 16:45,CLEAR,DAYLIGHT,NOT DIVIDED,DRY,22,N,STATE ST,16,7,4,41.88253811,-87.62799735,POINT (-87.627997354337 41.882538111264)
1b065ed0774a33a56fb993ed0bb32ad7f40ee0903d1990d0f5434b0ef60d738c05a8e4d466c9ef3cec45c0ec1b896650339855e11d00a9394c9a35d69a642b25,4/26/2025 14:10,CLEAR,DAYLIGHT,PARKING LOT,UNKNOWN,545,N,DEARBORN ST,14,7,4,41.89219366,-87.62952201,POINT (-87.629522007684 41.892193657029)
46e7a2b663a0094ad4eae2a8e09a140ac4892d35c314f081e08d1fdfe6e1ed4a1894edbe80cdc85222f06077abcd31cc8a61dca8fb9cf00a1b562ffb55c1f8a8,4/26/2025 13:44,CLEAR,"DARKNESS, LIGHTED ROAD",FOUR WAY,DRY,61,W,LOWER WACKER DR,13,7,4,41.88667934,-87.63021759,POINT (-87.630217588062 41.886679338459)
46b57a2d2f13e23b3df0856b2ad3d385baa94452bec52ea7297bad3fb5c7bc4637cd660bd4bd46bd36c42b4adc0cd6ecdc9a42a1b9e5e493c06812342e57c748,4/26/2025 12:48,CLEAR,DAYLIGHT,DIVIDED - W/MEDIAN BARRIER,DRY,67,E,WACKER DR,12,7,4,41.88765123,-87.62562395,POINT (-87.625623947891 41.887651228155)
d2a133aa12806b4744d087fa7b0a8864eaed3a08690b11f9ed25276a97c28915deb886f9c3aadaf94690c2b16da315f2c7aba1a8b7a26673365a514e335744b1,4/26/2025 12:30,CLEAR,DAYLIGHT,DIVIDED - W/MEDIAN (NOT RAISED),DRY,171,W,MONROE ST,12,7,4,41.88056058,-87.6329507,POINT (-87.632950701594 41.88056058155)
668fd09f15afec3197a772f04157e136ad7061814102369e2e1ff55a6558ff6217c87b06197b9e99915ce5c9ffbb4ed48218b730cd6a30112b1d5c2562746a38,4/26/2025 0:00,CLEAR,"DARKNESS, LIGHTED ROAD",PARKING LOT,DRY,55,E,MONROE ST,0,7,4,41.88068788,-87.6256435,POINT (-87.625643504087 41.880687878502)
c685d572b813365e24785046d39325271bd367a491c56ebae3fb24db1364d7e025352eea6ddcb4f39d4e42f72fdd74f1b5b1e6e9d88853402fe11fb540f07019,4/25/2025 23:45,CLEAR,DAYLIGHT,ONE-WAY,DRY,499,S,WABASH AVE,23,6,4,41.87575427,-87.62588182,POINT (-87.625881822487 41.875754274877)
122f0fa5b1113df622a61351593134434d19534654725757ef81d3134f5f03f96687401a6bc582429f0a7d92e029ddbeedbe2a413f458501d6d94954b400c627,4/25/2025 19:36,CLOUDY/OVERCAST,DAYLIGHT,FOUR WAY,DRY,424,N,LA SALLE DR,19,6,4,41.88996171,-87.63269351,POINT (-87.632693509586 41.889961707405)
5ed5618a8cda7a792c48c85a3689e206da9f2aa54d644b7771406c3e1c40863fc49f4635118f40fef4e80a702f4f193d776d9262686e4d5283d036c83255a074,4/25/2025 18:30,UNKNOWN,DAYLIGHT,FOUR WAY,UNKNOWN,200,W,LAKE ST,18,6,4,41.88583846,-87.63397255,POINT (-87.633972551477 41.885838457417)
7260bf9679905a72d6cc51184e7112c566c8fe0268337c3846ad19a7200eedbc7029f34890d55ba4f9897b8ab9f111c8b853d12f707063443e91946030af03cf,4/25/2025 17:20,CLEAR,DAYLIGHT,ONE-WAY,DRY,62,E,MADISON ST,17,6,4,41.88220237,-87.62559929,POINT (-87.625599293746 41.882202372269)
2474e81e89fc097acf914a9751dee649ba831bd4801489e540a72c9cfc71459ec532c2c9f1f1473e659e9b72cf74eed715b9c93a1c025f91fc2159e61a5a708c,4/25/2025 17:15,CLOUDY/OVERCAST,DAYLIGHT,FOUR WAY,DRY,491,N,COLUMBUS DR,17,6,4,41.89093055,-87.6200794,POINT (-87.620079402908 41.8909305471)
8fffb997e094cad2206befb6308d8a21cdcc479456bcbe8d0c2b8f817b166e41048ab657d420ef425b5776039f3611e343f52544fc3710076472815ad68f2efb,4/25/2025 15:45,CLEAR,DUSK,DIVIDED - W/MEDIAN BARRIER,DRY,625,N,MICHIGAN AVE,15,6,4,41.89329954,-87.6240647,POINT (-87.62406469681 41.893299544116)
5fa353b76d3b95b10f4475749ad04c38caf85c37e27e301bca5a78976ba1b02d91b61d5caf71a9e3c4d59b05ce45f5af72663a1cecde8fb8bcd0793381376516,4/25/2025 15:30,CLEAR,DAYLIGHT,FOUR WAY,DRY,500,N,STATE ST,15,6,4,41.89090369,-87.62818612,POINT (-87.628186123483 41.890903690741)
b8ec998b54888ebe28ca7b074ca990dbd0d59d352cffba4ef59b0f3be7149fa498db33f7834debacd5f30dade311aa0856cb4b8d11209b73c7750cd521d5f67e,4/25/2025 10:00,CLEAR,DAYLIGHT,ALLEY,DRY,25,E,HUBBARD ST,10,6,4,41.88997393,-87.62690162,POINT (-87.626901623647 41.889973925667)
d64103b35fc944e078abb71a4e97d7d4c4d568b3418459c2509b3de21084eb2de266bee84d0f9c9843fd28a49b94357bf62ca294f6057421f0142f0148ad29c2,4/25/2025 9:00,RAIN,DAYLIGHT,DIVIDED - W/MEDIAN BARRIER,WET,16,S,MICHIGAN AVE,9,6,4,41.88170708,-87.62450154,POINT (-87.624501539815 41.881707077437)
3863285998186ac637e0ae08a7fcdeab4448d1d740c195e4e624eb6ddb1ee70de32cfc2f9d827fb8f33f7be129b856b4b6c7cc65df412c8e1c00851d329b5316,4/25/2025 2:56,CLEAR,"DARKNESS, LIGHTED ROAD",ONE-WAY,DRY,140,S,CLARK ST,2,6,4,41.87965178,-87.63097339,POINT (-87.630973387216 41.879651782774)
72f5078cdd39f1b0efec7fc7e8e1c851939636c18b494c37fff728c19e07d1837ec19876ab25339f8c9ea6b4fff47e273dca70b71084bba26dbeeecd435539d8,4/24/2025 21:20,CLEAR,DUSK,T-INTERSECTION,DRY,301,S,COLUMBUS DR,21,5,4,41.87826992,-87.62052861,POINT (-87.620528612011 41.87826991907)
29bdafae513371dc80f4bd81ec16cfb55854f0d669361815dbf3bc48a4d6d776870ec72b50bc309c1effe61ff4ef0f87dd18704cd3c8a9df70f006a0bc12fc8f,4/24/2025 18:26,CLEAR,DAYLIGHT,ALLEY,DRY,44,E,BENTON PL,18,5,4,41.88524385,-87.62632762,POINT (-87.626327620041 41.88524384807)
9936d5df50090efa16eda26bd1d4a970eeac038f353a62fc9d7cc2374729aafdbf7c9941f5ad96266e3374595655bcc06561ee98e40ddbb1baf64cb2680e89de,4/24/2025 17:27,CLEAR,DAYLIGHT,FOUR WAY,DRY,98,N,MICHIGAN AVE,17,5,4,41.88317111,-87.62454402,POINT (-87.624544016816 41.883171112015)
6232a143d9c29e229cfa31a93c604b39b16b250720a0c0818f6b7214391a79db5c8075d93190d534e572cf4d4a5738d0aa72816a5ecc8d55447e984c01c4334a,4/24/2025 17:05,CLOUDY/OVERCAST,DAYLIGHT,ONE-WAY,DRY,246,E,OHIO ST,17,5,4,41.89269986,-87.62083371,POINT (-87.620833706455 41.892699863348)
08bf516217d54abd58acef6097ead543404bb0e8f0543b83f621923a469a400e7ba55c2a18ae9398137112092fd6cc221b00f298f6db52561e9c1ad6d0777749,4/24/2025 16:10,CLEAR,DAYLIGHT,DIVIDED - W/MEDIAN BARRIER,DRY,211,N,STATE ST,16,5,4,41.88605419,-87.62779972,POINT (-87.627799715838 41.886054185812)
2cdadc87c923927a5a9f6f528acaee3379670f89b8794ec488c5b5108e2e788e2fde4ba6f429223ac9ec2b8153bc7cfd581077d87c39b5b34d80b3a6713eb889,4/24/2025 10:00,CLEAR,DAYLIGHT,ONE-WAY,DRY,15,W,WASHINGTON ST,10,5,4,41.88310862,-87.62846686,POINT (-87.628466863426 41.883108620702)
a32973eb0582ef39137520beda0f6180372c1f11f03af8ed30130162a79276e79b1a147cab65e17676997722b6948e1a2feb063c18e4c439f2c446a9f7525290,4/24/2025 9:35,CLEAR,DAYLIGHT,NOT DIVIDED,DRY,200,N,LOWER STETSON AVE,9,5,4,41.88583118,-87.62249232,POINT (-87.622492319254 41.885831184337)
69e2e97276215df4662644bfe5f3829ebe72f7ff1d09b7248bea307ff2054fa63d7336785d187e364b312b0e2149d8b888654b9216941354d57d8d60b39fe814,4/24/2025 6:40,CLEAR,DAYLIGHT,DIVIDED - W/MEDIAN BARRIER,DRY,299,E,GRAND AVE,6,5,4,41.89169236,-87.62029077,POINT (-87.62029076672 41.891692362595)
6e4ae12257f373e46f8de1894dc8ebb789b7934240a8cb4553b73737efe399e2eb3670476edf88e872b773b0735aa7bc95b08e27f907d4073a68d40a7308b1af,4/23/2025 21:31,CLEAR,"DARKNESS, LIGHTED ROAD",DIVIDED - W/MEDIAN BARRIER,UNKNOWN,505,N,MICHIGAN AVE,21,4,4,41.89112059,-87.6239887,POINT (-87.623988704323 41.891120593049)
c0198f953b5b38f63cd9b10c823af9c72f1d38526c12267faa0a155bae6d8537d750428c7b7cae2457a296aed2a3f5860b4e68045722ad3b1a6daa2d59f7eba4,4/23/2025 21:00,CLEAR,DARKNESS,UNKNOWN,UNKNOWN,100,W,GRAND AVE,21,4,4,41.89173502,-87.63120169,POINT (-87.631201688792 41.891735020379)
b95a59a4754642566d62b271a64fb50c8c3ea969e2cdc5ec91581f31604f50a5480d96d8ea74a00dc1c10f2eed949a8e2d38a30d891615e41bf8cea7209d37a3,4/23/2025 19:30,CLEAR,DAYLIGHT,DIVIDED - W/MEDIAN BARRIER,UNKNOWN,374,N,MICHIGAN AVE,19,4,4,41.88859714,-87.6245854,POINT (-87.624585395453 41.888597136555)