CRASH_RECORD_ID,CRASH_DATE,WEATHER_CONDITION,LIGHTING_CONDITION,TRAFFICWAY_TYPE,ROADWAY_SURFACE_COND,STREET_NO,STREET_DIRECTION,STREET_NAME,CRASH_HOUR,CRASH_DAY_OF_WEEK,CRASH_MONTH,LATITUDE,LONGITUDE,LOCATION
11fdba67223377ef96566b921d742ac27f769fcc33ccaa4f0559d39a9efb198e337c05812474f2eca58f1ce1c225b4db9394ba0caa99de0afa87078b028c2b76,4/23/2025 13:30,CLEAR,DAYLIGHT,ONE-WAY,DRY,25,E,JACKSON BLVD,13,4,4,41.87812036,-87.6267374,POINT (-87.626737402683 41.878120360889)
99f8eb2a9cff9a07388e4811c225988b057ef48e2c6c79b0c1e829b9c4cf068980011226f5747d11d9b8440a3b019ddcedda532cbde84b5ea74808bc60295047,4/23/2025 13:09,CLEAR,DAYLIGHT,NOT DIVIDED,UNKNOWN,400,N,LA SALLE DR,13,4,4,41.88922537,-87.63267412,POINT (-87.632674114985 41.88922537162)
0995af462a3f0af26703e417febd19650e888c01e9eef70903ebf9c2b64589bcdb44f5d6aba0509806dfb02041317230b78a0d86e7a0bd572ba1dd2ffbdcccef,4/23/2025 11:55,UNKNOWN,DAYLIGHT,ONE-WAY,UNKNOWN,102,W,RANDOLPH ST,11,4,4,41.88458613,-87.63106671,POINT (-87.631066705671 41.884586130642)
e9a6b8e5f70c4de57e5b73cd51a00e8d55a19e683215f4c1b0bb331b13220c4b7e33e87beeadb6155eac3fb1986eda393ba43fd14462696757144c1e4b1f190f,4/23/2025 9:17,CLEAR,DAYLIGHT,ONE-WAY,WET,111,N,FRANKLIN ST,9,4,4,41.88350997,-87.63520441,POINT (-87.635204414786 41.883509970876)
f26f13f4dd8603aae8a09be7e02f4ef3bb9c474f631df6133d4d3f886db0e8c81ec84e6bbf50ebf8db79e234f44a340699e3727cef6066313dc208752ca8c836,4/23/2025 9:15,UNKNOWN,DAYLIGHT,ALLEY,WET,20,E,JACKSON BLVD,9,4,4,41.87833498,-87.62696158,POINT (-87.626961576909 41.878334980527)
93b2405bbf30d97e5188eb354bc3bc44bd2d6d667bf7c03d2e0dc457cfeea9487d52daa7da6dacd6e8c52f55186c56a4bea03cf9ab921fb22a40bae0b669f07b,4/23/2025 8:46,RAIN,DAYLIGHT,FOUR WAY,WET,601,N,DEARBORN ST,8,4,4,41.89249136,-87.62953073,POINT (-87.62953073225 41.892491361504)
00ba60902e89a110116abf55441cb5dbed8f1ceede2cbb8e4a2bebee5c67a8496582bc8776d1b462334d7cfc2c7afdbe56f9d76f081c6b4ee4fa23851a1156b6,4/22/2025 12:34,UNKNOWN,DAYLIGHT,ONE-WAY,UNKNOWN,210,W,LAKE ST,12,3,4,41.8858398,-87.63434744,POINT (-87.634347440469 41.885839795197)
02551b553e2759fd41bc133fddb1bf37402d9aa929f687a20f65b7e2b742223066cf941cb980f4a9d53beae4e47520c57e6780fa889a3b684cf6d13accffdecb,4/22/2025 8:44,CLEAR,DAYLIGHT,ONE-WAY,DRY,507,N,DEARBORN ST,8,3,4,41.89109519,-87.62948746,POINT (-87.629487460254 41.891095193056)
dbaabae8b5f74d188e7fc8f361d5b1c890aa2d3acb6532221c4b66600306a0f95ec52afa45fc0bfb967cc7909ce65de3ed1901f691b0aabbb662ada8ec52eea1,4/22/2025 8:40,CLEAR,DAYLIGHT,NOT DIVIDED,DRY,118,N,CLARK ST,8,3,4,41.88370017,-87.63106512,POINT (-87.631065123099 41.883700172548)
49f0ca55d32b9f3901542f3c8ca2bfecedc140b5a7700a4db1bb366df8fe7b8e993a23e5376941450675287e3324c9c104b3fba3a9a3b79648b4d562b2314526,4/21/2025 16:30,CLEAR,DAYLIGHT,ONE-WAY,DRY,21,E,RANDOLPH ST,16,2,4,41.88438354,-87.62711449,POINT (-87.627114487846 41.884383543352)
2a879246904b0389091a948bac2b39b599caba21cf2d0d05380c383284f73976a397fa5f9f16a080a179a0406ad65d6ca1b92f189e525c87552e886695d969d1,4/21/2025 11:00,CLEAR,DAYLIGHT,ONE-WAY,DRY,33,E,WASHINGTON ST,11,2,4,41.88311016,-87.62666019,POINT (-87.62666018878 41.883110163051)
1b92828140d2b20de6b9026ad1144e67c908daa0f513e2fe143e463bfdaf99ecf0c76fbc06dcda0bb72730fb632fd4b1007edcab3c0147d4a0d0e8de4f084fd3,4/21/2025 7:40,CLEAR,DAYLIGHT,ONE-WAY,DRY,229,S,DEARBORN ST,7,2,4,41.87873808,-87.62918153,POINT (-87.629181527121 41.878738078434)
59e70eaf78e4bd2346b105897f9ba3e41404cf8fea3edfd9ec18c041c4436a39ffcfe9979c6d926e680e50c4ec7afc63624a6cdf6073ba7ca397330c72f5ccc1,4/21/2025 6:50,CLEAR,DAYLIGHT,DIVIDED - W/MEDIAN BARRIER,DRY,150,N,LAKE SHORE DR SB,6,2,4,41.88434876,-87.61454978,POINT (-87.614549778133 41.884348763505)
e3fe54bf523fbf777f6d0f12e2cf02fc588e81af464ad1436287a736fc4910b12a0abe52fc8bffef14640c6a839356fe415c4d51697dbe0cabaf7f5eb3009607,4/20/2025 23:30,UNKNOWN,"DARKNESS, LIGHTED ROAD",NOT DIVIDED,UNKNOWN,113,E,IDA B WELLS DR,23,1,4,41.87562119,-87.6237943,POINT (-87.623794297977 41.875621190634)
88427d72f84a4ca9b2ce64f8e0f000f8aca345c1506a10fa0be4ac22e70aed5581e5e581944189275c229738a4518891a49b2f443377e40ae460b917c8fa2a24,4/20/2025 21:30,CLEAR,"DARKNESS, LIGHTED ROAD",NOT REPORTED,DRY,52,E,RANDOLPH ST,21,1,4,41.88460663,-87.62598599,POINT (-87.625985991917 41.884606628402)
26bbdfae572d03557948220821d335213fc2c1a028179217644a7593b81c4af5483680d591e5fd80a045853238b2360457121ef02a22e0edb77bfee0b9df316d,4/20/2025 18:00,CLEAR,DAYLIGHT,FOUR WAY,DRY,100,E,IDA B WELLS DR,18,1,4,41.87583508,-87.62421289,POINT (-87.624212886292 41.875835081627)
b897f27dd09191c511537813d2fc9849ca9902ae300d64e8c9ade0c7a797701294c6d6498517fc0fe67a299b01b66246214f59e238cd202ffcacd00a55095b91,4/20/2025 12:55,CLEAR,DAYLIGHT,NOT DIVIDED,DRY,171,W,RANDOLPH ST,12,1,4,41.88436188,-87.63316454,POINT (-87.633164537609 41.884361877482)
a928c055280665f71cc3835053a77b77987d05e27200adc1c7fb15471dbe14627125bfd669908c1d613c8df43e3343ea5c3e264c60092599d624a17a874a8b40,4/20/2025 11:25,UNKNOWN,UNKNOWN,UNKNOWN,UNKNOWN,100,E,ILLINOIS ST,11,1,4,41.89102451,-87.62529015,POINT (-87.625290150715 41.891024513358)
7d527ad944178e39d2626374739e9c84c6f52cb0274fd2b3bf84c3fcef14ac66f78afffdbad2d3de8a2fefa62904e888b422f7f16aa9358a83af3ba866b63888,4/20/2025 10:00,CLEAR,DAYLIGHT,PARKING LOT,DRY,606,N,RUSH ST,10,1,4,41.89277681,-87.62554799,POINT (-87.625547988433 41.89277681461)
1bdf9ad8d500a039d15ec09b19f8b5c6012feb1ce2965ecb2a9d04043e851ecdc72fd35f0c252e254c853ccc67c78a05a6e62c5930352e74f07312624804e1de,4/20/2025 0:00,CLEAR,"DARKNESS, LIGHTED ROAD",ONE-WAY,DRY,410,N,DEARBORN ST,0,1,4,41.88963425,-87.6297443,POINT (-87.629744299862 41.889634252878)
5a67046ac07fa26664f8ab6dd8a28757a334a1531e050338fec4cbb8535aa1fae48bd2a0aff4a8587240ef4dd040722ea63d4643f08df63057693dc34ecbb4b1,4/19/2025 21:49,CLEAR,"DARKNESS, LIGHTED ROAD",NOT DIVIDED,DRY,366,E,WACKER DR,21,7,4,41.88785665,-87.61765644,POINT (-87.617656436489 41.887856649651)
a2249f75a631490b3a6b6af54246635488fd3605061c60a0ba954b923a0a11a75b8c829aa46dc43090f01ae138427ebe37bd290e2d6ab0922db29c862f89763d,4/19/2025 21:15,CLEAR,"DARKNESS, LIGHTED ROAD",DIVIDED - W/MEDIAN BARRIER,DRY,221,N,LA SALLE ST,21,7,4,41.88630857,-87.63231876,POINT (-87.632318759705 41.886308567767)
728a44834c8a0a04f3f83498608a480affb4966562cbf00c264d2a6ca767f11a478ccb96b5931df86bc87985e42137992bc89fba838fb7db86a6b4e31bd61b81,4/19/2025 19:30,CLEAR,"DARKNESS, LIGHTED ROAD",FOUR WAY,DRY,500,N,STATE ST,19,7,4,41.89090369,-87.62818612,POINT (-87.628186123483 41.890903690741)
47ac566f73a59a5d8f2daef80b385fc2b0c1f934a8e43b146b3656dd1ef70f7cc01060c20ce59f952881120b2ebca5b9fa7e66b09d706f1a74b675b880b29832,4/19/2025 17:33,CLEAR,DAYLIGHT,ONE-WAY,DRY,101,W,GRAND AVE,17,7,4,41.89151552,-87.63119707,POINT (-87.631197067945 41.891515515875)
b3ac2eb0f4ee27c9155cc72da98d85c6c69595676bb058a8320cce2bb36d7c8da5961467708d3b267fc1821da48a3c0d28cb27bcbf15f2325211599b56f0144e,4/18/2025 21:30,CLEAR,DARKNESS,FOUR WAY,DRY,39,W,GRAND AVE,21,6,4,41.89153755,-87.6295709,POINT (-87.629570896451 41.891537547553)
6faf43991d25f47990d0ea3d57a63fd95746319a31dd0ce0bb5edecaff1ea94f2488b9c4b343d22011ae2189b1cdae4eafd1df0d95b0b274ca0917ba4eeb104c,4/18/2025 21:03,CLEAR,"DARKNESS, LIGHTED ROAD",UNKNOWN INTERSECTION TYPE,DRY,500,N,MICHIGAN AVE,21,6,4,41.89097123,-87.62427695,POINT (-87.624276945562 41.890971229645)
6a3f4840fd3f00cd0f513ed53b6c1a2780cc29e8f0f1c2dc0a7333e06e0a6bfb260dca07c24a6018833558b5f3dc701fe0ae431a480bb1f489060cae0b80f540,4/18/2025 17:23,CLEAR,DAYLIGHT,NOT DIVIDED,DRY,10,S,STATE ST,17,6,4,41.88178186,-87.62791033,POINT (-87.627910328004 41.881781863623)
bb51f0497c5ccf4081137485c7578170cf339c87f1a8a77d1343eee3be43eeaba59322d4eceb79a4e18edfe2e0c729da94362b01fedf81ac7627d445faa282e6,4/18/2025 17:10,CLEAR,DAYLIGHT,DIVIDED - W/MEDIAN (NOT RAISED),DRY,220,E,MONROE DR,17,6,4,41.88097056,-87.62188487,POINT (-87.621884871376 41.880970561223)
49b94b531bedaf0c51859e4db3f959c6260ca746bfd566b231b10f6ea7b9a42ab69dbf48ce68fad8838368756757a94acfa9cbcec27348bdc38cf7fc54a0d2bf,4/18/2025 16:18,CLEAR,DAYLIGHT,NOT DIVIDED,DRY,121,N,STATE ST,16,6,4,41.88369309,-87.62773846,POINT (-87.627738458723 41.883693086351)
82bdef92ff1556a064e9cd9ab76994ae57bd8002677caa3da522126dba03aa2c561ec854b22772aed77c51425e41d9af0366f95a468fb75b70871d6b31ca1390,4/18/2025 14:43,CLOUDY/OVERCAST,DAYLIGHT,DIVIDED - W/MEDIAN BARRIER,DRY,250,N,LAKE SHORE DR SB,14,6,4,41.88554298,-87.61421913,POINT (-87.614219127496 41.885542984533)
6f5bf958657859c8404a4f4de87d7ae2eed28a5ef38e36d388c8a96a42ce87ea4fe6aa6823936c441ae0ab7e2c5597ef7ecdffd828cbee0cb98a1b2e188ce15f,4/18/2025 12:00,CLEAR,DAYLIGHT,FOUR WAY,DRY,235,S,COLUMBUS DR,12,6,4,41.8790544,-87.62058658,POINT (-87.620586577771 41.879054401989)
8fefcdca724f572d8134a374a652148bac7ecd1012039b323f56aee1baf99f3b9e225c93f2b217adfc4f64436d59c6729aa748f06e2497f3b8d041a2c90b9fee,4/18/2025 12:00,CLEAR,DAYLIGHT,DIVIDED - W/MEDIAN (NOT RAISED),DRY,1,N,LA SALLE ST,12,6,4,41.88199007,-87.63221288,POINT (-87.632212875914 41.881990073783)
4b86a9411abf921807bd0caea5a5865d4704f397637366307f94a01fa5f891f1db881dd03dc910b36156bf692465cbe4bfc540942cfd28533ec421a73c708861,4/18/2025 10:04,CLEAR,DAYLIGHT,FOUR WAY,DRY,201,W,LAKE ST,10,6,4,41.88561893,-87.63397143,POINT (-87.633971425199 41.885618927077)
bc8326bad35b039c450222e47c00c79be20425fcb677a389cb3babdd18497befca0c0747d9d08531abddc7b9b858dddc8d3955fb9a38b8a902c30a456faa5af4,4/18/2025 0:05,CLEAR,"DARKNESS, LIGHTED ROAD",ONE-WAY,DRY,600,N,WABASH AVE,0,6,4,41.89253115,-87.62689596,POINT (-87.626895964473 41.892531148205)
82c1c93e7e5144eaf45f358cef7f725d35d0cd52e1c3317d44e1b6e16f3e1582cccdc79f0184827a1c697ed89c39871b3e5d069206f43e80811d7c4706e744bc,4/18/2025 0:00,CLEAR,"DARKNESS, LIGHTED ROAD",DIVIDED - W/MEDIAN BARRIER,DRY,149,N,WACKER DR,0,6,4,41.88443111,-87.63667801,POINT (-87.63667800524 41.884431110286)
6c3a739297e5f1181373157ba33dd995da80e1738f4257d9feb12926f1a2c46db36f1c1ceece99cc70851c961eb4ec89a243d97b244b12d9e703aed98801bd8e,4/17/2025 23:37,CLEAR,"DARKNESS, LIGHTED ROAD",FOUR WAY,DRY,99,E,LOWER WACKER DR,23,5,4,41.88806789,-87.62472503,POINT (-87.624725028631 41.888067891573)
537071238b095a44b4160ec30ac8bf4c665b7f4039fbb6a89de4981be9c17b9fdb454552421a3dbe6d97e0abb03fbd744b34e8ab377b9359172eeb689ac53041,4/17/2025 19:04,CLEAR,"DARKNESS, LIGHTED ROAD",DIVIDED - W/MEDIAN BARRIER,DRY,104,S,MICHIGAN AVE,19,5,4,41.88067914,-87.62449086,POINT (-87.624490860002 41.880679139639)
aa90d490aa50cc08e06a1141864bcf031695aaea2029439e8c8ec14f03e64b7f906e2c901ebd7078b1d8238fb2cc36d47c308722905a5f928c77f0f32914402d,4/17/2025 16:35,RAIN,DAYLIGHT,ONE-WAY,WET,200,S,CLARK ST,16,5,4,41.87938042,-87.63096596,POINT (-87.630965956951 41.879380424119)
9fdbdc36a0f173265c2b6d33c940153d0f26da3e4dcbcbfae3121219693c6d238998ebd0097f091e14fff549ff0567674614b6ece9dc636c7a3180339511f00f,4/16/2025 20:45,CLEAR,"DARKNESS, LIGHTED ROAD",PARKING LOT,DRY,25,N,MICHIGAN AVE,20,4,4,41.8826705,-87.62424154,POINT (-87.624241538569 41.882670496958)
6ca4af2a8f6302ad42b9d04647263a2ea140f0f82e2826e8cb49ff282a2b13eb24b4f9cd12eb287594ddd8228e16ed2ceebf378a20c975de366c69f93df6b248,4/16/2025 17:55,CLEAR,DAYLIGHT,FOUR WAY,DRY,200,N,LOWER COLUMBUS DR,17,4,4,41.88585183,-87.62086026,POINT (-87.62086026425 41.885851834564)
f38d09e96ffc9689639ca72b50b7e82ca5ab7ea8ba4124ebdf3af75e81b9498ddab36b3e9719cd38b3b04482730b1fe4699b0e994eef3c4aa8f5b38fde4b2e71,4/16/2025 17:25,CLEAR,DAYLIGHT,OTHER,DRY,20,E,RANDOLPH ST,17,4,4,41.88460285,-87.62718694,POINT (-87.627186940196 41.884602854888)
4e16fee7cfc82ecf24709137bc8c9343c6dca0009c7c3e81e8ec6ab7ef329b97f3ec08647ac15c6777019f6f2c78092b8b886ccc343219a17e8895ff9adaf230,4/16/2025 9:26,CLEAR,DAYLIGHT,DIVIDED - W/MEDIAN BARRIER,DRY,78,N,MICHIGAN AVE,9,4,4,41.88317111,-87.62454402,POINT (-87.624544016816 41.883171112015)
0ff7da1149429e59ab2bf85d281e108ef44424248dbaf1d81ebd0fef769d0bd21df78c80d536f74e0db217bddd6684a79972152eb3038030bc6fb3ed7a43bd49,4/16/2025 8:35,CLEAR,DAYLIGHT,ONE-WAY,DRY,153,W,LAKE ST,8,4,4,41.88562697,-87.63257596,POINT (-87.63257595764 41.885626971945)
21768ee0725f81f54ba975ca0bf520ab6afabff86c7c119060291969105df13083ea3f6cf7c1ebc0688e933f440f332dba958561706ef4bac7f6561146e25950,4/16/2025 7:39,CLEAR,DAYLIGHT,FOUR WAY,DRY,98,N,DEARBORN ST,7,4,4,41.88318672,-87.62958352,POINT (-87.629583518898 41.883186722573)
0c3a979bcaaeb111fa229c6391e73a508801af55c89f176831dfa4ac9eda0a3f0a35859ad3d8f34a6dcae8273c4ccb44f71ab2b8a5943860de59d2412774b84f,4/16/2025 7:35,CLEAR,DAYLIGHT,ONE-WAY,UNKNOWN,60,E,GRAND AVE,7,4,4,41.89181437,-87.62568526,POINT (-87.625685264584 41.891814365281)
1a98250773b16f2f2d9f9667b161c651eb0a506c5019189426c5dab2c832e9d8d71d09aa907c41c6e0210edd6e22da729e63fdc05bc10725d1b09db789c731c3,4/15/2025 23:00,UNKNOWN,"DARKNESS, LIGHTED ROAD",ONE-WAY,UNKNOWN,30,E,LAKE ST,23,3,4,41.88586211,-87.62685865,POINT (-87.626858645214 41.885862105116)
6c07ff322aecbb4aa902d8fabd4c71812b445c427dc92ef8ca901b10e3cdeedf3f2678b021c708d715fc1e1d39da9aa5c1de20f2a21041f1413a84bcdfc48dee,4/15/2025 19:40,UNKNOWN,UNKNOWN,FOUR WAY,UNKNOWN,325,E,GRAND AVE,19,3,4,41.89171247,-87.61915237,POINT (-87.61915237313 41.89171247366)
cc9c439d99d8bc7856c2d8c36abafdceac6c029ac739b2d26155b0e430f6d829d2e929a05d149cab5b1fdd0f014aab769140f18d2dcb7a47a68b410894897e92,4/15/2025 18:30,CLEAR,DAYLIGHT,UNKNOWN,DRY,10,E,RANDOLPH ST,18,3,4,41.88460203,-87.62754293,POINT (-87.6275429272 41.884602034208)
23c6795b7a26a1ecdfb56be2ee311ed3ec3111e410fbd8589ddbb23999cdd3de265efa10217f193608e65569deb05cb45569f7d47126a39092b109b1bb6b827c,4/15/2025 10:15,CLEAR,DAYLIGHT,ONE-WAY,DRY,271,E,OHIO ST,10,3,4,41.89248742,-87.62037365,POINT (-87.620373645755 41.892487418693)
dab152bd49746b7e8caab83f6c9fb1149f18cc9ca1554986c53e777b369eff15c5bc644cef6fa9b1179ebcb6d28e5c91782331acf74aaa20e05eec0f2ef5c58e,4/15/2025 9:59,CLOUDY/OVERCAST,DAYLIGHT,ONE-WAY,WET,298,S,DEARBORN ST,9,3,4,41.87822633,-87.62944903,POINT (-87.62944903305 41.878226333702)
69996d1eb68a25c38f643def411fe2b47b68d043d01f7615013812945ac59c503f126fbbfc2b9d578b3d7b02fa21eaf371301c08671717085a7f7ec8dd78422c,4/15/2025 9:56,CLEAR,DAYLIGHT,ONE-WAY,DRY,412,S,DEARBORN ST,9,3,4,41.87655845,-87.62940134,POINT (-87.629401340801 41.876558452452)
5275c636b1416f7b01b2144cf4e060779867cfaeb96874607388a70e5682b00ca4efc3650ed21b5aaa408133757a3dab55f48265432e8be2f6934811ea0f46bf,4/15/2025 9:50,CLEAR,DAYLIGHT,DIVIDED - W/MEDIAN (NOT RAISED),DRY,99,S,LAKE SHORE DR NB,9,3,4,41.88098221,-87.61710465,POINT (-87.617104651185 41.88098220772)
b8a52d6e64cb9ee608611de5142cac54c07cd5453a6fef5da4d4cf3b1baa355cbd409339e594e1151d48df8cf7d6773d95fd84229566e5b74e3e3337e5db8970,4/15/2025 9:30,CLEAR,DAYLIGHT,ONE-WAY,DRY,402,S,DEARBORN ST,9,3,4,41.87678739,-87.6294065,POINT (-87.629406504476 41.876787392441)
12397b30ca0fccc20c2ef59238555a85dd557dda18bbbe9d605d26342a63b2df98c1ca7bd176d437b09233601d87b740170098e3dfcfaa942fd63d37d21b3466,4/15/2025 9:10,UNKNOWN,UNKNOWN,ONE-WAY,UNKNOWN,419,E,ILLINOIS ST,9,3,4,41.89095532,-87.61690908,POINT (-87.616909076188 41.890955323487)
097f3a17dbf5ed68f0ea8df07cb31a1513840f143679df8767dae8b66f92588c46b17c60308407e59996c6a5b9a2647edbe1e041563bbd88dabf0243a3b7cd99,4/15/2025 9:00,CLEAR,DAYLIGHT,FOUR WAY,DRY,240,N,LA SALLE ST,9,3,4,41.88678441,-87.63262706,POINT (-87.632627059079 41.886784406868)
9687a17fdfe1ca763ad2ed0331c76c9e9aaf8fc5dfe5548619ea2b1dae9e0d437dd5084dea77cc193bc90e433c4fd35787ee25359264117afa0c957576680c7d,4/15/2025 8:37,CLEAR,DAYLIGHT,NOT DIVIDED,WET,303,E,JACKSON DR,8,3,4,41.87822562,-87.62044532,POINT (-87.620445316736 41.878225622494)
0bbab4a1df6e36c6a5d09a0c3e53acd49ececac26d7b4dcf9d50df39da79ba7272f031468a4eea0528155ebaddc29464dce7db8854afd1de31fee9d60d273346,4/14/2025 23:52,CLEAR,"DARKNESS, LIGHTED ROAD",ONE-WAY,DRY,180,N,WABASH AVE,23,2,4,41.8853537,-87.62641329,POINT (-87.626413285407 41.885353703983)
f42a0ee377e04c877223fbbe127582ce7fee1e0e02bf63d01d836b0ca049e8fb349cb4fb4aa14e93d2d43ec689591591a48ce89ed56c5ebd3fabd5a678f448fe,4/14/2025 18:30,CLEAR,DAYLIGHT,FOUR WAY,DRY,407,N,DEARBORN ST,18,2,4,41.88949247,-87.62944739,POINT (-87.629447386202 41.889492472943)
a663ea4ed02df88fe777b704eac001d7cfd54ad27bd8cc94b56e77c6e59f0bdc04d2f4a4a15689a28bbf9fd63208894d49dce5947ee4cfae719238ef35be1161,4/14/2025 17:55,CLEAR,DAYLIGHT,NOT DIVIDED,DRY,413,N,DEARBORN ST,17,2,4,41.88971042,-87.62945208,POINT (-87.629452077877 41.889710418156)
6fd05f773f469e8ef25b396fbd4b61226c977799aed178e854a31fa546129881fdf398af36831a2731caccf5b15a76791ba337ba0bbb41fee2bbb5898787db3f,4/14/2025 15:38,CLEAR,DAYLIGHT,FOUR WAY,DRY,2,W,WACKER DR,15,2,4,41.88704149,-87.62806208,POINT (-87.628062080102 41.887041490312)
caa01b2875789508d15b1c80b2c8be4c657bd7f40be2e751a16f1cf6a0a35da96ee802f6527f3469ce3a8b5e1059e7339273778b8ce60dd2ab5fb6170dbd1da1,4/14/2025 15:30,CLEAR,DAYLIGHT,NOT DIVIDED,UNKNOWN,230,N,MICHIGAN AVE,15,2,4,41.88651729,-87.62467769,POINT (-87.624677686429 41.88651728872)
d2be7f7147c351fcf4134af732ff3acba7559a792edef66175f3111d1615e37231c2e21b1f359b90ad68cf90b262bd644c7cefe1d9aa254236a41aaed8514694,4/14/2025 15:00,CLEAR,DAYLIGHT,PARKING LOT,DRY,161,W,KINZIE ST,15,2,4,41.88906211,-87.63348521,POINT (-87.63348520694 41.88906211073)
9efbf3ab80aa743af7abef13b87a5926bebdb31a80829148bc7125f46c7f6144c3606544271504445427b233bf3ef4c47149bff8d50ac2d495950de236341abf,4/14/2025 11:00,CLEAR,DAYLIGHT,NOT DIVIDED,DRY,364,N,MICHIGAN AVE,11,2,4,41.88834353,-87.62464876,POINT (-87.624648761452 41.888343528092)
21f7618e8ba19acda2677f3a3b1d920459908c9fdd96b6f06d06ca3637e61f443a0bd62b25b9d2fe93925b46302dc757af5ef7e7c0f077c95ac82cc1c9a2919a,4/14/2025 9:20,CLEAR,DAYLIGHT,ONE-WAY,DRY,131,S,DEARBORN ST,9,2,4,41.87988544,-87.62921159,POINT (-87.629211594803 41.879885440301)
b210b59c8d7154ac302bd4c6b978439d626671d08b8a384b8436330e792f91fcb9654fa51d9cb15ad584f237aeff329af1529fc884421e5aebd3357dde276472,4/14/2025 7:14,UNKNOWN,DAYLIGHT,OTHER,UNKNOWN,99,S,LAKE SHORE DR NB,7,2,4,41.88098221,-87.61710465,POINT (-87.617104651185 41.88098220772)
1ebdc7bf70ce3ca944d78d9a28638d08ae9a07adc32a92a24e06b036c4241ebd51c7260a75eee72272c16193729c0595c9ba1f35911d05659e63855931ba0306,4/14/2025 0:00,CLEAR,DARKNESS,ONE-WAY,DRY,111,W,ADAMS ST,0,2,4,41.87930128,-87.63116779,POINT (-87.631167792781 41.879301284703)
0869f6fbe11a18ceec0bf2e946e5967b48016dd4c318fac0c7bb63976a9581ae9c946aa4164dd55dfa66ba2f4f540f498c9bf7b8f36b770fefd99d027c0673f6,4/13/2025 19:55,CLEAR,DUSK,FOUR WAY,DRY,300,W,MADISON ST,19,1,4,41.88204264,-87.63538668,POINT (-87.635386678974 41.882042644219)
825660677c92f9014fd111975cc5476cc0e3fc99f88188d302912ae10891240e2951d150b99cc2b456f3c37e89552da0b39a2d5feeb6677bbfc5241477fec775,4/13/2025 17:30,CLEAR,DAYLIGHT,FOUR WAY,DRY,300,W,MADISON ST,17,1,4,41.88204264,-87.63538668,POINT (-87.635386678974 41.882042644219)
54f2d0087c8481a9d905e2118d7d4150366d2fc94ff3cab2e7db8d0451de51235d4a091fa30e402d7e2f1d68f52434bd545371339dd75be7dd96e9f7c3c81052,4/13/2025 16:23,CLOUDY/OVERCAST,DAYLIGHT,DIVIDED - W/MEDIAN (NOT RAISED),DRY,103,N,STATE ST,16,1,4,41.88329537,-87.62772424,POINT (-87.627724236955 41.883295373719)
5679e9ad624d3d9bdc96696f5530584b75cb56fc14cca312339879355d8d94b60acfc2e8297c1445fcc03cdbc1a2ace4ee65b8ab1fb4ca598a687744bf054d5a,4/13/2025 13:10,CLEAR,DAYLIGHT,NOT DIVIDED,DRY,125,W,HUBBARD ST,13,1,4,41.88989863,-87.63220835,POINT (-87.632208354729 41.889898628869)
32b08bfc5a33ea5c1823b6ad854cda5310c9b0a4592031d8cbb18b4500a71db4e200fe51318acd317db104856f1789fe000b1def6bf618912127c4f9a5a5020c,4/13/2025 12:48,CLEAR,DAYLIGHT,DIVIDED - W/MEDIAN BARRIER,DRY,500,S,MICHIGAN AVE,12,1,4,41.87565854,-87.62440494,POINT (-87.624404940923 41.87565854302)
935d72aa242742d5293ff1211471e124559c251011e18ca9f8c2f951bb74012990227fcd15f33f3682f74537c2b5cb4f7a2e06898fc4ed81b8045ec5af28636c,4/13/2025 10:00,CLEAR,DAYLIGHT,ONE-WAY,DRY,220,E,ILLINOIS ST,10,1,4,41.89108594,-87.62170381,POINT (-87.621703811899 41.891085941719)
15996bb788f83cad0a7c7ecff494cefdb71dce606e6fd7b9aac14ab6039eb8a5c05bed44a359b734c1c43079fdd31a0e206824f525e370bee786779e2df60e80,4/13/2025 5:11,CLEAR,"DARKNESS, LIGHTED ROAD",FOUR WAY,DRY,101,W,WASHINGTON ST,5,1,4,41.88310098,-87.63098188,POINT (-87.630981878887 41.88310098165)
9ea540625414065630deb27e139f8a1aa937344d85ffda256e722b29c13906f937ed667c4cd24d405628d2ef0643ca9eb3a8d56690f93fb855dee50256326e90,4/13/2025 3:30,CLEAR,"DARKNESS, LIGHTED ROAD",FOUR WAY,DRY,300,W,MADISON ST,3,1,4,41.88204264,-87.63538668,POINT (-87.635386678974 41.882042644219)
27cdc2b57119ba8e2d3cce55ca55de93774059dd57dd994bd8f9c533a737fa1f3f8c61489e73e9a1a8f540571ff4a2f8c6867e48b23ff4b7d0536f7565968b44,4/12/2025 22:15,CLEAR,DARKNESS,UNKNOWN INTERSECTION TYPE,DRY,451,N,STATE ST,22,7,4,41.8908285,-87.62788987,POINT (-87.627889869398 41.890828500917)
fcf5b8e466801abf10ec1df29534ea39a0714af234c76a1d5af311f7bcfaebbae15ee2defc992fd87bae82a8824c0018f14beaf8fb3b2bc99638e5c0bc881d33,4/12/2025 19:15,UNKNOWN,DUSK,ONE-WAY,UNKNOWN,520,N,DEARBORN ST,19,7,4,41.89160128,-87.62979671,POINT (-87.629796705231 41.891601284754)