CRASH_RECORD_ID,CRASH_DATE,WEATHER_CONDITION,LIGHTING_CONDITION,TRAFFICWAY_TYPE,ROADWAY_SURFACE_COND,STREET_NO,STREET_DIRECTION,STREET_NAME,CRASH_HOUR,CRASH_DAY_OF_WEEK,CRASH_MONTH,LATITUDE,LONGITUDE,LOCATION
2f16f83fc55254ff578567aa281b85342e244090a453a02c16ad584f4b2841c871e17d10e81914fb2decea7fac44183522d5f7135da980582658ceff0989f9a2,4/12/2025 18:45,CLEAR,DUSK,NOT DIVIDED,DRY,230,S,CLARK ST,18,7,4,41.8785602,-87.6309435,POINT (-87.630943497472 41.878560204466)
593f85a09ae8720c61c504c63576d0f0cca84f150c9932a4e1e1baa3a09931514bdc676e95ef2f17482a67e1b2a2e567e57717d0cdee45233a04f8b97d1a2ef2,4/12/2025 18:25,CLEAR,DAYLIGHT,DIVIDED - W/MEDIAN BARRIER,DRY,189,N,MICHIGAN AVE,18,7,4,41.88545215,-87.62434811,POINT (-87.624348109434 41.885452149942)
86fb69e3520db1e21705ae3386e79982e5485e556f6404715adbc29bc6aeeb532aac79d5110f973beb2b7216d578bb359794ca8870b946e2f875f6642e8e1971,4/12/2025 18:20,CLEAR,DAYLIGHT,FOUR WAY,DRY,100,E,RANDOLPH ST,18,7,4,41.88457722,-87.62440363,POINT (-87.62440363391 41.884577219487)
2d135203da2ab00591a897d79d4fef05b49deb8d2b848f88351a80eea2257a3f6532d0742217421b5cff4aabc907475ca05a72f0c1d3bcbb2acd4634a9b666bc,4/12/2025 17:40,CLEAR,DAYLIGHT,TRAFFIC ROUTE,DRY,343,N,MICHIGAN AVE,17,7,4,41.8877503,-87.62441087,POINT (-87.624410867821 41.887750298554)
048cdefd72b65644a697cbc8dbbe387f62d37eefadf45c78b5bfc1c3985edbfb1e09902b76d3c550c113edfc23fcd27ed4b42a6dc16462ac541f9420ceae9696,4/12/2025 16:22,CLEAR,DAYLIGHT,FOUR WAY,DRY,36,W,ILLINOIS ST,16,7,4,41.89094466,-87.62955405,POINT (-87.629554048003 41.890944656709)
44dac9cf4b9e6bf9856786ed7cb6a6075173ca4eac87271f078bd58bbb4953950603395068932b9b0cca4fa0445b2f3e1acbc9e7fc2a4359ec58e0dc517e314b,4/12/2025 12:50,CLEAR,DAYLIGHT,DIVIDED - W/MEDIAN BARRIER,DRY,399,N,MICHIGAN AVE,12,7,4,41.88930818,-87.62411496,POINT (-87.624114959166 41.889308183775)
570e78b96e2725998b638bb7c2f643da520a3c9f3b32f16c4926565a3a1efa8e5349d3fc2db88c23616c9489cc7bd08902dea8f66390b37b3ba2bfefc9f737e4,4/12/2025 10:15,CLEAR,DAYLIGHT,NOT DIVIDED,DRY,200,N,LAKE SHORE DR NB,10,7,4,41.88505246,-87.61421574,POINT (-87.614215739327 41.885052462405)
7df34cc31ff2ab9c568ec709adcbeeb0e4f33a0bf597fd774d302fc744e75be9f809901cc6aac61e29500a779f7f470540392c6b5449f6013ca5b359c6c3f365,4/12/2025 9:35,CLEAR,DAYLIGHT,ONE-WAY,DRY,55,E,OHIO ST,9,7,4,41.89240275,-87.62589326,POINT (-87.625893256998 41.892402753208)
b61e449fdbf2e9b241001af059dd0aa57be8a724f06ad140a028c9ade4fb2392020d0b4f886efc8f37ef6fbfc643c9fec36d339e5bf8ecb6f933c87989719d04,4/12/2025 0:59,CLEAR,"DARKNESS, LIGHTED ROAD",FOUR WAY,DRY,300,N,MICHIGAN AVE,0,7,4,41.8868758,-87.62468519,POINT (-87.624685186707 41.886875795392)
605ae7ca500faab80e6f08e48f2d7f114e8fc57bfd4ee8ff11e61b896accedbe2531f3ee1f6bedf8527a7753768860677fe8d77cfb7cff24c449ec0d13c7b211,4/11/2025 16:09,CLEAR,DAYLIGHT,UNKNOWN INTERSECTION TYPE,UNKNOWN,511,N,COLUMBUS DR,16,6,4,41.89140488,-87.62008123,POINT (-87.620081229738 41.891404880694)
eb24adbaf9e72119059a5a383618223d7a06b998849233037fb30829ec9539749a971428953178273168631ba0b700c7c0c7681066f7c096b3d352b51dd6bf0a,4/11/2025 15:09,CLEAR,DAYLIGHT,NOT DIVIDED,DRY,224,S,MICHIGAN AVE,15,6,4,41.87893738,-87.62448327,POINT (-87.62448327326 41.878937382428)
35286817cf8de9c68047c4be2bb82ea95d8c06621e73bb3eccf6945ad70fa14591bd483a3015ed00872b4e064afea4830d130fd8adad01efb26717af6aab6776,4/11/2025 13:30,CLEAR,DAYLIGHT,ONE-WAY,DRY,333,E,BENTON PL,13,6,4,41.88539005,-87.61898671,POINT (-87.61898671164 41.88539004667)
02e315c281e596aced01115281f691a32bdf159f915c60d1bee04849eb7b7324bed007556151812737ffb3b754553b0c128ba63dcc6d075a45c4ed0aa7c64cb8,4/11/2025 13:15,CLEAR,DAYLIGHT,NOT DIVIDED,UNKNOWN,551,N,RUSH ST,13,6,4,41.89248821,-87.62524541,POINT (-87.625245410214 41.892488212697)
241ec1f49206ddcdc2f1f1ed3cbfa1489c1d0ed9ca1d3d246b3d5925bf2717cdc050c14e7c3c1f636cd8ced8ea52a4aa76d9b3619ea9b5b2bcdb93d93f3c68f7,4/11/2025 13:00,CLEAR,DAYLIGHT,DIVIDED - W/MEDIAN BARRIER,DRY,121,N,LA SALLE ST,13,6,4,41.8837646,-87.63227535,POINT (-87.632275353537 41.883764598103)
9d368b3b4046a75b612af6e3e0d2ea1e38fcf76e6959426dd6be9ab6c3d890a0b893a766520319e7294388075de3076e33b0b07b24a06b27815fe74aa5e5e663,4/11/2025 11:15,CLEAR,DAYLIGHT,ONE-WAY,DRY,20,E,RANDOLPH ST,11,6,4,41.88460285,-87.62718694,POINT (-87.627186940196 41.884602854888)
33305a90deeb3c8e5f137c3fdefaf1bd194fdc65b88454ce5f8bc2107447ca1eaf610e25895b36410beb9a2dda193c5f8c9bcb836fbeb4ceb9aa8383160df343,4/11/2025 10:27,CLEAR,DAYLIGHT,NOT DIVIDED,DRY,450,N,CITY FRONT PLAZA DR,10,6,4,41.8901115,-87.62210388,POINT (-87.62210387506 41.890111496529)
c7521cf362beb778aea3554e45fa7289faaa0f2b1d5ebdcf71505878086cc1180f19b0c0bd75ff1f9320989ebd353123b8b222a72e0bf4e4323c24f866c4f10f,4/11/2025 10:15,CLEAR,DAYLIGHT,ONE-WAY,DRY,450,N,CITY FRONT PLAZA DR,10,6,4,41.8901115,-87.62210388,POINT (-87.62210387506 41.890111496529)
0d673665e6d6db74730806b478f4ab1920af9d5948a0527f64f538327d29dbf28db26867774cc647d2003a06bbaf99b120a54ecdf1e73a463006fc3e1319318f,4/11/2025 4:30,UNKNOWN,"DARKNESS, LIGHTED ROAD",ONE-WAY,UNKNOWN,101,S,DEARBORN ST,4,6,4,41.88068819,-87.6292215,POINT (-87.629221504258 41.880688192149)
6691e859407d871deb2b8eb666041848c269a14f80e41754e636d5c41a3433f2cc5373eb2a41a7f4ed8de0e8059abff463cbb7ba5582305b30732593a84348a8,4/10/2025 23:11,CLEAR,"DARKNESS, LIGHTED ROAD",ONE-WAY,DRY,425,N,CLARK ST,23,5,4,41.88992739,-87.63093143,POINT (-87.630931431659 41.889927386838)
62695d7327071b2edc6f8eab00a095d7607bdacad2c2892bd72038a7f37922b60f3ee3da04a570859ee57860ea876396bf01caa38d7ecd92750a5388f2785ad8,4/10/2025 23:00,CLEAR,"DARKNESS, LIGHTED ROAD",DIVIDED - W/MEDIAN BARRIER,DRY,120,W,WACKER DR,23,5,4,41.88704141,-87.63163382,POINT (-87.631633821471 41.887041410533)
e4ba36ac7cfa4e9bbc26bef454384a8f9c027f183f2b458f6dff23872c6ba1bd1303e931f88dcabfbc9259f9d3166bf0f6c0385b7299404abf356cf63a5b4aea,4/10/2025 15:20,CLEAR,DAYLIGHT,DIVIDED - W/MEDIAN (NOT RAISED),DRY,540,N,STATE ST,15,5,4,41.89206949,-87.62822443,POINT (-87.628224428293 41.892069494494)
e426fe95f8b9c2cfa605957aa8f2cacec8cca5cb677ebeaea47b60d98600fb239d8e40475931b61b58f61d90e5b9b24acecdf45baf2006300e0defc48101ea95,4/10/2025 14:50,CLEAR,DAYLIGHT,NOT DIVIDED,DRY,131,S,STATE ST,14,5,4,41.87990143,-87.62757349,POINT (-87.62757349122 41.879901430753)
fd54cce7b8f2bae573a13ea1992f798b0c27d4ea8c8309d20a98bb0cf0781e1add5bb629d809c685e4b57d44c62f191ec3422ded934c4bb39289272423e38467,4/10/2025 13:51,CLOUDY/OVERCAST,DAYLIGHT,NOT DIVIDED,UNKNOWN,172,W,ADAMS ST,13,5,4,41.87950365,-87.63296974,POINT (-87.632969741567 41.879503650162)
d413b8ce2711815ba085d949c83c9474ce8fe8f369cd00441634c4d346874c9592d6169f64ecd11de8c83af7c5a1c2aca28829a312cf34a0caebb98054bdac67,4/10/2025 11:46,CLEAR,DAYLIGHT,NOT DIVIDED,DRY,228,W,LOWER WACKER DR,11,5,4,41.88705647,-87.63493704,POINT (-87.634937037709 41.887056468859)
f3616e15d3cfba5572b9d2644192b9a4fa1f72aeaabfef0821423ad0a852d2c9cbc59b639232e6893d9e45af52aece94251e7dc115b25f39777b7258a9fb4f2a,4/10/2025 11:25,CLEAR,DAYLIGHT,DIVIDED - W/MEDIAN (NOT RAISED),DRY,228,W,LOWER WACKER DR,11,5,4,41.88705647,-87.63493704,POINT (-87.634937037709 41.887056468859)
167fb10cf069c37387c634f3d625342db67a65a22a7c2b019c4b569b10949fddfdf0faea9634003549e4d2eccbd78a1efaa06816d6dbaeff8b881e7e8a23e39c,4/10/2025 10:43,CLEAR,DAYLIGHT,ONE-WAY,DRY,299,S,DEARBORN ST,10,5,4,41.87823481,-87.6291555,POINT (-87.629155503628 41.878234811434)
91feb7fc04196af925bff1c18836025fd938d5aad3fd4785249e4ef1291244c9938a8e70aadf8f6d29ed1c6e3f87b27cbf046fc6a0302a872bd15d5cdafa6a33,4/10/2025 6:19,UNKNOWN,"DARKNESS, LIGHTED ROAD",RAMP,UNKNOWN,306,N,LOWER STETSON AVE,6,5,4,41.88703841,-87.62252239,POINT (-87.622522391228 41.887038414483)
a99056e2648842dad9788ec728343af4e528eb921ab2fa56e2f87d539ef791e612c93cdfeeed4fee96406af6af60a692d585a8913f8d35406fa4e30b2dd9072e,4/10/2025 1:20,CLEAR,"DARKNESS, LIGHTED ROAD",PARKING LOT,DRY,400,E,LOWER WACKER DR,1,5,4,41.88755113,-87.61735601,POINT (-87.617356008287 41.8875511317)
29bdd2a65cbc48ca0c13236506d5b6df1101a39137078ba61960e306bb896564a9e8b4e5ee4efb8eb9dc57f8679ca23ecc9ff77220932631286d6ebc208cffe1,4/9/2025 21:10,RAIN,"DARKNESS, LIGHTED ROAD",NOT DIVIDED,WET,540,N,RUSH ST,21,4,4,41.89218974,-87.62552459,POINT (-87.625524592411 41.892189737372)
6f78b5735908a2a4ba183d533a92489e12ae5323daa0c73e319956d99090a4467a24063048717619c79742f745aaa80cb72ec4ce7063bb910af6686e754e49d4,4/9/2025 21:00,RAIN,"DARKNESS, LIGHTED ROAD",NOT DIVIDED,WET,100,S,COLUMBUS DR,21,4,4,41.88080566,-87.62093499,POINT (-87.620934991819 41.880805655312)
bcfa51a4bf35b1f6289888534be8da2debb2ee828bf81fb46ac1db84c646cd0437cc8b59ee2a6a7f8bbca166a5cc0ddbc12cd4669b64dbae1103dcc2c951ded1,4/9/2025 20:37,RAIN,DUSK,ONE-WAY,WET,488,E,LOWER WACKER DR,20,4,4,41.88747989,-87.61604712,POINT (-87.616047119018 41.88747988917)
fbc83b52f7a50e63d33311605e0d10f74785db1305df591668a62a59e5653e5b2383060491f89187a6b07e940743dd3227acfa2cae2f28390b2a217711b03ec8,4/9/2025 18:30,CLOUDY/OVERCAST,DAYLIGHT,DIVIDED - W/MEDIAN BARRIER,DRY,300,E,LOWER WACKER DR,18,4,4,41.88808207,-87.62050117,POINT (-87.620501170849 41.888082067345)
5b8b92f6147bb16bff1482a678cdd964e09eb8811805ea7d8bde5a199117e87a6b89c367ff0c5408c33fc0e3de15912dad1da0dcdac12619500d7a06eb8d73bf,4/9/2025 18:01,RAIN,DAYLIGHT,NOT DIVIDED,WET,15,W,ILLINOIS ST,18,4,4,41.89074352,-87.62867006,POINT (-87.628670060191 41.890743519442)
be22487095b0da2b5c582ceb5fc0f0d05d8c2e17611517d613ebbffa31bee077a4b44e1959197dec052518b68a827b38d39cf19f2ce11af32bccb6c118170226,4/9/2025 14:45,RAIN,DAYLIGHT,DIVIDED - W/MEDIAN (NOT RAISED),WET,2,S,STATE ST,14,4,4,41.88196032,-87.62793728,POINT (-87.627937278925 41.881960316027)
fac8d67ec85b2b2222105590df54e662d0daea7a2262dba64fae949518fa6460b20e6a7f7bfc9e32efba0d8013f233d0d0256d7ed1b9a580eda24ea0ee990551,4/9/2025 13:49,CLEAR,DAYLIGHT,FOUR WAY,WET,605,N,MICHIGAN AVE,13,4,4,41.89271559,-87.62404433,POINT (-87.624044333609 41.892715590941)
989dbded2c83ef5fdef90263e9b852b8f9c1d778d616c344951dcf722a4e7082a10939fd871a5eb94065e3e9111fc84899e530c47f8da8b74cf9b3e25654bb0b,4/9/2025 13:40,CLOUDY/OVERCAST,DAYLIGHT,FOUR WAY,WET,70,E,VAN BUREN ST,13,4,4,41.87710689,-87.62507516,POINT (-87.625075160202 41.877106891404)
d64bdb0a23ac78ab60087b8b4497f4c1929ebd4fd2e084fead1c5ba1242cfab1e924cea2aa9e2740c2e021878829bf589a2eeb068d106e1b3e2a74aea081705a,4/9/2025 12:30,CLEAR,DAYLIGHT,NOT DIVIDED,DRY,511,N,ST CLAIR ST,12,4,4,41.89135215,-87.62251712,POINT (-87.62251711756 41.891352146439)
dcaa74ea8e784d746b2ff3d56fc815eaaf47add759fbf46147293dfeed51174b453542c929e03944c47406e100288e2b4951505f56a3a673e7ebc1811f50d7b8,4/9/2025 10:00,CLEAR,DAYLIGHT,ONE-WAY,DRY,136,E,OHIO ST,10,4,4,41.89266983,-87.62411924,POINT (-87.624119240289 41.892669833705)
e0a52e734c4005fa739d97b44d47359b3e333782cb14b3df08176509bd73e327f4cf34ac08bd96918f75a7f7b98094e07ce5e558f8639f0c3e14702268b25eee,4/9/2025 9:15,CLEAR,DAYLIGHT,ONE-WAY,DRY,200,N,CLARK ST,9,4,4,41.88601364,-87.63113018,POINT (-87.631130181818 41.886013640229)
8da8d221d13cc540d95e12143cce4074e0a02229705eb3819b671e0350787626036b2470ef557860ffb8ef6684ce6582bbce65adddc54845385c50d89113137b,4/9/2025 8:38,CLEAR,DAYLIGHT,ONE-WAY,DRY,52,E,RANDOLPH ST,8,4,4,41.88460663,-87.62598599,POINT (-87.625985991917 41.884606628402)
cad9f93fa83c6e60e683cf1f497efd31bed573905781f6345165fc1d1f2176b12491098f02b097a7d5b11c9ed8cc76d2084a7701e6ed2fbdf1a1f1a48eb8277b,4/9/2025 5:47,RAIN,DAYLIGHT,ONE-WAY,WET,1,N,FRANKLIN ST,5,4,4,41.88196747,-87.63516544,POINT (-87.635165442847 41.881967467024)
14ecf19aa05f7e0e9c2c71b788e45bef9ef64a8000d865feb0dd6ed9c8d18e9aefc42c30fb5d6020912db98b5a2b553d9ceb292838ba8a899e380fd1e8c2ac0f,4/8/2025 22:21,CLEAR,"DARKNESS, LIGHTED ROAD",FOUR WAY,DRY,150,N,MICHIGAN AVE,22,3,4,41.88453096,-87.62460204,POINT (-87.624602044601 41.884530963783)
45e83d4aedc2bd8af355630df4f68f0e6124ecea1bbcb7c132235487595f0d974a9e3657d5b496bc805903fc3a09054aa6058c4337afd4be687b46e2d7c2fae7,4/8/2025 19:20,CLEAR,DUSK,NOT DIVIDED,DRY,400,S,STATE ST,19,3,4,41.87686253,-87.62779697,POINT (-87.627796970132 41.876862529588)
2e85b6400fcb816c3362b53f6023acbec366bfcad7e96dab91d8415a9c6ec410cd958e349062d25eaf32993217725f35a1df9737d134f5984a2a7fa9cf9788eb,4/8/2025 17:50,CLEAR,DAYLIGHT,DIVIDED - W/MEDIAN BARRIER,DRY,273,N,COLUMBUS DR,17,3,4,41.88692363,-87.62055363,POINT (-87.620553628263 41.886923626726)
1f77a71ffbf64432b54f500e3ada4faab3f3215f4983df14a733654a48e94eef29fdadd088f1ed93bf1c4a7da329130f96d63063472bdda1945625b0a4d62460,4/8/2025 16:50,CLEAR,DAYLIGHT,ONE-WAY,UNKNOWN,122,S,STATE ST,16,3,4,41.88006059,-87.62787061,POINT (-87.627870606886 41.880060594124)
f9dc9e0295a24c1651b8f6a4e4ccab7c3cb87a45c093643efa27e3661b922a84c7b5b69c7dbf0c1ab7f5573a0cd8523057882c18ec12b644e03b70e499cac8a0,4/8/2025 16:30,CLEAR,DAYLIGHT,PARKING LOT,DRY,516,N,RUSH ST,16,3,4,41.89152536,-87.62551966,POINT (-87.625519663838 41.891525358986)
32b4c706dfb7d997c41322e7a59c7cdf04b4a6c254c9de607f139df2d3ad383addca7ef095297169f534c0285caebd1aca6430fb394612b74f6fa4e0c58e6c33,4/8/2025 15:55,CLEAR,DAYLIGHT,ONE-WAY,DRY,159,N,WABASH AVE,15,3,4,41.8847818,-87.62610787,POINT (-87.62610786782 41.884781799169)
152b35ddfcb301b4a60e1d76cac78cbaf5328a4c69573dade7ba5ee24de2c7e5d4508c86a9dda06c2faa6b8cea890f703ae2162af7ea77938af0ec0999ae378b,4/8/2025 14:02,CLEAR,DAYLIGHT,NOT DIVIDED,DRY,43,W,HUBBARD ST,14,3,4,41.88993044,-87.62952594,POINT (-87.62952594153 41.889930439942)
3fc87550e822f78ab78259dd238cad82f1bfe9da3455f949ed604050026e3b3ebaac6774cfdb2a8ecca76f2b8dc6a20c1b324fbbde6c808d81691a6e51310e1f,4/8/2025 13:59,CLEAR,DAYLIGHT,FOUR WAY,DRY,2,E,ADAMS ST,13,3,4,41.87960177,-87.62764348,POINT (-87.62764347737 41.879601771907)
3022d9e61299c556cabd70a7d65cab267af3055f6e72a8039c78b71ceed1e7c5013aa0cc7e2013eb8e7fccca871533bb50b89c162fadc84a3f4799a9d49e533b,4/8/2025 13:50,CLEAR,DAYLIGHT,ONE-WAY,DRY,219,S,DEARBORN ST,13,3,4,41.87896684,-87.62919336,POINT (-87.629193356099 41.878966836146)
804bd7b9bbb96e7223ab88819936e671c42ddebb8a15fed87dfd549ba7dfdde8a1f356c22723d5f456aa8680a1e3ccd63403fb381cb81d84ec734ab251426d41,4/8/2025 8:35,CLEAR,DAYLIGHT,T-INTERSECTION,DRY,198,S,MICHIGAN AVE,8,3,4,41.87961696,-87.62449996,POINT (-87.624499957019 41.879616960921)
81f2bcba922df22eb5d1eec7c7464234551484ad2e7f9aeab0a58aede1ca34e4fa0ddf4a7d06710a48d03750a19b6e3df1d2b882b29ea990f9abfffe24d8e3cc,4/8/2025 8:00,CLEAR,DAYLIGHT,ONE-WAY,DRY,15,E,OHIO ST,8,3,4,41.89237092,-87.62741589,POINT (-87.627415892018 41.892370924192)
980b15eae334724e6bee13fd4f3a50f3666228c48abdf5fd93662c92bbf21d86199db1e9f69137fa4ea9a8e761a87b956a2b2084b1a5d01ec41c666c6ddaa871,4/7/2025 21:40,CLEAR,DARKNESS,ONE-WAY,DRY,500,N,DEARBORN ST,21,2,4,41.89087159,-87.62977599,POINT (-87.629775984993 41.890871592559)
eabb7da99dec034624ce29bc259bf3509cc8be1651e07832b0e015d7e07ba74dbbbcea0c7428131809fdc3e2c2f282cdf89868346ea1f66b3cd51c4cef669fe4,4/7/2025 20:50,CLEAR,"DARKNESS, LIGHTED ROAD",DIVIDED - W/MEDIAN (NOT RAISED),DRY,301,S,LAKE SHORE DR NB,20,2,4,41.87831701,-87.61705213,POINT (-87.617052125371 41.878317010667)
71db7a768f4e90e2ef89181265262c774e386e5657c009a91c1cf3325aa3cae5de5d4f32023ff4069c3b1d456df6673e43cd3221d43195377d2b99520a4ac79c,4/7/2025 17:14,CLEAR,DAYLIGHT,ONE-WAY,DRY,198,W,RANDOLPH ST,17,2,4,41.88457947,-87.63382252,POINT (-87.633822521504 41.884579472658)
71b0a323fac57d281249c0245f3ec6cca291ed231629425d1a5b4dc72c6c152d5553495d70b5fa5c964add6ffe6dc2323c7a5e0d3d94de06577bf54eda5e92ea,4/7/2025 13:36,CLEAR,DAYLIGHT,DIVIDED - W/MEDIAN BARRIER,DRY,200,N,LA SALLE ST,13,2,4,41.88576112,-87.63259515,POINT (-87.632595153109 41.885761124491)
d8e1025902a39f603b1d55b31c75736dae6493a181ae52cdc868705d83c30a436fdce09a065399056ae7113dc31732366bc045f944583b449eef8fdce09b2a63,4/7/2025 13:00,UNKNOWN,DAYLIGHT,FOUR WAY,UNKNOWN,500,N,STATE ST,13,2,4,41.89090369,-87.62818612,POINT (-87.628186123483 41.890903690741)
fe4751c863341b292703d989f861e7fcdf11625ef00fe0f77209d6aee1e88b0bbdc699c610157c4be5785d0b505fb55bdc1e3ab30bcbe5660502fe9da2ee5ab7,4/7/2025 12:55,CLEAR,DAYLIGHT,NOT DIVIDED,DRY,19,W,LAKE ST,12,2,4,41.88564039,-87.62868113,POINT (-87.628681127327 41.885640387067)
d0a4a7dcb5ddbaabded5407164b758cef6473ca742608ffd77cba224bb10c3c029ce192c2ccfb5e9528467e8818cc628693e07e7aeb7483bd600cc4d4abe5ae6,4/7/2025 12:21,CLEAR,DAYLIGHT,DIVIDED - W/MEDIAN BARRIER,UNKNOWN,221,N,COLUMBUS DR,12,2,4,41.88631251,-87.62054177,POINT (-87.620541769872 41.886312514284)
4af5726bb6519a873a2a9193faba9079db68c180fb5a2dc839cc7852d8c8e716d1ae6a7eb0ca5a5079eeef0dab2a9887999c0420e6d5ba3589e61fca94d0ba9b,4/7/2025 10:25,CLEAR,DAYLIGHT,NOT DIVIDED,DRY,130,E,RANDOLPH ST,10,2,4,41.88458837,-87.62327256,POINT (-87.623272561055 41.884588371969)
f450aaba7474aa044563032530947573bc0152480e9b36ebbdff4bf5879ca664d0b7fd7d541caf86a863857a4e20dafedb192aba0322a476f9a2af0f59dc02b1,4/7/2025 9:36,CLEAR,DAYLIGHT,OTHER,DRY,520,N,STATE ST,9,2,4,41.89163106,-87.62821585,POINT (-87.628215845305 41.891631055727)
58afe6e626bae934a11a38878b48a13288f143c008122e094bb70b9b02bbd94728a106d0104c92176f8981df2c23bac63e478617fdc01b9c40c2e2f3a9907f17,4/7/2025 8:30,CLEAR,"DARKNESS, LIGHTED ROAD",DIVIDED - W/MEDIAN BARRIER,DRY,64,W,LOWER WACKER DR,8,2,4,41.8870693,-87.63036787,POINT (-87.630367868642 41.887069304408)
61393b3b8ed90c4404ac313789cf5bcbbca063f58637c313a2c6d23baa090d3b6a0fd813d6da339a8d72473bab2b4728cd3cbe1052e293bb35a927629f74959d,4/7/2025 7:11,CLEAR,DAYLIGHT,UNKNOWN,UNKNOWN,200,S,LAKE SHORE DR NB,7,2,4,41.87958346,-87.61760712,POINT (-87.617607116909 41.879583457474)
935b668d7f11772caefdb8e658ff47cdb54381a8125728ef41ee0aab167330fae29ff05e465204abb2e164b888c05237a3a2ea644f9b5232064b7980f80f82f0,4/7/2025 6:00,CLEAR,"DARKNESS, LIGHTED ROAD",ONE-WAY,DRY,410,N,DEARBORN ST,6,2,4,41.88963425,-87.6297443,POINT (-87.629744299862 41.889634252878)
e251e122519b00f251eb4274279338ded16c082b429c497c4bffa2452b7cbd09c76adf944364c4b54dae315368b8265b4b62b3cfad26a9c5ab40bbbfdb5735d4,4/7/2025 6:00,CLEAR,DAYLIGHT,DIVIDED - W/MEDIAN (NOT RAISED),DRY,425,N,DEARBORN ST,6,2,4,41.89000216,-87.6294588,POINT (-87.629458801354 41.890002161811)
77f501c9812c507760a61f3ea49db81a6e422ab33ca988edb3367dad46418934b677fad829fad4aea82a428a62250b0d809d4b84f68cff60dbaef0c1167e28eb,4/6/2025 20:30,CLEAR,DAYLIGHT,NOT DIVIDED,DRY,619,N,WABASH AVE,20,1,4,41.89318499,-87.62661003,POINT (-87.626610029694 41.893184988506)
0f6ac7a9b8005cca5c9db5b4ac942b4122f03f92880dd2abd89a1df11af1b2a623bacc8b33c13c8089ca2a627fd4ee5398abc8519344af6d5c00984f95ee020a,4/6/2025 17:00,CLEAR,DAYLIGHT,OTHER,DRY,24,S,MICHIGAN AVE,17,1,4,41.88151441,-87.6244956,POINT (-87.624495596028 41.881514411227)
1a8d92a3a0b48d228876fd6eda569b97362bf7d2bddd9d014c4d2b7217821364d7db2f68d7cf9180a2eae0dc6d2f2cbf72b45a5dfbde102267e6bab4d9e590a3,4/6/2025 15:42,CLEAR,DAYLIGHT,UNKNOWN,UNKNOWN,600,N,MICHIGAN AVE,15,1,4,41.89259323,-87.62433405,POINT (-87.624334047949 41.892593225538)
e14bd7d54fd07e683db70c018b8a6c397891cf4126d0ebb82097071ee7ec3131c6cd70b250fc32923fc0fb2ebd502213864919a58802640b75b489563e83f084,4/6/2025 13:30,CLEAR,DAYLIGHT,DIVIDED - W/MEDIAN (NOT RAISED),DRY,225,W,WACKER DR,13,1,4,41.88670922,-87.6347109,POINT (-87.634710899459 41.886709222026)
d242419b156321b5d6dfedb968e66b31350b7b1c90b44cec336343361d97088f2db55a692613e9575d5ee915b1dc531ce82863c0736b6d6f1bbf59af4b28b84a,4/6/2025 9:45,CLEAR,DAYLIGHT,NOT DIVIDED,UNKNOWN,305,E,JACKSON DR,9,1,4,41.87822668,-87.62037892,POINT (-87.620378915952 41.878226676838)
2e33c5aa796e3a1f0d16ed00b5d7e74ead9e21c1a4251bd2f14f0be89ffd838404e92fc5b72af04652c69309aef175452569baffa314835fbe2896600e5a1c2c,4/6/2025 9:14,CLEAR,DAYLIGHT,NOT DIVIDED,DRY,452,N,WABASH AVE,9,1,4,41.89084751,-87.62683648,POINT (-87.626836483191 41.890847508029)
9e16a84ddea57d6bf98e053946675c4a64a4ec17ea543c1c79191ccdd9c011cd769911e03cae6c906847923774cbd9b4c9b3051295a7ad36001e29914a063fb9,4/6/2025 7:54,CLEAR,DAYLIGHT,FOUR WAY,DRY,100,S,COLUMBUS DR,7,1,4,41.88080566,-87.62093499,POINT (-87.620934991819 41.880805655312)
9934aade857f6c6482fc42df4c88696675b42c066adde2cca4b756e655ef6e86cf12ec8028c30c1935e6e4543fe4d1cecae66c4aada60fef4e577dbf875980b2,4/6/2025 5:08,CLEAR,"DARKNESS, LIGHTED ROAD",DIVIDED - W/MEDIAN BARRIER,DRY,99,E,LOWER WACKER DR,5,1,4,41.88806789,-87.62472503,POINT (-87.624725028631 41.888067891573)
0fc253f9b80a946f7892e52aaf5ddad89d8a2185c3533f983bafcd6deac0692dff7eed08596df43becabf6c4480e98acaa2958f9cf08ea2ba3615e2f9aecedfc,4/6/2025 2:45,CLEAR,DAYLIGHT,NOT DIVIDED,DRY,25,W,HUBBARD ST,2,1,4,41.88994002,-87.62894827,POINT (-87.628948272311 41.889940020834)
cd9706ddb2b9414d0069ecdac46ced733b5dc05a6c26df9919d44f378122d4c373582f0a57c71cb4e41bbce92a9e0890751dec101facf93f42edbf8848a55960,4/5/2025 14:20,CLEAR,DAYLIGHT,PARKING LOT,DRY,525,N,WABASH AVE,14,7,4,41.89165069,-87.62656985,POINT (-87.626569849581 41.891650687678)