CRASH_RECORD_ID,CRASH_DATE,WEATHER_CONDITION,LIGHTING_CONDITION,TRAFFICWAY_TYPE,ROADWAY_SURFACE_COND,STREET_NO,STREET_DIRECTION,STREET_NAME,CRASH_HOUR,CRASH_DAY_OF_WEEK,CRASH_MONTH,LATITUDE,LONGITUDE,LOCATION
513f8635a3415fb598d1be61e994d26b774434a52bfe649f9084f3465bb946e98593f45da97878683b00620036a8a37cfe572c419654c86811e10f1e9b04e030,4/5/2025 14:00,UNKNOWN,UNKNOWN,FOUR WAY,UNKNOWN,125,S,FRANKLIN ST,14,7,4,41.88003065,-87.63511242,POINT (-87.635112420623 41.880030651655)
caf6174cd8de491eb062d75e1eebd1edd1fea28a4750bbe89c6f0ad81c83ff293a5d56ffa1c1c69a1640a93126415b316003a2b5d52ef43a8a85b9a61c692d61,4/5/2025 13:42,CLEAR,DAYLIGHT,PARKING LOT,DRY,25,N,MICHIGAN AVE,13,7,4,41.8826705,-87.62424154,POINT (-87.624241538569 41.882670496958)
70a3e53b9ec744570b1fa48861f2c3e335e6f58c22bdfce749d1f1e6c01a28ebd96062c30f4c80967543499099f0b806e0a6058cbec24b3b0339714b684fae83,4/5/2025 13:10,CLOUDY/OVERCAST,DAYLIGHT,ONE-WAY,DRY,314,S,WABASH AVE,13,7,4,41.87785918,-87.62622567,POINT (-87.62622567052 41.877859184691)
97038fb16fa11ee600438a92883683dd2e8737ab5ca2058cfe40b117ae8d904d64e8072cd1ac2a32bedbcf599f283389daa53703297e3362600ab3bb2ad6f043,4/5/2025 12:05,CLOUDY/OVERCAST,DAYLIGHT,NOT DIVIDED,UNKNOWN,151,N,STATE ST,12,7,4,41.88452436,-87.62776455,POINT (-87.627764548957 41.884524361763)
26d63c1bb2053d33c2c0e49ad610e033b4ae7839d306b44716656c3e70499af3c2692049f5c9ae2db3c693799ed1d204c47b8c121623d3702b5762c3546f1198,4/5/2025 9:30,CLEAR,DAYLIGHT,NOT DIVIDED,WET,501,N,LA SALLE DR,9,7,4,41.89084384,-87.63241249,POINT (-87.632412488489 41.890843837159)
6dc9630c420aa1a0e67d13221e0a23f485868e137c51ab76cef505a1a256aedd1ca329b4424bc16018cb50ab83d82f4113172d9666688699c15f4ea54cb674f6,4/4/2025 16:30,RAIN,DAYLIGHT,CENTER TURN LANE,WET,121,N,LA SALLE ST,16,6,4,41.8837646,-87.63227535,POINT (-87.632275353537 41.883764598103)
f005be0d48f3d4bcf4ed4100e622ccee16ac6380038ea4e25cb97777ad48d4b239688131e2c77fa6be32fc72215afeac36670afa2539757c50dce00cf1371403,4/4/2025 13:55,CLEAR,DAYLIGHT,FOUR WAY,DRY,100,N,LAKE SHORE DR NB,13,6,4,41.88326589,-87.61626953,POINT (-87.616269526281 41.883265889838)
8b239fd14b1443ea4e0a3c469ac75791898d39d0bd6304c2c57b5952eaf960f872354a358a1bda9cfa3fe4cb9e2a83db2379ef6ba0870dbd2607f7548172d247,4/4/2025 8:00,CLEAR,DAYLIGHT,DIVIDED - W/MEDIAN BARRIER,DRY,301,S,LAKE SHORE DR NB,8,6,4,41.87831701,-87.61705213,POINT (-87.617052125371 41.878317010667)
8ee7e170c1d5b0862831dd601173334e76bf8d014fdd20d6f546f8c70efcbdfde93d1fc5212ea0e9a8e6522c3050bf9d72b87b5a29a637794c47b40168fe2fce,4/3/2025 20:25,CLEAR,"DARKNESS, LIGHTED ROAD",DIVIDED - W/MEDIAN (NOT RAISED),DRY,19,S,LA SALLE ST,20,5,4,41.88141901,-87.63220321,POINT (-87.632203207768 41.881419008008)
ed7faebc07c156e69bc430e8fea83d4491b75d99bcc71be8c22185ce68b8d12e809abe732bb0c5053fec7b10f65add007a20eb837cf1336552c238118d62fb7c,4/3/2025 16:45,CLEAR,DAYLIGHT,ONE-WAY,DRY,95,E,ADAMS ST,16,5,4,41.87944311,-87.62443766,POINT (-87.624437662917 41.879443105414)
91f8a54c8774d067eb04fcaf361978259a2fcfa830ca4058037c006b57cc471ecffa2c60633d3ccab3c75400310d72245802f6be447f1c02f5cfdcad507f180a,4/3/2025 16:20,CLEAR,DAYLIGHT,NOT DIVIDED,UNKNOWN,301,S,COLUMBUS DR,16,5,4,41.87826992,-87.62052861,POINT (-87.620528612011 41.87826991907)
3196321d24292a4585bb34f0516fb790aaaa928c778e76d6f3a7136f7fb3c72c10295dddc22ed9a2df1d1d69b98b42d8789fafa6b401871ca2d8da449b6d3774,4/3/2025 15:50,CLEAR,DAYLIGHT,NOT DIVIDED,DRY,190,N,STATE ST,15,5,4,41.88555517,-87.62808273,POINT (-87.628082725161 41.885555169503)
7b7cceacb61b92d59eb2d28969fab1d72a33766b497eb90838cb7580bf9924650f6ef59bf100d1a3d3cedfa7a7f71bfeadf03402f9070f02983099ecd938f25c,4/3/2025 15:24,CLEAR,DAYLIGHT,FOUR WAY,DRY,299,E,GRAND AVE,15,5,4,41.89169236,-87.62029077,POINT (-87.62029076672 41.891692362595)
273501513c6d5b04909df5c22a15a00aff983da38379295a4290138235a6b2cf5b6e3d4ce80da124354b11af1bb163606ff869141f9fae1fdc945384284b12e3,4/3/2025 14:38,CLEAR,"DARKNESS, LIGHTED ROAD",DIVIDED - W/MEDIAN BARRIER,DRY,301,E,LOWER RANDOLPH ST,14,5,4,41.88431004,-87.62052607,POINT (-87.620526067528 41.884310035974)
42f8600e2fb4b059f706d05f0b30e416b14ee39aabf415634f9685d224ed586a8aa82407a6915609e1660515c0a51eb562ffdfa2d504ff12cb9e74cf32206cd7,4/3/2025 12:53,CLEAR,DAYLIGHT,CENTER TURN LANE,DRY,71,W,MONROE ST,12,5,4,41.8805919,-87.63044233,POINT (-87.630442327033 41.880591895361)
9893451497f3f848ecdbb67018c513b9a236c043830550f97892e134aecf774c14e602728f9c38d1ae1fc5f6e7ebe410ffdb6c4d72dabc665d721d07ce36ce55,4/3/2025 11:48,CLEAR,DAYLIGHT,ONE-WAY,DRY,145,N,DEARBORN ST,11,5,4,41.88433967,-87.62930247,POINT (-87.629302474107 41.884339671462)
927008650088e9cdd09eb0982ba1ef4eaa355b907fd871fccc00a136c6320863e1723abd83f2d1b24ad370563161859bd881f0ce3c1efbacd6a485287a8d0acd,4/3/2025 7:55,CLEAR,DAYLIGHT,ONE-WAY,DRY,217,W,WASHINGTON ST,7,5,4,41.88310003,-87.63437825,POINT (-87.634378245247 41.883100029814)
55a1aa97e498648837f66d2c8464cf4e6da9ddd6578a3090c2a51f3dde03d67262eead6f05f02d8edcc283de4f51e4334e9ef49ff1203bb6cf89f502338a184b,4/3/2025 7:30,UNKNOWN,UNKNOWN,ALLEY,UNKNOWN,111,W,MONROE ST,7,5,4,41.88058227,-87.63120101,POINT (-87.631201008935 41.880582266334)
45f3732cf096802b25aeef1b917c3f91b86ac170ce9079fdc7963a4275602ef5cb997d784f9b7715980d723bce855d817a4b6d4dfa6906b762ac2e14d93700ee,4/2/2025 22:27,CLEAR,"DARKNESS, LIGHTED ROAD",DIVIDED - W/MEDIAN BARRIER,DRY,102,N,LAKE SHORE DR SB,22,4,4,41.88330428,-87.6161859,POINT (-87.616185899154 41.88330427595)
515e452bdc3ef6712f662c4400df6f88a52a389f2bf320f778bb86d39733292fe2ea9d8f8ad1cea4ee7cb2dc999d20e722fa7a25f99be8d1dd2005eb27decd03,4/2/2025 21:20,UNKNOWN,"DARKNESS, LIGHTED ROAD",DIVIDED - W/MEDIAN (NOT RAISED),UNKNOWN,100,E,IDA B WELLS DR,21,4,4,41.87583508,-87.62421289,POINT (-87.624212886292 41.875835081627)
d986c063e0485febcffb8c4c39bf9fc6919e68bde4bd43f4c6bdcfb5ca7a92f061ff40b869e4642f43f83054c6e1bce8e5ebd5f4a5c2d77ec2ce18e3152c01bf,4/2/2025 21:00,CLEAR,"DARKNESS, LIGHTED ROAD",FOUR WAY,DRY,364,N,MICHIGAN AVE,21,4,4,41.88834353,-87.62464876,POINT (-87.624648761452 41.888343528092)
8f6b2bbb1bbf5fecc5b8be82747925d825f91a8052c26537840c4dba78f2fc0c29cd8fceade5e3c95ead8d61fb81d32d3bff08d8dfad894f9987909989a1f0e3,4/2/2025 18:43,CLEAR,"DARKNESS, LIGHTED ROAD",DIVIDED - W/MEDIAN BARRIER,WET,300,N,LAKE SHORE DR NB,18,4,4,41.88614049,-87.61427411,POINT (-87.614274106164 41.8861404879)
259899f0c808aa967d28607e78f5453a95fa59a2f477f7090ee16b445ba5d7076c4262cad3fea5a3328ddf7332e6e9bcb8598fa35a8fb138aacd666f13d0bf3a,4/2/2025 17:30,CLEAR,DAYLIGHT,ONE-WAY,WET,250,N,CLARK ST,17,4,4,41.88700094,-87.63115377,POINT (-87.631153770752 41.887000937286)
71e544f06883514a737ea3ed58597efbea48308f054aaee1291a4291909bf16adcd0a3329360ceb57de6057025db7448b7a0587a494f5b0a10c9e12fa85aecc5,4/2/2025 14:30,RAIN,DAYLIGHT,NOT DIVIDED,WET,20,W,KINZIE ST,14,4,4,41.88935203,-87.62884885,POINT (-87.628848850273 41.889352033014)
99cb009160986664ceefc1e807628b0c8748c1d8bd60198689a000eceb4b7360e9ee138cb419fd5d200b4f54e548bafa143e419d347c9cdc95b240619c5e420d,4/2/2025 14:30,CLOUDY/OVERCAST,DAYLIGHT,NOT DIVIDED,UNKNOWN,444,N,MICHIGAN AVE,14,4,4,41.89071448,-87.62426987,POINT (-87.624269874292 41.89071448026)
d970d7b3f83473c529aef3cedb749ab972ef9a6fec5dfefeb606f25dd6cc9cd86edfcd56b9dcc532717617b90d6becfc24e92a25e1894df57388474bf0153f9f,4/2/2025 13:30,CLEAR,DAYLIGHT,NOT DIVIDED,WET,51,E,IDA B WELLS DR,13,4,4,41.87558418,-87.62565921,POINT (-87.625659207823 41.875584176126)
847de5404e341b4577371d2aeaba9770d2bb5a5341b406c34ada949acbb94565fdc55d664369de1355bcbf87d510b675bbf2eea27c3b174b77025982fe243a1c,4/2/2025 6:41,RAIN,"DARKNESS, LIGHTED ROAD",FOUR WAY,WET,600,N,MICHIGAN AVE,6,4,4,41.89259323,-87.62433405,POINT (-87.624334047949 41.892593225538)
d3a4acffd80d969df8e9049a64462936a4fe38b0ef619a78a43658f15b834997b70b072cdce767c89c4c01a8707a72e0b34e0fd8f20c90ee45d878364b6a6f64,4/2/2025 6:00,RAIN,DAYLIGHT,ONE-WAY,WET,10,S,DEARBORN ST,6,4,4,41.88180696,-87.62954312,POINT (-87.629543115394 41.881806960065)
58f724b06595516a75c148878d06f1a751e7384188e1bc28039bd05a26d54e2181bfd7db3fb05516dc3d79cea1c72154af0e2f14cba2b8164befd4400e622594,4/2/2025 5:45,RAIN,"DARKNESS, LIGHTED ROAD",NOT DIVIDED,WET,344,N,STATE ST,5,4,4,41.88873545,-87.62819392,POINT (-87.628193918399 41.888735451309)
bfb2e9964584ac265d3510106e0ace10dc76b7b5bfa1974c0d264fe7759afe07d93ca45c4a61ef064d637f4938f3616632e9dd63d6a00f15884166d62587deb7,4/1/2025 18:08,CLEAR,DUSK,ONE-WAY,DRY,2,E,RANDOLPH ST,18,3,4,41.88460096,-87.62782852,POINT (-87.627828520965 41.884600961961)
f050e947847b58411e477c85731c8f5b2d071d758c578f7a7a6a18905658dd315258fa6bb6597ba3387ad3b1b4619efeb6fde1a0e740781268cd84084587c0d1,3/31/2025 17:22,CLEAR,DAYLIGHT,NOT DIVIDED,DRY,73,E,LAKE ST,17,2,3,41.8856235,-87.62537382,POINT (-87.62537382137 41.88562349782)
c1b35abbb8204ce35d809e16e13a1c18aace812f9bca1eaea99b49f39baa3072cd00524ace49443188206e1f17bc804f83ce379d0bb2d01ae090f87cb66cf913,3/31/2025 16:15,CLEAR,DAYLIGHT,DIVIDED - W/MEDIAN (NOT RAISED),DRY,205,N,COLUMBUS DR,16,2,3,41.88607017,-87.62053659,POINT (-87.620536589034 41.88607017398)
9d679e2b8d5a5bbc11f3a0339b29112ab9d395b69af628ec606173eafa73727ba40cd7eb1bb42968b697cae1e210c2cc8dc496a5ec791d561a850f78182037f0,3/31/2025 13:30,UNKNOWN,UNKNOWN,DIVIDED - W/MEDIAN BARRIER,UNKNOWN,101,N,MICHIGAN AVE,13,2,3,41.88329662,-87.6242558,POINT (-87.624255795047 41.883296623179)
8d36f36a72ee48fe4edf1102dc879a562618d07e35cf8767b643664be892334c9fe15a74571d6efb4022a423f1966690f58922879ef4073ffeecd90208e1c3a7,3/31/2025 13:00,CLEAR,DAYLIGHT,FOUR WAY,DRY,100,S,LAKE SHORE DR SB,13,2,3,41.88085605,-87.61763589,POINT (-87.617635891755 41.880856047671)
81d3dc122fee5adc14fdb7a96391f4773587fbf9878d7912653e78e13f0836622899f052b3ebe3a73bd18b9ff29535734400d0ff63fa0ed8034a88764dcf6d6d,3/31/2025 10:30,CLEAR,DAYLIGHT,DIVIDED - W/MEDIAN BARRIER,DRY,100,N,LAKE SHORE DR SB,10,2,3,41.88326589,-87.61626953,POINT (-87.616269526281 41.883265889838)
2d1f4118854dd97a2f0210c33560c7d83872fbad908d24d7599ca9f4fae107e5f5e395d2089136daca65462bd8516d0e7c894ee4ad5a80b6aca463ab07eaefc5,3/31/2025 9:00,UNKNOWN,UNKNOWN,T-INTERSECTION,UNKNOWN,100,S,LAKE SHORE DR SB,9,2,3,41.88085605,-87.61763589,POINT (-87.617635891755 41.880856047671)
d2ec50a1f3c2c41142292e08314201c87ddcc5746c9f6b14f2ad0e8df19f9f402f0d35ef892d2065aaf244fb88bffd2c505bb8c69214b3c5648317e9a7b916b7,3/31/2025 6:30,CLEAR,"DARKNESS, LIGHTED ROAD",PARKING LOT,DRY,225,N,COLUMBUS DR,6,2,3,41.88637314,-87.62054303,POINT (-87.620543030168 41.886373138256)
b04325558ae4730c3793649a7fc7ad5f25c920495a8152eee035ca46bbccfac3e5c54fe48d1c09d5cf8bce4f6a82511e5e43099ca791668832608058e068bb76,3/30/2025 23:15,CLEAR,DARKNESS,NOT DIVIDED,DRY,161,N,CLARK ST,23,1,3,41.8847797,-87.63080067,POINT (-87.630800667486 41.884779704626)
16b688cda127d730e9eeae74f5ba17206de5b71264b12b0468d7ce031aea23dfef4b7eae0d70d6882e610360f74d13ed319a501715a1ac97753302aa9bb9e0dd,3/30/2025 21:30,CLEAR,"DARKNESS, LIGHTED ROAD",PARKING LOT,DRY,60,E,LAKE ST,21,1,3,41.88583845,-87.62584165,POINT (-87.625841645583 41.885838451759)
31de95a6bfb58a54cb60b230704cec7d3f634e4c52f65ffc86dad7852e4c27e2d89ff35be93d035277cfe8135ef6e283d9c4f75a0ae8dac546ba3f71e6c86ee7,3/30/2025 20:25,UNKNOWN,"DARKNESS, LIGHTED ROAD",DIVIDED - W/MEDIAN BARRIER,UNKNOWN,300,E,RANDOLPH ST,20,1,3,41.88462378,-87.62047604,POINT (-87.62047604443 41.884623784636)
30d2a08f933a88afb930ee7f565897e1ca394eb3b32cebcf5ee57fa9eccc382ffd39e76adbccf1a0366d06fe70be09dfdf7ae7fe0810ed5810eb400a9cc81012,3/30/2025 15:52,RAIN,DAYLIGHT,ONE-WAY,WET,250,N,CLARK ST,15,1,3,41.88700094,-87.63115377,POINT (-87.631153770752 41.887000937286)
5662e0527ce62755e493f719651a2fde127b1006ea346507da9a366a59bf79e3a8df47b5e4ada309ef5a0e411962280006b65e3927bf6afeda6d05290abea740,3/30/2025 13:45,CLEAR,DAYLIGHT,ONE-WAY,DRY,120,E,RANDOLPH ST,13,1,3,41.88454795,-87.62358834,POINT (-87.623588343598 41.884547945768)
6d35a1dda420fcb83b8777209fa740297415a04890cb7b4389140546bdc760e7a68d81d9a9fbdeefd0028974da4cdbacd51e3b4afc8d79352472aa2f491c7d49,3/30/2025 13:14,CLEAR,DAYLIGHT,ONE-WAY,DRY,45,E,LAKE ST,13,1,3,41.88563256,-87.62637276,POINT (-87.626372755494 41.885632562224)
fa7fe734936daf315094901360e2f8466764a5a30488adcae72c90726fc5706ba9f750ce5ddefb7108f05908f1a35f8d0c51d980a7df180f0f83ed6569ac2c75,3/30/2025 5:30,CLEAR,"DARKNESS, LIGHTED ROAD",DIVIDED - W/MEDIAN (NOT RAISED),WET,154,S,LAKE SHORE DR SB,5,1,3,41.87971074,-87.61760985,POINT (-87.617609852511 41.87971073635)
ed87ce6c0be572890f85d7509ab65e059dfe602a570a7e10e0618a90fbd71111b0c6d0431d97c2266b716cea233f7e1b998803a97be0f29babf0697cf3b53e03,3/29/2025 23:10,RAIN,"DARKNESS, LIGHTED ROAD",DIVIDED - W/MEDIAN BARRIER,WET,152,N,LAKE SHORE DR NB,23,7,3,41.88434876,-87.61454978,POINT (-87.614549778133 41.884348763505)
1ef9354f12a3a043abf9dfa35d8049d60f7c252115f28cb324881c048fdd516433bcb6d592d60b3daa3a8fd2ff0b48ba0b1f8217c8f8a3834533516e4f899852,3/29/2025 20:45,RAIN,DUSK,T-INTERSECTION,WET,2,N,DEARBORN ST,20,7,3,41.88202459,-87.62955013,POINT (-87.629550127291 41.882024585049)
2d66a23a63109a3170449742eb0bc74a71e3e4e356d298fcdf18d6492612e4411d68558661972546bcc1b0f4e4bdee0e3da811718a8c592d097483fa95d3ce15,3/29/2025 20:40,RAIN,"DARKNESS, LIGHTED ROAD",ONE-WAY,WET,550,N,STATE ST,20,7,3,41.89242137,-87.62823487,POINT (-87.628234871137 41.892421366131)
10ea60f0488193f57c39742bab791b89dd740945a12517a51aa47c32bb673a8768fc02149e959350492d77d880376668f4a298c39f4d593b7378a70019619d83,3/29/2025 16:00,CLEAR,DAYLIGHT,NOT DIVIDED,DRY,130,E,RANDOLPH ST,16,7,3,41.88458837,-87.62327256,POINT (-87.623272561055 41.884588371969)
af98a3164833161e728d64477661978e87967bbf2c4ccdffda91128ae7632fc6218d52b2651136785457f6ab41c0562724619d53ed6294b1c2410dbda41519ef,3/29/2025 12:41,CLEAR,DAYLIGHT,UNKNOWN,DRY,331,E,RANDOLPH ST,12,7,3,41.88421673,-87.61952637,POINT (-87.619526371295 41.88421673051)
8aaf9b46eb7f98fed976373641604810741c5f13a9f2e9d645bad74ed887308cd782857aeb506b74a24028d8545b33676556c32bb0a4a4166da0e66c5feebfe3,3/29/2025 10:30,UNKNOWN,UNKNOWN,NOT DIVIDED,UNKNOWN,448,N,LA SALLE DR,10,7,3,41.89068951,-87.63270407,POINT (-87.632704072126 41.890689507583)
ce815e7d532e1c6a5325137e2157702c1c19b863f4ec4f3c71cd47999b2ce071c130d3a6bade338aabded66718d33590297fe6a14fd11d2e6e7365009c454ea9,3/29/2025 3:27,CLEAR,"DARKNESS, LIGHTED ROAD",ONE-WAY,DRY,30,E,OHIO ST,3,7,3,41.89260251,-87.62682327,POINT (-87.62682326645 41.892602513485)
0730734e3fae61a6527573675704f6f228c09ef7ce0bb137b13fcf2bba0bd967e08526f20e1fc9ee31d851b8b013c908bda5907478cd9ebf15927861ef619453,3/28/2025 23:45,UNKNOWN,UNKNOWN,UNKNOWN,UNKNOWN,426,N,CLARK ST,23,6,3,41.88997769,-87.63122708,POINT (-87.631227083419 41.88997768697)
3a28e643946ed2624d596ca0f8f3e8596c0ddc9666cc58eb093647c645b85952b48f868ecb8f0a46150792bcb24adf612e64206f37145250fe9645ecae7c3b97,3/28/2025 18:40,CLEAR,DAYLIGHT,FOUR WAY,DRY,50,W,KINZIE ST,18,6,3,41.88933851,-87.62983926,POINT (-87.629839262978 41.889338509286)
cd7b3f1bd77c488680d03e95cff5cf9ac0facee7ffcfe5c0a363ad272a7ebc9d884d2117a078fcb126abb22a86697fc8e913908919d41dc31aa46d4da6e1960f,3/28/2025 18:22,CLEAR,DAYLIGHT,DIVIDED - W/MEDIAN (NOT RAISED),DRY,19,W,WASHINGTON ST,18,6,3,41.88310841,-87.62861519,POINT (-87.628615188408 41.883108404957)
936d9522f477ad7a4e848f886d43c497a8cbe53870551108d7be5321e62ea5018946fd694cc31b2774762d666de8c581678c015de9938a7773b3bdd3b24f759f,3/28/2025 18:14,CLEAR,DAYLIGHT,ONE-WAY,DRY,520,N,DEARBORN ST,18,6,3,41.89160128,-87.62979671,POINT (-87.629796705231 41.891601284754)
a4c7ef706e0b15fcdf4a9283866743625440bd6f32a9f42eef1d81091d1f2164730bbe74ed6c37493fe2772693fc2b85d0bf191cdce1470b4e97fe7c7fe2df8d,3/28/2025 17:59,CLEAR,DAYLIGHT,DIVIDED - W/MEDIAN (NOT RAISED),DRY,155,W,KINZIE ST,17,6,3,41.88906678,-87.63321745,POINT (-87.633217446553 41.889066784471)
07ae1b05a8123de8c88cd38778bf609f5f984d37e687ab7e45042139effb22a618a63a1c09f6a06bef76cf453568a517a1fab38e5afe746a7b31b3fd454d24fc,3/28/2025 17:45,CLEAR,DAYLIGHT,NOT DIVIDED,UNKNOWN,401,N,WELLS ST,17,6,3,41.88921522,-87.6338644,POINT (-87.633864400819 41.889215221757)
d437151af358e77a54920237c17f6785b67399588d0902d09d83758b5e5d83eedc24b3d1a1e6bd6daacacd70bf5c951e366d66b82461146561262830aece3b5b,3/28/2025 16:50,CLEAR,DAYLIGHT,ONE-WAY,DRY,134,S,WABASH AVE,16,6,3,41.87994706,-87.62629031,POINT (-87.626290310204 41.879947059909)
942c8ab6db39495a75d5a9b42a6071a3b6c016767b5760a176b285a24e38203152ebc1830eb2cc37153b2f64962d319eba05dee58c159236f27dec1f1853cdc9,3/28/2025 16:00,CLEAR,DAYLIGHT,NOT DIVIDED,DRY,129,E,OHIO ST,16,6,3,41.89244501,-87.62423803,POINT (-87.624238026414 41.892445014605)
eb8898c465bd31c4ccecaf71e6426c577971a31fbf7b3ef161dd88b80a2a0d42895aa5e2584966db00c6a5a96aff50c952596f453fadfbfc14e1de2cc255b884,3/28/2025 14:59,CLEAR,DAYLIGHT,UNKNOWN INTERSECTION TYPE,DRY,298,E,GRAND AVE,14,6,3,41.89191184,-87.62029723,POINT (-87.620297233084 41.891911840782)
5b3a6b5ceda15c419fceb44bdf90fbfb66e4275e54ef47518c1768e9365fdded3001c41c0741da9b47f504e1e583296fa6fa9675cc09e92e1fedd04deb3cc22e,3/28/2025 10:50,CLEAR,DAYLIGHT,DIVIDED - W/MEDIAN BARRIER,DRY,150,E,LOWER WACKER DR,10,6,3,41.88837156,-87.62251409,POINT (-87.622514085659 41.888371559813)
93b1d2bb13295bebaee502dcab6f9e3c1fbbd0c04442b1d730562bc30172f71092a5735cb51256baedc8ddee3f4abaf66c554d6bd2699192571a336e5c1891c5,3/28/2025 9:22,CLEAR,DAYLIGHT,FOUR WAY,DRY,500,N,STATE ST,9,6,3,41.89090369,-87.62818612,POINT (-87.628186123483 41.890903690741)
abf19c8bee01a2f263450aa764dee020fc2f3a43962b46ff9f801278beb8d23cdc47837a7c12704f2fddb2a8bde8c01c5ab4c077b25d637bc008ba212ce92693,3/27/2025 17:10,CLEAR,DAYLIGHT,DIVIDED - W/MEDIAN BARRIER,DRY,300,E,WACKER DR,17,5,3,41.88807333,-87.62059446,POINT (-87.620594461337 41.888073331609)
972c6f01e7c3ab6d7d6607f8ae28a7f6b5809338427149a06a5d0ef9783ba6de90a14595a13a62c8d47c614b3fc65e7c0193cf8c2dbc2f2096165a985db1350c,3/27/2025 15:15,CLEAR,DAYLIGHT,NOT DIVIDED,DRY,221,N,COLUMBUS DR,15,5,3,41.88631251,-87.62054177,POINT (-87.620541769872 41.886312514284)
173e41474c93608d94a531d34f4b2430b2c039804e1d15283bbbc4e776c8fc4bf9104dcdcce93229987de0966529d8392b10bf5bf08f37c71cf0bbf19a3a7e9e,3/27/2025 14:00,CLEAR,DAYLIGHT,UNKNOWN,DRY,242,N,FRANKLIN ST,14,5,3,41.8867273,-87.63557576,POINT (-87.635575764873 41.886727300566)
96211bffc2aa43ae1d3ae11d9659c4a8ce36a60cda905ceae7ab8380888624e146213ce88328de5b7c0ff70709ad03e4714da531a9d67c9b781dd0aa96111689,3/27/2025 13:37,CLEAR,DAYLIGHT,ONE-WAY,DRY,19,W,LAKE ST,13,5,3,41.88564039,-87.62868113,POINT (-87.628681127327 41.885640387067)
c4f3124cdb53c1ca8688a17980b50fbaddd406a7d64c34e0b719a6d4309c69779895767fb83c165c8a67a7fa37428c7df7addb1ba6efc152f53b5e930eed837d,3/27/2025 12:45,CLEAR,DAYLIGHT,ONE-WAY,DRY,108,N,DEARBORN ST,12,5,3,41.88342184,-87.62957351,POINT (-87.629573506122 41.883421836313)
175dc118c08c3c5058d224ac73970a7179519bcc320ff0a19b463937e4a9d3f447719e04e261aa48cdff4a9f0c58cf880ea13fe09ca01b877616b265948b1a66,3/27/2025 11:57,CLEAR,DAYLIGHT,ONE-WAY,DRY,440,N,DEARBORN ST,11,5,3,41.89043414,-87.62976512,POINT (-87.629765114988 41.8904341375)
2554c715727de3a4d56903504b9a0396f74f7507f1b918ec06a6139100b9b58068b77440de2e46ee6f0e57d83dad49ca15ef0acda9ce834505fd17af5f9d3f20,3/27/2025 10:36,CLEAR,DAYLIGHT,ONE-WAY,DRY,1,S,DEARBORN ST,10,5,3,41.88193667,-87.62925348,POINT (-87.629253479919 41.881936674674)
11dfe677333a17401b8f9fae25130fec78e7b6e15b86db686079dc2ee2f6b486797ebd3f4369a99c3f2f668948a67fbd496f3d321ed6fdf510771e8487a5733c,3/27/2025 9:05,CLEAR,DAYLIGHT,DIVIDED - W/MEDIAN (NOT RAISED),DRY,77,E,IDA B WELLS DR,9,5,3,41.87560371,-87.62475885,POINT (-87.624758851356 41.875603709384)
2697fa6f60b122708e89bd0e902d009833a927bcc569b155dc284acd2a313c60498886a33597f0cc4fc924ec1226372fdaa18468bc7becedffac5e08784232b0,3/27/2025 7:45,CLEAR,DAYLIGHT,NOT DIVIDED,DRY,227,W,MONROE ST,7,5,3,41.88053925,-87.63459246,POINT (-87.634592463514 41.88053924995)
dd1fcf8f609c32966e319943bee9dc489c587d18bcd48c76121352d9258d4fccf5c87605d3a99aa0f76185e66585da95d4f35cc7c042c5b00d8d16358f21c095,3/26/2025 20:30,CLEAR,"DARKNESS, LIGHTED ROAD",ONE-WAY,DRY,200,E,ILLINOIS ST,20,4,3,41.89106986,-87.6226194,POINT (-87.622619399716 41.891069857341)
8cf680e6335670138b7fca7075f271091a3aedebbccaadd15a4aa880566273bde3af6b2245895fdad768cf504a820a06a663ec83891391fda4cf8898f1d50a27,3/26/2025 11:07,CLEAR,"DARKNESS, LIGHTED ROAD",DIVIDED - W/MEDIAN BARRIER,DRY,201,N,POST PL,11,4,3,41.88575881,-87.63462168,POINT (-87.634621681343 41.88575881296)
efd4a30ea20bb9cb31d6f3e707416cca32b0af895cebe692650e70bf5b16ee8bc440bab47ff11e15b992a6742854c3c9daeef19cfd402f8434e74996cf040ffb,3/26/2025 10:25,CLEAR,DAYLIGHT,NOT DIVIDED,DRY,10,S,DEARBORN ST,10,4,3,41.88180696,-87.62954312,POINT (-87.629543115394 41.881806960065)
7a7be8f93d6757df259a8f0f90e3d3e0894b709423d2d4e3435c405d9a1a15dfb81821af8eca8c8641eb2d0cd6384cf44c0561bfdcf530a4145e753d835fa4fe,3/26/2025 6:47,UNKNOWN,UNKNOWN,FOUR WAY,UNKNOWN,51,W,KINZIE ST,6,4,3,41.88911808,-87.6299233,POINT (-87.629923302785 41.889118078364)