CRASH_RECORD_ID,CRASH_DATE,WEATHER_CONDITION,LIGHTING_CONDITION,TRAFFICWAY_TYPE,ROADWAY_SURFACE_COND,STREET_NO,STREET_DIRECTION,STREET_NAME,CRASH_HOUR,CRASH_DAY_OF_WEEK,CRASH_MONTH,LATITUDE,LONGITUDE,LOCATION
9e489193a5b3da6f7cbf8dae0f3320acc3ff09648a90a58d976b05da67b374de376d71394dae578f77b21a64993b875538e4ee8bd489f582d1851b45a0a35c59,3/26/2025 6:45,CLEAR,DAYLIGHT,NOT DIVIDED,DRY,550,N,ST CLAIR ST,6,4,3,41.89251356,-87.62283474,POINT (-87.622834741595 41.892513562512)
bcfeec9b5eb887f5879a8f4629b4d4c93fef52589a4a9c5c99948f424072937107b8d5dea0e4d2d2cf5fa492fe0c98ca15453f7116154d62d73a9ac5aa1a907d,3/26/2025 4:18,CLEAR,"DARKNESS, LIGHTED ROAD",ONE-WAY,DRY,300,E,ILLINOIS ST,4,4,3,41.89111388,-87.62019942,POINT (-87.620199417551 41.89111388192)
ac628c1e129d32987d62d1478d04375e54d69966f7caeeb2c49790dc48ddaf786bcd25b9b217de9d9ecd070cb942595ad1eb4aed1914ba0963dae956c6ac9aaf,3/25/2025 23:00,UNKNOWN,UNKNOWN,PARKING LOT,UNKNOWN,50,E,OHIO ST,23,3,3,41.89261824,-87.62616035,POINT (-87.626160348476 41.892618240004)
5ff84e111cc9dad74701eec8c7b3b9785eedf3acc4c08213f7fb5db01c0dab6c1d1640e5c5facc9747d7eab6d71c21e6eb7dc8058ee30202b1e05a5aadd2ba69,3/25/2025 17:50,CLEAR,DUSK,PARKING LOT,DRY,333,E,BENTON PL,17,3,3,41.88539005,-87.61898671,POINT (-87.61898671164 41.88539004667)
a70c04545115d7abf96e5f9f9a361f8234c0bd4998d74096c5e9d467011df742f953580ddb0700460df6064aed01b2900878765f769aaa9556b5ba273db4e8af,3/25/2025 17:07,CLEAR,DAYLIGHT,DIVIDED - W/MEDIAN BARRIER,DRY,101,E,RANDOLPH ST,17,3,3,41.88435986,-87.62444481,POINT (-87.624444814212 41.884359855242)
28fe30196ce354370ef11ae8f4d254a61940cb1a2eae89097f0457c6f626d601befdfe40efd5365042292f73e4dd6e43a634b5e616dd4a51001daa3cd0b25999,3/25/2025 17:00,CLEAR,DAYLIGHT,PARKING LOT,DRY,521,N,RUSH ST,17,3,3,41.8916713,-87.62522473,POINT (-87.625224727853 41.891671299854)
cb68578b124d395a837d5263aea2e133480328cf582f015c697bc23b477a50e3bbbe7b50c750a1f2f25c0c23f2d4179b984b6aba991911f577d7b86b8a907484,3/25/2025 16:55,CLEAR,DAYLIGHT,DIVIDED - W/MEDIAN (NOT RAISED),DRY,521,N,RUSH ST,16,3,3,41.8916713,-87.62522473,POINT (-87.625224727853 41.891671299854)
23cb5d745e03838ecaa18977edf96998e77f317935a3e58c94bde0dd75e53b5f65923ef5a2d24ac8d2b7f66e8aa4cec7b2f01abf47de5aefc801ede339cab678,3/25/2025 16:45,CLEAR,DAYLIGHT,DIVIDED - W/MEDIAN BARRIER,DRY,301,S,COLUMBUS DR,16,3,3,41.87826992,-87.62052861,POINT (-87.620528612011 41.87826991907)
5998903e01b46257c4c5c3d75b36cc2204e968be4d5b2c553ae4a29be1aca7bf21b0e3395d177d8f0c1eee584cca88adb1fc38d235cb11937051cce3506f30ba,3/25/2025 16:10,CLEAR,DAYLIGHT,DIVIDED - W/MEDIAN (NOT RAISED),DRY,98,E,RANDOLPH ST,16,3,3,41.88458427,-87.6244703,POINT (-87.624470296902 41.884584272017)
365e24b75d102a5823c74db18744f1f31cab035493f1f7520dcdfc41ebe8aa5664799f8ef9dbd427912d9f5acb42008400d36f8005f74874866bb90a422508d6,3/25/2025 14:15,CLEAR,DAYLIGHT,NOT DIVIDED,DRY,524,N,MICHIGAN AVE,14,3,3,41.89168852,-87.62430718,POINT (-87.624307178126 41.891688517368)
2b276524d31b891cc88b9d8c79827d52401b38658b327f0e9f1bc8b25c18ba27a2097903ae431539903c0e1c90c3755d6e581338de72ccf90789f012eddd7496,3/25/2025 14:10,CLEAR,DAYLIGHT,ONE-WAY,DRY,200,S,MICHIGAN AVE,14,3,3,41.87948933,-87.62449812,POINT (-87.624498124934 41.879489328698)
8ddf5d32c869228a630024b5594fd3ed2a6e6d5df77192ec0744c9ef533b379d5106f66678f81b9e64d17812ad91c7dbed59d71fbd59e286bd9b2d695e522c08,3/25/2025 13:24,RAIN,DAYLIGHT,ONE-WAY,DRY,111,W,WASHINGTON ST,13,3,3,41.88310096,-87.63126322,POINT (-87.631263220785 41.883100962496)
7c5cd6dc06ca652c391e948f92a910c3d83276076a34009b0df17173acf0ad5de660825867a4e6832ba105dffe32da443115984a360a77236b25f549320730d1,3/25/2025 10:17,CLEAR,DAYLIGHT,DIVIDED - W/MEDIAN BARRIER,DRY,411,N,LA SALLE DR,10,3,3,41.88959707,-87.6323944,POINT (-87.632394399727 41.889597074902)
e9179f7b8f0ac006a89274a3d5b0293adc05c6e431519fac3cad767dc3d72c0bbf3e07b5a5bf8c6f0e3e0a4f4e554272a2219b27bd281fad78eab330ff5efc28,3/25/2025 9:30,CLEAR,DAYLIGHT,ONE-WAY,DRY,69,W,CALHOUN PL,9,3,3,41.88245852,-87.63082664,POINT (-87.630826637949 41.882458521412)
177cc034abb4223dc3e71bfe4a04c12bec716ddd780a3a920a4df140b3855d1941679299a6cb75baae9c903d9e0c6a81f91a9e15a4f33d5e8b5194402d5336e0,3/25/2025 8:54,CLEAR,DAYLIGHT,ONE-WAY,DRY,328,S,WABASH AVE,8,3,3,41.87753817,-87.62621789,POINT (-87.62621788956 41.877538165144)
5dcfbce122d20d644d93940c872324ba02e0a97b949b746e7cc4d4e553f772d38306ddd2c75974e72118ea13e0008e787ce1ac73d82a885a89ce37428e3b087f,3/25/2025 8:45,CLEAR,DAYLIGHT,NOT DIVIDED,DRY,69,S,DEARBORN ST,8,3,3,41.88090517,-87.62922345,POINT (-87.629223448866 41.880905165854)
a5ff4bd1ddc5a1f0d1459f690ab50cd1b3b04c2b4406fe8bc4c5fae4ea8412a57b203253b89fef9d17fcbdc230eae976707ea1090a0a3d346cc889790e1ff725,3/25/2025 6:50,CLEAR,DAYLIGHT,DIVIDED - W/MEDIAN BARRIER,DRY,325,S,LAKE SHORE DR NB,6,3,3,41.87776505,-87.6170392,POINT (-87.61703920485 41.877765046213)
47a6b0bd7c62a37225c9f8c2cbc25e5b20ea61df0941180fa82db2711ae9757471a391684529211aa3c3cc9a68c1c226924b5fb41b9fe1bfc9bf117006974c44,3/25/2025 4:51,CLEAR,"DARKNESS, LIGHTED ROAD",NOT REPORTED,DRY,100,N,WELLS ST,4,3,3,41.88324209,-87.63400682,POINT (-87.634006820981 41.88324209419)
a25262bb4c5b1536a7d1250914c5754410f121b317b8b138019a31c6966f1ac55623ce07ed0abc020e27d33027f521ae9cb3e8a1b2333e55bc7a4f6e956715f1,3/25/2025 1:05,CLEAR,"DARKNESS, LIGHTED ROAD",ONE-WAY,DRY,1,W,MONROE ST,1,3,3,41.8806333,-87.62780997,POINT (-87.627809966918 41.880633300661)
604a3bda3c56d5957cc6e3cc008f425266a14b4ccefcad5557360c39f608124a8c12259dc07395b729fb4e84c3c8d29dc31d25e2a6cb2f4ce2c430ad3ae74cd7,3/24/2025 23:40,CLEAR,"DARKNESS, LIGHTED ROAD",DIVIDED - W/MEDIAN BARRIER,DRY,100,S,LAKE SHORE DR SB,23,2,3,41.88085605,-87.61763589,POINT (-87.617635891755 41.880856047671)
b181fa5b125df01d5d453d507ce569a48e9e93dbefb7010ee57fcddd8792ebf3c019915d623bf6934a16f747a0c7393ec64675a17bb3a8d95512d540e4ed9ce3,3/24/2025 18:37,CLEAR,DAYLIGHT,DIVIDED - W/MEDIAN BARRIER,DRY,122,S,MICHIGAN AVE,18,2,3,41.88026337,-87.62450498,POINT (-87.624504980387 41.880263372185)
4c3d14bf63e73d02247587bba6bc74c1d31d9e6b8175c0c32d3dca792867db405bcc74a8489a1b2e0f52b02b9e8b4f1448868e21882b8072bb444987263cef21,3/24/2025 18:00,CLEAR,DAYLIGHT,T-INTERSECTION,DRY,150,N,GARLAND CT,18,2,3,41.88452974,-87.62538696,POINT (-87.625386960953 41.884529735989)
64b3aac8a46777a92ca9eb8e4244dea0b9cab75931e4a1f6ea367f3a969703887f2f9bf84390b3914c8c46b577c5194356fa0e730f3134b60602d393395060b9,3/24/2025 16:11,CLEAR,DAYLIGHT,FOUR WAY,DRY,555,N,MICHIGAN AVE,16,2,3,41.89252048,-87.62403741,POINT (-87.624037409786 41.892520480718)
43363d3287c9eab6ce8499f2ddc3b3d397ab3c870e3dcb87811209bb24435aaa71f89f086ba574e5d9ee871e46c7e0b4320880d41967fdae6be1140efbcc0ef9,3/24/2025 13:15,CLEAR,DAYLIGHT,NOT DIVIDED,DRY,201,N,FRANKLIN ST,13,2,3,41.88578469,-87.63526314,POINT (-87.635263141109 41.885784690122)
a06509d263d8be8658e90025e9b67fd098e8e1598c983319c8aa06279910bed822f6d22440a6287bce5b98e29f8da6c9c8c71cda299b93945d99ee919366c2af,3/24/2025 11:45,CLEAR,DAYLIGHT,ONE-WAY,DRY,30,S,WABASH AVE,11,2,3,41.88133481,-87.62633547,POINT (-87.626335466466 41.881334805947)
2d733a64e8ba58402a22a27a7de2becc279e8d0bcc6ceef4d10c90eaf26075b79d555bf1598e8bec3fe0f731eefcdcb60f3217bb03b9b90a347e04d1da3b0b18,3/24/2025 10:55,CLEAR,DAYLIGHT,DIVIDED - W/MEDIAN BARRIER,DRY,301,S,COLUMBUS DR,10,2,3,41.87826992,-87.62052861,POINT (-87.620528612011 41.87826991907)
b7052e966eeb137463cbec42f7a5dc9b31fc9383a8520686ba085b8b695e4e05bf0a3b3b329436525cd2bfe091708e9b594274a44d6327c2e24feebbe2becb62,3/24/2025 10:30,CLEAR,DAYLIGHT,DIVIDED - W/MEDIAN BARRIER,DRY,488,E,LOWER WACKER DR,10,2,3,41.88747989,-87.61604712,POINT (-87.616047119018 41.88747988917)
e8b7ae6483822f7f98ba8237ead652b36d71f103a9f7f6e4b09723a102eabb03a6323bd1fb7488cd21411f78ed89663249fc42712bf985fa9bada46b1c00b059,3/24/2025 9:33,CLEAR,DAYLIGHT,DIVIDED - W/MEDIAN (NOT RAISED),DRY,300,S,MICHIGAN AVE,9,2,3,41.87821735,-87.62445584,POINT (-87.624455840297 41.878217345311)
d83a1d4466b3c18f29d5e1e52a6171ad584f699249e16958d96d1656246c79a3e4c4b866df631378760edd2b1eedd1086959da52d62d4ecef1db9a64cd290adf,3/24/2025 9:30,CLEAR,DAYLIGHT,DIVIDED - W/MEDIAN BARRIER,DRY,55,W,WACKER DR,9,2,3,41.88670693,-87.63006619,POINT (-87.630066190146 41.886706932286)
237a1262ecec7a50663eae6cc6604c8846e227b74de9f50d851f299a4f76fdb3644cd463bdbf064bf1cf095d0f8298c6ab0a11c263173cf0b9dc596644aad2f2,3/23/2025 19:53,CLEAR,"DARKNESS, LIGHTED ROAD",FOUR WAY,DRY,348,N,LOWER STETSON AVE,19,1,3,41.88806544,-87.62254135,POINT (-87.622541353361 41.888065435723)
1d1784be766996be068c4853bfdf24e19744c3e9c56993bd28e5e9e93162c77ac252a70c1332aac928ac9b8df394fa154b76e7b0428c52dac23ff937a2251613,3/23/2025 18:03,RAIN,DUSK,ONE-WAY,UNKNOWN,12,E,OHIO ST,18,1,3,41.89258729,-87.62759593,POINT (-87.627595931178 41.89258728958)
9cb2865cb0b1b7de01e0e13eea739359b7cd5040aab857d3520d2a37277cc41fbb7739465d77aa79d7a769b0202dcec645b21bed51d226f75250b9dd32eb863f,3/23/2025 18:00,RAIN,DUSK,NOT DIVIDED,WET,345,E,WACKER DR,18,1,3,41.88749493,-87.61867271,POINT (-87.618672709476 41.887494931177)
2473aefedbd5d8015b57dc27a1131b321eb77be96ee1a68f20ff28f31c823638359686ea442b60e1b62e65d1a81ca009dd377ca7f30dc129b6e1ea544ee1e856,3/23/2025 8:10,CLEAR,DAYLIGHT,DIVIDED - W/MEDIAN BARRIER,DRY,245,N,LAKE SHORE DR NB,8,1,3,41.88637488,-87.61361356,POINT (-87.613613557556 41.886374883184)
6ece9115813de5273a0c58a7b16cf7badc4c2152fee6c35e12d45c4905163a188bb94c6489878383b5d5367990f3463750e69d7e1919170c86eb8919737a9eaa,3/23/2025 5:10,CLEAR,DAWN,ONE-WAY,DRY,400,S,PLYMOUTH CT,5,1,3,41.87684039,-87.62888427,POINT (-87.628884267989 41.876840386233)
e3a423dd6130ba6e53b8e3a9ee66ae616c47756cc2553c69044b70db60bd8870e18edbfea6d3d4116f6fa89076ddbb21417978a6b07ce6525dd026e6306f6fda,3/22/2025 23:30,UNKNOWN,"DARKNESS, LIGHTED ROAD",FOUR WAY,UNKNOWN,85,E,WACKER DR,23,7,3,41.88809629,-87.62517728,POINT (-87.625177278957 41.888096290382)
6642d408c6ff4d429a55ee1bde9b7f130632aefd7bcda14c897c518e340bfa469161df9e400bed15bc37b1db02577949971667f75da9032e760dc4e0ee8cf80f,3/22/2025 20:00,CLEAR,DUSK,NOT DIVIDED,DRY,200,S,MICHIGAN AVE,20,7,3,41.87948933,-87.62449812,POINT (-87.624498124934 41.879489328698)
1f133b89c6217dd8718e361fe19998472748daa10e129ca8eb8a09b205d38edb80fe61397470bf9a0c6df005c41601b5f475559a19a9296d2e8d36620361052a,3/22/2025 18:52,UNKNOWN,UNKNOWN,FOUR WAY,UNKNOWN,528,N,STATE ST,18,7,3,41.89163106,-87.62821585,POINT (-87.628215845305 41.891631055727)
cdef616f2b404d0950e526ae30fd6c62d3a7f65ce72e208db3aeca94ec433446610dcb19d4417b7868e6ab438442df057fffe7a1531b17b1bf91083d8de32a67,3/22/2025 16:15,CLEAR,DAYLIGHT,FOUR WAY,DRY,600,N,WABASH AVE,16,7,3,41.89253115,-87.62689596,POINT (-87.626895964473 41.892531148205)
833a0c89d5fab7e85dd2a6025fcdde4c349813ef03cfda1513976b43f725769ffa5871fae7815d7e969741bd4caa6fc087a29d58a0c70f4aa8f4a18e292c150b,3/22/2025 16:00,CLEAR,DAYLIGHT,DIVIDED - W/MEDIAN BARRIER,DRY,301,E,LOWER WACKER DR,16,7,3,41.88767222,-87.62057394,POINT (-87.620573939863 41.887672220686)
ff4a1fe5a8a423912b846918c3805da17f379e07f54fa8fe0b41e12e48639335ed4ba9d7ec61bace48e6e411ddfc36b21c4b642552538311706df14d1fda01b7,3/22/2025 12:30,CLOUDY/OVERCAST,DAYLIGHT,FOUR WAY,UNKNOWN,297,E,OHIO ST,12,7,3,41.89248742,-87.62037365,POINT (-87.620373645755 41.892487418693)
9e3626e4d19100bd1baa07f438d29bb0a09c66f793338c2ce4a4e235bbd593c6d2ceb35aec6205746d7e3c82e9b4c33f1eb5d2c90875560345249e943f0b1b91,3/22/2025 10:15,CLEAR,DAYLIGHT,FOUR WAY,DRY,100,N,MICHIGAN AVE,10,7,3,41.88328915,-87.6245494,POINT (-87.624549396399 41.883289151389)
26d45caa87c409f71a09a9148eece37965bbc2a930e9c8f206f44738b21309d7e40be756fe20e5c7aa4982d05bc3582094baeddb0971ad4a8f636780bfa67eec,3/21/2025 23:15,CLEAR,"DARKNESS, LIGHTED ROAD",DRIVEWAY,DRY,58,N,LAKE SHORE DR SB,23,6,3,41.88317052,-87.61645808,POINT (-87.616458078993 41.883170518755)
39ba102e0006836d4628bd9e39f3bf56c3bc6632303b8cbacc9ca981939ea8b696c8ccf1bf073a68b566d219e97ee143742fe4336f1e72259ef16fce73bc0a5c,3/21/2025 22:00,CLEAR,"DARKNESS, LIGHTED ROAD",NOT DIVIDED,DRY,301,S,LAKE SHORE DR NB,22,6,3,41.87831701,-87.61705213,POINT (-87.617052125371 41.878317010667)
2f407d09e9e1f98ae44df19e84a83b6d332e4953b60dabe957124cf5264c62e52d2b989f6ac114cf4b365de08e525a7f7e31f7d62e9bc2aba72fbd0a73269605,3/21/2025 16:19,CLEAR,DAYLIGHT,ONE-WAY,DRY,125,S,FRANKLIN ST,16,6,3,41.88003065,-87.63511242,POINT (-87.635112420623 41.880030651655)
7e11fa635e6f822e2d2da50f1cf1960b1c772d9ea982b859afecf77779910f591b3071f1162cf463e27d5f605f1a96d11ba16bf2cc74c0704be2107cca8995cb,3/21/2025 16:07,CLEAR,DAYLIGHT,NOT DIVIDED,DRY,20,N,MICHIGAN AVE,16,6,3,41.8825402,-87.62453094,POINT (-87.624530944728 41.882540202458)
b780f7a192b427573d58dfb46861671077d583674a965b4fdd9773ed643b1c6050d6300bb13fb1cb234e93c039cde6072e811262aa982e32e48ad54ebd3ad6fc,3/21/2025 16:02,CLEAR,DAYLIGHT,NOT DIVIDED,DRY,123,N,WACKER DR,16,6,3,41.88374822,-87.63666184,POINT (-87.63666183831 41.883748216941)
a74e604dd86019818eb98488bed16c18122326051c14567a81c9e9c6211de9074c63f98705ba2c5e4120b8c23ab1e8f070aaeab1fbc2f176c1ba79e8ee5c8689,3/21/2025 15:42,CLEAR,DAYLIGHT,NOT DIVIDED,DRY,298,E,LOWER RANDOLPH ST,15,6,3,41.8845289,-87.62068567,POINT (-87.620685672418 41.884528901392)
6ea4c40c3dc233c28b9d61b2bdea0044e98ee2571e7ed4976f05e456265e8f101caf330931c4de8106dd2e0c01861ca58ec5e7149131891edf967fecf574c083,3/21/2025 15:00,CLEAR,DAYLIGHT,NOT DIVIDED,DRY,121,S,LA SALLE ST,15,6,3,41.88007991,-87.63216419,POINT (-87.632164188537 41.880079904978)
ab3064a0ee76a2016b1889f36e5943757f99f0ab633f441c8c99cce1598b5585328c21320ad057128796894d86b29e87306b7fb6f4dcc8aeecf98f48fcbde036,3/21/2025 14:45,CLEAR,DAYLIGHT,DIVIDED - W/MEDIAN BARRIER,DRY,337,E,RANDOLPH ST,14,6,3,41.88422161,-87.61933906,POINT (-87.619339059191 41.884221606951)
3c41a30ca022f4c2c92cf5c9a01884a094ef46d04c67da4ea0fc392e21b9800c50fa1ec6ef527f6af3f6ecc7b2911683b2fc62590bbc0e81cd1611a2df6e231d,3/21/2025 6:34,CLEAR,DAYLIGHT,ALLEY,DRY,70,W,CALHOUN PL,6,6,3,41.88267804,-87.63083042,POINT (-87.630830416873 41.882678035239)
b44a957701d60346c176e7b085312fe353885f34b155d1bac8a77d52443bda622a5e13bc3d5f0e9cb9bc4c0ec6dd4bde8d3ea96bfad8b7851d28070150501f7e,3/21/2025 3:42,CLEAR,"DARKNESS, LIGHTED ROAD",NOT DIVIDED,OTHER,52,W,KINZIE ST,3,6,3,41.88933758,-87.62992805,POINT (-87.629928045441 41.889337581473)
7eb091e6ff4a39af82b0d90fedbdbf70e6dc35ac8623f79348ba7ba8f69fb17ffa9912e73615756d902409c5ed1886c21fa9292ebfde4b9f6be0f65d55d2eb24,3/20/2025 18:00,RAIN,"DARKNESS, LIGHTED ROAD",NOT DIVIDED,DRY,155,N,LAKE SHORE DR SB,18,5,3,41.88451531,-87.61354268,POINT (-87.613542675574 41.884515308481)
092fa7c97e77af5223aae3e3bd2d4cdbfc74767b0c47e3b22f81174e6e386194e79e3334956c1cde2736904a80101e38ad1601954b0438f369390c140b8518a7,3/20/2025 17:30,CLEAR,DAYLIGHT,OTHER,DRY,330,N,WABASH AVE,17,5,3,41.88793874,-87.62703564,POINT (-87.627035641488 41.887938743589)
4e96bf5bbefa05bab8d0cfe12a5ff92026ef8a07f3ad4964f3e35b4b4f767e43bedd43700e6c84a06b56f7ccc9eeaf83925d20f9574a52ffb70c6da6989e985b,3/20/2025 16:10,CLEAR,DAYLIGHT,DIVIDED - W/MEDIAN BARRIER,DRY,350,S,STATE ST,16,5,3,41.87698941,-87.62780071,POINT (-87.627800711839 41.87698940753)
4d7f77f46984ead4a1c4eaacb443b7d64c84137983b6ea90476d4f43e1b4fcc60c06428d0aa45c6a7a6ef2c06686c6225d6c3fd5de93fcb2a79acaf54147d286,3/20/2025 15:55,CLEAR,DAYLIGHT,DIVIDED - W/MEDIAN BARRIER,DRY,200,S,MICHIGAN AVE,15,5,3,41.87948933,-87.62449812,POINT (-87.624498124934 41.879489328698)
825b09a9d8c6e21d40c80893b21040b4004d4ae35d380455d191daf65ebc76306454d07d850e0ff1d51e81b2acd455aa0b69cbb9dfbb4ff055e36ee4e9d91ac3,3/20/2025 15:27,CLEAR,DAYLIGHT,FOUR WAY,DRY,200,S,MICHIGAN AVE,15,5,3,41.87948933,-87.62449812,POINT (-87.624498124934 41.879489328698)
4c7c59bed9dda8d3aa51a93ae79a8a525ae1387e3e96efb726431c62d44573823bed06815eeafafe628c0861a67fb35410713effb4e686acec7b9a7ebea274ad,3/20/2025 13:44,CLEAR,DAYLIGHT,ONE-WAY,DRY,171,W,RANDOLPH ST,13,5,3,41.88436188,-87.63316454,POINT (-87.633164537609 41.884361877482)
0bda98803bfa84ff6f69b2c7574cc3daf735282bc587cd22d2b013a247a5ca2ac9e464a831c49d6afda5fb3dd67145df82989bae7133aac6110ce53d1e5e5cce,3/20/2025 12:35,CLEAR,"DARKNESS, LIGHTED ROAD",PARKING LOT,DRY,360,E,SOUTH WATER ST,12,5,3,41.88661753,-87.61867167,POINT (-87.618671672579 41.886617534125)
fe5ecc2ea8370c3d48663d5b85ad8bd871f9ba432a6d640bef053e78c4d26bcc5e39573863f7f3c8f340bf469d124d2f36c194e68791ba89828713dab2749698,3/20/2025 9:20,CLEAR,DAYLIGHT,ONE-WAY,WET,109,N,DEARBORN ST,9,5,3,41.8834258,-87.62927978,POINT (-87.629279781774 41.883425803872)
ca90f0e74c05b95d5dc6d764eb1530548cf91f9d9b1c09072ba6012343218ecf06b2321ac76a49c16551a8fd2acb4275875c6927bd4afee4aaa862644d80d5e5,3/20/2025 9:10,SNOW,DAYLIGHT,NOT DIVIDED,WET,117,E,IDA B WELLS DR,9,5,3,41.87562306,-87.62365655,POINT (-87.623656545304 41.875623058616)
15869c98ad2d21a3de3aa9d12189b64bf47ec8fb411b95bae131e6f2d75b9be1e5baf113e949da6ba8e906b272f9424550b288e4e473419179f605eb13c85720,3/20/2025 7:13,CLOUDY/OVERCAST,DAYLIGHT,NOT DIVIDED,DRY,10,E,KINZIE ST,7,5,3,41.88937133,-87.62763767,POINT (-87.627637668946 41.889371333111)
6fe89807109a223a8c9a2db2638caa7d127260e604e728ee532ac430600f3a524662a993766c7e5a19ed2b9a96078706ba336e0d8e5c81e367f100454a638280,3/19/2025 21:00,CLEAR,DARKNESS,DIVIDED - W/MEDIAN BARRIER,DRY,455,E,WATERSIDE DR,21,4,3,41.88683542,-87.61533229,POINT (-87.615332286228 41.886835417708)
9500538547040aefef16a9eea2d2aac67d51e979cd992c18d568e63ba41874ba5a45c1eb8e4867b2c20347ab28843106ba28d0ac6a5ebaa011b9bbc91cf1dacd,3/19/2025 20:30,CLEAR,DARKNESS,NOT DIVIDED,WET,401,E,WACKER DR,20,4,3,41.88742433,-87.61748229,POINT (-87.617482289581 41.887424334085)
76a5325e62a1f3fe438eb4ed5309b57724e2a330e2c999543f70716a8e131d73fc7a180741ba9a971ec4fb070ed42f843dc78121dca428d406d4edf31c75859d,3/19/2025 18:00,CLEAR,DAYLIGHT,ONE-WAY,DRY,28,N,FRANKLIN ST,18,4,3,41.88264999,-87.63547347,POINT (-87.635473470153 41.882649993217)
fde488f995ff4951bace0a171608115278afecbe900710c47f9dec892c23b18e75e84f7d987d87b4ade34d69397054f3371c6bb7976485cd8f5198ba50a51569,3/19/2025 17:35,RAIN,DAYLIGHT,DIVIDED - W/MEDIAN BARRIER,WET,401,S,MICHIGAN AVE,17,4,3,41.87694309,-87.62414295,POINT (-87.624142954225 41.876943094038)
90c83dd8d05ce7219440f0ca0b738aa9559449641568e70bdd140faa9b75ec36a06a106b63aef6c61d8dfdd4b24b919e3b4b1f98b967193abebb4c1041a99319,3/19/2025 16:30,RAIN,DUSK,ONE-WAY,WET,205,N,WELLS ST,16,4,3,41.88586834,-87.63378741,POINT (-87.633787410229 41.885868344749)
b8f4b9937427c2b6c876a965e4593fc42ea1c5537f37b242c922c9622dfc8ef63c55237fb0aed3d7a1d551507f42ca2fd78a5333bceacc8244489f49b7c064b6,3/19/2025 16:30,RAIN,DAYLIGHT,DIVIDED - W/MEDIAN BARRIER,WET,300,N,MICHIGAN AVE,16,4,3,41.8868758,-87.62468519,POINT (-87.624685186707 41.886875795392)
e2494e7b4529f22f33acb29528315c993c291ff7cba072694004a948a2f35ea3c2b6a649692a8baf05d2cb5c42303d6f5887376a99d4d9e0793e0ba4e40723a7,3/19/2025 11:46,CLEAR,DAYLIGHT,DIVIDED - W/MEDIAN (NOT RAISED),DRY,408,S,CONGRESS PLAZA DR,11,4,3,41.87674147,-87.62412309,POINT (-87.624123090841 41.876741470828)
c430478fac2ff687a30e233622c9f11226fcf1cc1ca9e632770524ad72da235d1c8283cec64e4f56a829252a84a55158a251790748312e654b21626eb65b8f7f,3/19/2025 11:26,CLEAR,DAYLIGHT,FOUR WAY,DRY,499,S,MICHIGAN AVE,11,4,3,41.87579106,-87.62411501,POINT (-87.624115012282 41.875791059222)
fb020c866507ec4653ddc7212fb16ba681429dbc34adaed82c7152d0ec3aa08994bfaeebba5a2d70bf5b4a19697d2ecba4dbed57e1527273be310decc02b5656,3/19/2025 7:46,CLEAR,DAYLIGHT,ONE-WAY,DRY,300,N,STATE ST,7,4,3,41.88755787,-87.62815306,POINT (-87.628153064672 41.887557872813)
c49f571d838928bfdf2ca1b7c6f99a956739016c0cd8cadb6c89c5da270ea70365889b1f6b68b1d59279c6ea3af21fc10c85e6ec8d552be469cd04efb45ad70c,3/18/2025 23:40,CLEAR,"DARKNESS, LIGHTED ROAD",UNKNOWN,DRY,123,S,DEARBORN ST,23,3,3,41.88005099,-87.62921401,POINT (-87.62921401451 41.880050994348)
78233b6322a5229ddcc1cdde6e283cfe6db4ae32773b72c579acd36f50230c76b7504eb213896ba6563d529283c6858ff9e8f594c90f4398b67464bcac31f617,3/18/2025 18:25,CLEAR,DAYLIGHT,DIVIDED - W/MEDIAN (NOT RAISED),DRY,111,W,WACKER DR,18,3,3,41.88670684,-87.63140796,POINT (-87.631407958651 41.886706842037)
df3076521e0a1e24767a18e0249a20fcf2624782fe7f6d30621b4f3befdd37c5e7dfbf00dc6577616a11c16112de7aab1c7b64936cb039386e1d38fad39683a0,3/18/2025 17:41,CLEAR,DAYLIGHT,TRAFFIC ROUTE,DRY,199,E,LOWER SOUTH WATER ST,17,3,3,41.88671976,-87.6224727,POINT (-87.622472698584 41.886719764143)
7b4dad0fb0e0d21ed4c9864c8407027463e8f8b39305114b24894a77b036a2fed9ceb5e9095f04d0507c715288201618f3a085bf5acfe306e73b4e12702a5bb3,3/18/2025 17:35,CLEAR,DAYLIGHT,NOT DIVIDED,DRY,2,N,MICHIGAN AVE,17,3,3,41.88216417,-87.62451427,POINT (-87.624514273622 41.88216416733)
6d1d050684e82a7b65bce8ef6aab6d4f7df2aed6e7d30f36b936decd501a7622547f682bd8f23d9fa906d173bab458ce1b018a804ce4cfcbe4bf538d73928992,3/18/2025 17:30,CLEAR,DAYLIGHT,FOUR WAY,DRY,130,W,RANDOLPH ST,17,3,3,41.88458346,-87.6318544,POINT (-87.63185439803 41.884583460994)