CRASH_RECORD_ID,CRASH_DATE,WEATHER_CONDITION,LIGHTING_CONDITION,TRAFFICWAY_TYPE,ROADWAY_SURFACE_COND,STREET_NO,STREET_DIRECTION,STREET_NAME,CRASH_HOUR,CRASH_DAY_OF_WEEK,CRASH_MONTH,LATITUDE,LONGITUDE,LOCATION
e0d5353530f5f3f1b82481f6a1d12495cf8948bce662dc6de095043dabcd45a21de06aedd6abba14f84b3d520a46afa03c947d7cde3c5762c9ed146b56b40b0b,3/18/2025 17:15,CLEAR,DAYLIGHT,ONE-WAY,DRY,99,N,WELLS ST,17,3,3,41.88317822,-87.63371329,POINT (-87.633713290784 41.883178221763)
0450b0da8e238605e70a80a96400bf01095e11fee80610dc24f1c4027fba28dfa73a345b817d741c99e26014952db71fa15c72428c588a2c93ccd5e6d5c8b298,3/18/2025 17:08,CLEAR,DAYLIGHT,DIVIDED - W/MEDIAN BARRIER,DRY,231,S,LAKE SHORE DR NB,17,3,3,41.87890253,-87.61706575,POINT (-87.617065750126 41.878902530814)
782f0d98a50e2bd0727b58ff7e5ff291952b82764085dbf6d3e585eabf163ce6134ec623b82502bd9f8fb37d20e64cdae46505fc5994a4c3ba1bc4c49c334a8b,3/18/2025 13:34,CLEAR,DAYLIGHT,DIVIDED - W/MEDIAN (NOT RAISED),DRY,530,N,STATE ST,13,3,3,41.89171125,-87.62821667,POINT (-87.628216665655 41.891711252168)
6481dd113a4768c1cf5fc022d3e5c9c40b7a815024ff0fdc5553181c78de20ab89017f473c6a4e69ef1849459f33e8e7e24af2436fd82eb49b0c4db0552d0a71,3/18/2025 13:30,CLEAR,DAYLIGHT,DIVIDED - W/MEDIAN (NOT RAISED),DRY,421,N,STATE ST,13,3,3,41.89002792,-87.62786035,POINT (-87.627860345765 41.890027917989)
d77379d9dac7f4d01229750e0cdeafc9fbbb6939e4f328876b5083b48fb0442d7c72453bdbf44a0c80b7a79b52ffaab8bb446084555ba36229bd20274a872c09,3/18/2025 13:20,CLEAR,DAYLIGHT,PARKING LOT,DRY,111,W,WACKER DR,13,3,3,41.88670684,-87.63140796,POINT (-87.631407958651 41.886706842037)
e77c6d23306ec97dc4e271d76255868d4769656c0e2db5c3e2496a9a268bafda86b0c4f9d38c833071ed10655f1bae19f30ed648da4ffe906e31235e3c293599,3/18/2025 12:02,UNKNOWN,DAYLIGHT,ONE-WAY,UNKNOWN,115,N,DEARBORN ST,12,3,3,41.88355858,-87.62928299,POINT (-87.629282993142 41.883558580226)
067205717a164d2890673a663ebee8cedab9633d13ed19fc9b22bbbfdbc8fadc436afd89390b1d13d61581cc527671a3e67982a9de2b4af52964fd972a0356e8,3/18/2025 9:46,CLEAR,DAYLIGHT,NOT DIVIDED,DRY,343,N,MICHIGAN AVE,9,3,3,41.8877503,-87.62441087,POINT (-87.624410867821 41.887750298554)
d328d3b802394d7bb4fa5e8d7b5239a491b7ae5f745f4e8c2d1e0679034ea9d29dea15ad7a57fcdd154210df75ba2f601a6ab8e889ccaaef357d1dcb29f40ec5,3/18/2025 8:46,CLEAR,"DARKNESS, LIGHTED ROAD",NOT DIVIDED,DRY,300,N,LOWER COLUMBUS DR,8,3,3,41.88688372,-87.62088012,POINT (-87.620880115813 41.886883717417)
ba96e5bd7771aaf6accd784541ee02e6cde0ca8cfb0f1865d8d969eca0fb1d0aa43e0a95686c98ba783284c90e1f26ed4ae14c2a978cb1bd0593e4d57256903e,3/18/2025 7:55,CLEAR,DAYLIGHT,DIVIDED - W/MEDIAN BARRIER,DRY,102,E,IDA B WELLS DR,7,3,3,41.87583602,-87.62414401,POINT (-87.624144009729 41.875836015888)
7f79278091a974e5c69451093337777be43d8ec5471ecef6e31a55daba0148aaa8b8d345739836274886845c1c66704ed9cabc730bca40a4ba02b3e48f7dbbea,3/18/2025 7:30,CLEAR,DAYLIGHT,NOT DIVIDED,DRY,212,E,IDA B WELLS DR,7,3,3,41.87586629,-87.62189225,POINT (-87.621892251977 41.875866290331)
db6dfa983f964a5b764f0568e9f5b4bd5d318f0d85eb04bec832ea081fe4651a80f2fb4fea618d39c399ab4f7b334334ddc85890fc3a038a269140ab45e24c4b,3/18/2025 7:19,CLEAR,DAYLIGHT,FOUR WAY,UNKNOWN,191,N,CLARK ST,7,3,3,41.88549078,-87.63082227,POINT (-87.630822271774 41.885490784288)
151516cd8a2b30b622e7bd28990f052150730c2a46247f4de0369bd6ade04cfd1668dc905fba9edc140bcac288af36832e89ddab3f8e8506b5264394d3339225,3/17/2025 21:50,CLEAR,"DARKNESS, LIGHTED ROAD",FOUR WAY,DRY,140,W,WACKER DR,21,2,3,41.88703998,-87.63218921,POINT (-87.632189214385 41.887039984032)
57b3bf03bb9ee79b863c5b5f296b500ebc57485c390ad2b30e9f8e9e267720fbaf195b143202f3fcd3c605cafd22c02f9bb3bd0a81e6ca7161f71a13f7165ffd,3/17/2025 20:30,CLEAR,"DARKNESS, LIGHTED ROAD",NOT DIVIDED,DRY,70,W,HUBBARD ST,20,2,3,41.89013525,-87.63074503,POINT (-87.630745033627 41.890135246295)
f22ce6be6da33072fb019b2d413ca65f2dbd55c8613035aa6287f586655ddee980b64db1471ebc4657117a0446d8f3b7b9cd4fff88ec05c2d567b8e8b129786c,3/17/2025 14:15,CLEAR,DAYLIGHT,FOUR WAY,UNKNOWN,400,N,DEARBORN ST,14,2,3,41.88926953,-87.62973533,POINT (-87.629735331044 41.889269528172)
4741411f06dbc888cfa05490688d9b56405c9f691107bbba51622f9f4132c140852610b0776cba8360714d338efe963644382ca3bf10af1ac2ab2f2859756be1,3/17/2025 14:00,CLEAR,DAYLIGHT,FOUR WAY,DRY,36,W,HUBBARD ST,14,2,3,41.89015204,-87.62937938,POINT (-87.629379380306 41.890152041955)
374f19ef50e888a4a253056838c9d2374d63d389076c1b20fdc83e5ad2ae25ea551cc037f5e3f3164a1248f43b0cb7227dab4acb1130d05813310a7654e3b89d,3/17/2025 12:15,CLEAR,DAYLIGHT,DIVIDED - W/MEDIAN (NOT RAISED),DRY,1,N,LA SALLE ST,12,2,3,41.88199007,-87.63221288,POINT (-87.632212875914 41.881990073783)
761213495c46ad8c8d26ed2239b21130348360e4d21c7d39745b7e593626336e62efc37ca5955bd06055eb28ff4151ce46370be11ba957fa8e5b9747dcc0b26e,3/17/2025 11:45,CLEAR,DAYLIGHT,PARKING LOT,DRY,10,E,GRAND AVE,11,2,3,41.89179146,-87.62765774,POINT (-87.6276577412 41.891791463112)
d445b5bd21daafefef7e781097ce42868980835ab664eb656a2b3e5b263e24e472c383cc9bb21bc705f50e3b1ebaa2939c1a96c443f96b0cbd0be2f8f2f7b706,3/17/2025 11:05,CLEAR,DAYLIGHT,DIVIDED - W/MEDIAN (NOT RAISED),DRY,30,E,IDA B WELLS DR,11,2,3,41.87579046,-87.62649257,POINT (-87.626492570697 41.875790458678)
23142617b56ac9786abd19c1e22e6941d8923a855721fcfc693c6a602cc415d3228c5d204cbea3ff7ba2af91dcff959ecbf039f163dc924029e1fb5fff2d83a0,3/16/2025 19:05,CLEAR,"DARKNESS, LIGHTED ROAD",FOUR WAY,UNKNOWN,190,W,MADISON ST,19,1,3,41.88205759,-87.63353327,POINT (-87.633533265723 41.882057594737)
22759e99df4b0a967af00de03bb7cb59853b2e054194cd02cdc93fe1d5e0e4953e18e58bd3e17a73759dd72388bc5f4c4f692671fb3d3f8b3609e09c2964ccfc,3/16/2025 17:54,CLEAR,DAYLIGHT,DIVIDED - W/MEDIAN (NOT RAISED),DRY,154,E,WACKER DR,17,1,3,41.8883351,-87.62244159,POINT (-87.62244159284 41.888335100253)
56faccab04b8bdd208f97185cd38f0205b9e2b359c062dc1a20f5ee63f778573da1a5f3f989d2cca509611665eebda8f33b174cd51626aa9a06ded83b93b60ca,3/16/2025 15:10,SNOW,DAYLIGHT,OTHER,SNOW OR SLUSH,475,E,LOWER WACKER DR,15,1,3,41.88727415,-87.61625137,POINT (-87.616251368996 41.887274147538)
dbd33c33a3bd75a0cba1447966d2ba3d57a2e856ac6adf51e7958ea2ff4d81f0296aa4ff2866649dfa4419cacd09948e690c1e020c0f9a73921694f3f16a97c4,3/16/2025 13:50,CLEAR,DAYLIGHT,OTHER,DRY,333,S,STATE ST,13,1,3,41.87739694,-87.62751493,POINT (-87.627514931711 41.877396937036)
d11215a89c7e62409919a519857c6d9e3f280d009e39614fe1b9f026c1109d4a295e25b6871179a3eaffbcae5c31eb2fb39f48c777499b369400a3d220332dba,3/16/2025 13:30,RAIN,DAYLIGHT,ONE-WAY,WET,540,N,DEARBORN ST,13,1,3,41.89204537,-87.6298123,POINT (-87.629812295962 41.892045373175)
5deef98e1f565991e2226a26074954106226e950b9c0f7e869625e07d2c54e4b44b7e7e346d5f89ef9ea63ba9a43d2735adc49575e6e0b7ddeb6db118644437b,3/16/2025 13:05,UNKNOWN,DAYLIGHT,UNKNOWN,UNKNOWN,39,W,JACKSON BLVD,13,1,3,41.87805765,-87.62926894,POINT (-87.62926894464 41.878057652403)
a88a87bf9fa048dd16c29361b71f46610aba2b14edfa87483673f175a2e56681bcd8358f56c3a47dd4570bc36298aadc8ef90806f8372bb1e51da4e3c9732af4,3/16/2025 13:00,SNOW,DAYLIGHT,FOUR WAY,SNOW OR SLUSH,400,N,MICHIGAN AVE,13,1,3,41.88939788,-87.62439039,POINT (-87.624390394571 41.8893978833)
397ef294e5a1495feda92b2fe01f37464d13dbced421e8afd5909b4f34f6368077d25133a11be44c47c10d17b65388c8a3f0811b6e5d9153e8aed03581e12390,3/16/2025 3:00,CLEAR,"DARKNESS, LIGHTED ROAD",NOT DIVIDED,DRY,150,W,HUBBARD ST,3,1,3,41.89010564,-87.63306864,POINT (-87.633068644816 41.890105642113)
920484fa9949c19723573e4b5ec340a0d45624874e366e860073e6d3983a123894dbea368f71b5bad022c118664f6d4d615c68a84a98059c1b6428c5f9be2f4c,3/15/2025 21:40,CLEAR,"DARKNESS, LIGHTED ROAD",NOT DIVIDED,DRY,200,N,STATE ST,21,7,3,41.88577464,-87.62808748,POINT (-87.628087481118 41.885774641252)
cf0c4f88989e6d0c25b503f62eaad1c9c45798cd6ae0530a2796caebb5f2c4d464db16fb76dbbd0328fb0d6a74fa4ac44caa6fe2bacd5ecba78fcd27d4fc1e14,3/15/2025 20:14,CLEAR,"DARKNESS, LIGHTED ROAD",DIVIDED - W/MEDIAN BARRIER,DRY,406,N,MICHIGAN AVE,20,7,3,41.88978153,-87.62428552,POINT (-87.624285524387 41.889781526176)
c41b09e606d8f03dbbeb5401a6b7251380ab1f6bb858302d6309d4a7b5f3595219953a8e90f1545c6aee0c9380a3d6d03ce1e8b6743f23f1da0895a2da30950e,3/15/2025 18:00,CLEAR,DAYLIGHT,NOT DIVIDED,DRY,40,E,GRAND AVE,18,7,3,41.89179678,-87.62649274,POINT (-87.626492737165 41.891796782897)
6b938a31a9f8492a85b4ec788045dbeef5d7a4ccf32d9e5f5c67a33f7440345df3f7ae2ed8e12815a643d33d231d133ed7c31aa5122a6d5ddf3afbbf97878a1b,3/15/2025 17:30,CLOUDY/OVERCAST,DAYLIGHT,NOT DIVIDED,UNKNOWN,200,N,STETSON AVE,17,7,3,41.88583536,-87.62245569,POINT (-87.622455691865 41.885835359762)
52998d895f2286cbab7d76bae390bff64540e1c334de7def773d706be97a20cfd074fb659620fdf301dcd184e974a4fce2a16a3f98f628f73f1cc5cd78dfe4f3,3/15/2025 17:00,CLEAR,DAYLIGHT,NOT DIVIDED,DRY,151,N,DEARBORN ST,17,7,3,41.88451795,-87.6293121,POINT (-87.629312098674 41.884517946057)
f8881790f35371faf9a1af11678a8019a62e413d09a21a4dedddb4364ee87a24def93611e4aca595f7c7237da33a3fd7443ab09e3d4f5f33ab28136d95d8348f,3/15/2025 15:30,CLEAR,DAYLIGHT,DIVIDED - W/MEDIAN BARRIER,DRY,1,E,WACKER DR,15,7,3,41.88670756,-87.62788348,POINT (-87.627883478402 41.88670755507)
71ef4510d9b32d3ded1f8e0150d78132c75c081ac4da90521ec3e3c545a16e0cd0a59aa10ec015499a0463c5e95bc424505193554559b836e3f0af965b8741fb,3/15/2025 15:15,CLEAR,DAYLIGHT,NOT DIVIDED,DRY,600,N,WABASH AVE,15,7,3,41.89253115,-87.62689596,POINT (-87.626895964473 41.892531148205)
f26bb79b30655ce2c7440ba5d84294982e6506e3f02a0bdfd68fa079d1b95b5ed96296eb23263a47a2cfbbdcdcf862372f38ceb99e4d8275c706347f239f91e6,3/15/2025 15:08,CLEAR,"DARKNESS, LIGHTED ROAD",ONE-WAY,DRY,77,S,DEARBORN ST,15,7,3,41.88078401,-87.62922236,POINT (-87.629222363048 41.880784005359)
a4870cb1005f45c70d479f586ee701b02246d16eda9ece50a070a7db5a2311151129219985be600f8091a2190b98b089d707b0d75c9498ad6b38dfbe9d788e85,3/15/2025 14:30,CLEAR,DAYLIGHT,NOT DIVIDED,DRY,600,N,FAIRBANKS CT,14,7,3,41.89263706,-87.62040272,POINT (-87.620402716759 41.89263706484)
dc88f2be98857c154551178791ca751032736235f4ea2aa0866cfcee511a5448260a495a009001ec37351046fba01473c07428ec935b15e91113b1f6f2f3e9ee,3/15/2025 14:30,CLOUDY/OVERCAST,DAYLIGHT,ONE-WAY,UNKNOWN,36,W,OHIO ST,14,7,3,41.89255832,-87.62959738,POINT (-87.629597377088 41.892558321003)
615a98d81feb4a6f24f2911d62e80e0530b06a51df89d9897f97b164b271a3fcf2779b90b061c50221f7b3a11c9d06ef4d6444d25b0e99ab0ac8163338aaeaf8,3/15/2025 13:58,CLEAR,DAYLIGHT,NOT DIVIDED,DRY,400,S,STATE ST,13,7,3,41.87686253,-87.62779697,POINT (-87.627796970132 41.876862529588)
7a04bf1149dfaf70f9d00f07a212f4f54e74a0e1d79495de65d47e38228c06f92e2b89e1d8ae344bc9f252273ad881267dea5b131ce3a755b4955078d78f48bd,3/15/2025 13:50,CLEAR,DAYLIGHT,UNKNOWN,UNKNOWN,101,E,LAKE ST,13,7,3,41.88564477,-87.6244746,POINT (-87.624474604711 41.88564477342)
4608619c51450c14016df9f3d2ddc31de252db7a850556bbd4754d84a580a6e058a3ff1a32660c4f629b13675d6741f71765a356f340202da86d0b7c4eb9b250,3/15/2025 13:45,CLEAR,DAYLIGHT,NOT DIVIDED,DRY,200,N,MICHIGAN AVE,13,7,3,41.88580155,-87.62465977,POINT (-87.624659771063 41.885801546318)
9453721eebae2a159160ad0160eb4b2e9757e5eeb4918282e1c144e18753e9f985c4358243ac657391b1311c6ee67dfc81f6a018627be7cad3f6057403227e1c,3/15/2025 13:40,CLEAR,DAYLIGHT,NOT DIVIDED,DRY,350,N,LA SALLE DR,13,7,3,41.88887789,-87.6326624,POINT (-87.632662396398 41.888877890279)
b49ea995c5ae414d38f691e15687868cd9f7aa2a4d12a1ee4401bfe4966bafec0e491b41af51e549e730fa6191dcde4a884ee871256ce35e09bbd995da0f3cb1,3/15/2025 13:00,CLOUDY/OVERCAST,DAYLIGHT,NOT DIVIDED,UNKNOWN,200,W,LAKE ST,13,7,3,41.88583846,-87.63397255,POINT (-87.633972551477 41.885838457417)
22490de1c4d0f62f940b504f25299fffc400ce339f05d683213403f7805820372cefae1f6af158e50b6493816e8412464772a065327d14255dc90999b49f955f,3/15/2025 12:15,UNKNOWN,UNKNOWN,NOT DIVIDED,UNKNOWN,150,W,HUBBARD ST,12,7,3,41.89010564,-87.63306864,POINT (-87.633068644816 41.890105642113)
5b3f90c6a95ead77e671d2b4f9108952c9ffacbbdd9a8dbdf6dd1347b8e966c68ed3b9025d161526840371738683a6772aa8b161f85a2585209043eb25e61ca2,3/15/2025 12:02,CLOUDY/OVERCAST,DAYLIGHT,NOT DIVIDED,UNKNOWN,400,E,LOWER WACKER DR,12,7,3,41.88755113,-87.61735601,POINT (-87.617356008287 41.8875511317)
74a7d20d44048603444ee09abd0e246eef611500b3a9f170bfc694e8f896a706ca807358aa17ddbd7d23dfc138adec367eeb1860386a7132c0520510d176f94e,3/15/2025 11:05,CLEAR,DAYLIGHT,NOT DIVIDED,DRY,80,E,OHIO ST,11,7,3,41.89263269,-87.62546935,POINT (-87.625469348514 41.89263269454)
396600889ef32b023f576a46d19ecb5e1f103a24e064729d3a56280ea8d333df2d304990d740903a6d51302005d920487245eb0ba32a3019c93ab038dbc56cf8,3/15/2025 10:20,CLEAR,DAYLIGHT,ONE-WAY,DRY,1,S,FRANKLIN ST,10,7,3,41.88190275,-87.63516406,POINT (-87.635164059795 41.881902750506)
e185d141b7feeacaef4ea9bba3021357b1e53925fc86fdca99a960a6fbf865d7dcc5b545655d8f588455ad96d956fe2b842db0684ef8b4671ca5f5b3268e36cb,3/15/2025 9:45,CLOUDY/OVERCAST,DAYLIGHT,NOT DIVIDED,UNKNOWN,100,E,WACKER DR,9,7,3,41.88840303,-87.62439642,POINT (-87.624396422774 41.888403031993)
727d3ff2b797df1b67211fe0113337176ea52159c35ed7fe82dc54e7a927925d73ef036dcdaebc2327e34482c88f8bd9ff0c48cac66186a41cda95cff1119f91,3/15/2025 3:50,RAIN,DARKNESS,NOT DIVIDED,WET,59,E,HUBBARD ST,3,7,3,41.88999919,-87.6256343,POINT (-87.625634304746 41.889999192223)
889b40a0cb7486021225c5c5a322397862c451dc3572b49cf7dd2389781ed2996413c93874fa895eeb2e148bb1219fe5d4349e7b09415792e8c2326d11800019,3/14/2025 20:20,CLEAR,"DARKNESS, LIGHTED ROAD",ONE-WAY,DRY,1,N,LA SALLE ST,20,6,3,41.88199007,-87.63221288,POINT (-87.632212875914 41.881990073783)
30b67d9df4be5e204b652103edc85ecaba69e36d5a2a99f8b2679cfae8b33b34a2d33857d1e3f79ed787f35c0bce78e0ff4ccb113d8be1cd6cd7fab35c388415,3/14/2025 18:30,CLEAR,"DARKNESS, LIGHTED ROAD",ONE-WAY,DRY,50,E,IDA B WELLS DR,18,6,3,41.8758026,-87.62573441,POINT (-87.625734412266 41.875802599285)
00938a8b82020f3d6413995947f4af2961d2988482e34c646ddd6588e6bfa2237743ccf58975a205df0fd8942e05ebc18dba4cf09b40e801e33878325d8bf303,3/14/2025 18:20,UNKNOWN,UNKNOWN,DIVIDED - W/MEDIAN BARRIER,UNKNOWN,120,S,MICHIGAN AVE,18,6,3,41.8803092,-87.62450298,POINT (-87.624502977669 41.88030920405)
0401b9463976bba19227619e679ccbaca1e20303574b1400b705fc4a9ff48714da86b949a2844d37aeb0996db296ace830ffa20cf3b286e86f658f260f55421c,3/14/2025 16:31,CLEAR,DAYLIGHT,DIVIDED - W/MEDIAN BARRIER,DRY,115,S,LAKE SHORE DR NB,16,6,3,41.880539,-87.61710276,POINT (-87.617102761368 41.880539001579)
1fb985c436771cb1b7fb2763340747821ae1c2519b1df3ff0f966b3dcc4f19a313910d00cf85fb13fdf3ae064f6fdec24e678c7f40b51de9345b771b879ecf92,3/14/2025 16:04,CLEAR,DAYLIGHT,OTHER,DRY,200,S,WELLS ST,16,6,3,41.87935629,-87.63390167,POINT (-87.633901665345 41.87935628974)
fcf35493a897fe6c39192519757d98bf3590c4b1b6323562cb6a82d2fa971b5a9cfc65d0437efd9e5a80f2c13a6282afab30cada74d4973f0166d2102eaaa1fa,3/14/2025 15:30,CLEAR,DAYLIGHT,DIVIDED - W/MEDIAN BARRIER,DRY,301,S,LAKE SHORE DR NB,15,6,3,41.87831701,-87.61705213,POINT (-87.617052125371 41.878317010667)
79ca445677224eac053e8d048674dd6d065d9ab7ecbfb1741b5272e15923e976df4d4ed05811af818186d862586e0165cb3621faf60d6a5a9c483c7170f23951,3/14/2025 14:40,UNKNOWN,UNKNOWN,FOUR WAY,UNKNOWN,500,N,LA SALLE DR,14,6,3,41.89084146,-87.63270628,POINT (-87.632706277654 41.890841457198)
fea5fd443893065255499a9353ce3ad9c77ac1ae13fdd751f80f30c8a9d20f1bed652bb56846065f5287c4725a51424133a35fae340027299f9deecf48320811,3/14/2025 13:44,CLEAR,DAYLIGHT,DIVIDED - W/MEDIAN BARRIER,DRY,323,E,WACKER DR,13,6,3,41.88755604,-87.61965509,POINT (-87.619655093285 41.887556040949)
74f0e7068db4233bb09d0015037c4a12d8542e0aaeb33c0aa4e66ca3655c59ae1b7e39795450faf0c8ae0e0eb580d47f8f0314ebe402c54d744a7875b82236a4,3/14/2025 12:30,CLEAR,DAYLIGHT,ONE-WAY,DRY,7,W,MONROE ST,12,6,3,41.88063378,-87.62804325,POINT (-87.628043249844 41.880633775643)
5d1fc4685331700450a4a8ad1203c6c620bf8d75af16924829e4b3f8690e6403a7f7428b90b8ab1e6080ed5497e9afda0a15118ddf243706dc21f1e2aeabb44e,3/14/2025 11:23,CLEAR,DAYLIGHT,NOT DIVIDED,DRY,203,N,LA SALLE ST,11,6,3,41.88582205,-87.63230374,POINT (-87.632303735086 41.885822047853)
3c42c3254957cd0143718dffbc6f76257e029ccd2ba4b3c65250092c47d8346d2f5ca40970eeeb54d7af07ae4b222f0eab0302f7f0f06dfc7304f4fb57062f1f,3/13/2025 22:40,CLEAR,"DARKNESS, LIGHTED ROAD",DIVIDED - W/MEDIAN BARRIER,DRY,100,N,LAKE SHORE DR NB,22,5,3,41.88326589,-87.61626953,POINT (-87.616269526281 41.883265889838)
001ba54df1f45122a05c8bb9c63f1081e9619ac4cf78fe5c6f1378240dd501ba533a8815d15e79cfe31beaf8f8b18d97c81ae28852f483cf80d63b3a5bc0472a,3/13/2025 22:00,CLEAR,"DARKNESS, LIGHTED ROAD",DIVIDED - W/MEDIAN BARRIER,DRY,151,E,LOWER WACKER DR,22,5,3,41.8879732,-87.62257424,POINT (-87.622574238789 41.88797320385)
1770a6f4440e4634d903da7142b4aef626199e114629ba8c21066546e7a2c4e2985b510ba88fdf89b3da34f5cf2055711d5f655d4ccc6695fd72ac1d40392402,3/13/2025 19:00,CLEAR,DUSK,FOUR WAY,DRY,180,N,MICHIGAN AVE,19,5,3,41.88525377,-87.62463473,POINT (-87.624634731093 41.885253768654)
abccbd5b7a517aa8b1ae6afbf182bb6ae963bf2330e6780f922f416e84273536d1790027ab430e8140921478f422d1085d8a60674ac0a8b24a1c8289e5bf6c18,3/13/2025 17:27,CLEAR,DAYLIGHT,DIVIDED - W/MEDIAN BARRIER,DRY,411,N,LA SALLE DR,17,5,3,41.88959707,-87.6323944,POINT (-87.632394399727 41.889597074902)
8a9cda4b392e994d0a2a4d6b05548d7c53c68776c27da3febcab4cf0c5cdbbaecb2b0b740192511968651f4236ed486bd14c5bcf5f3972f21906c6eba89273d7,3/13/2025 17:05,CLEAR,DAYLIGHT,T-INTERSECTION,DRY,300,S,LAKE SHORE DR NB,17,5,3,41.87831013,-87.6175759,POINT (-87.617575903416 41.878310134581)
ddac141f8a603e7dd9b341c120cbff4d5e60087d134ebc73641142ba68772da670a5f4a4dfabd0e5c0522f28795a82f20771dff7e0667f2110001a6a79b28e8f,3/13/2025 13:07,CLEAR,DAYLIGHT,T-INTERSECTION,DRY,300,S,LAKE SHORE DR SB,13,5,3,41.87831013,-87.6175759,POINT (-87.617575903416 41.878310134581)
d353d862187d3a0f39a500546ad576b26a9def172bb8235aa87f97a35ed09efea8ee1dead4e731a7daf4d99db110cf8bcc04d53ca24efe45bfc8313dd163fac7,3/13/2025 13:05,CLEAR,DAYLIGHT,ONE-WAY,DRY,115,S,CLARK ST,13,5,3,41.88026596,-87.63069645,POINT (-87.6306964455 41.880265956866)
fec1d9af6902f35684adbd4142111a3f58c83347e6efcfa505a35ce66a26bf312ef9f42d86df2e94ac74f647d37dfde3f3892339f48aaf26f67029feb43e93d3,3/13/2025 12:56,CLEAR,DAYLIGHT,T-INTERSECTION,DRY,125,E,GRAND AVE,12,5,3,41.89162116,-87.62425393,POINT (-87.624253929022 41.891621161011)
e1d00d98751a1e36f260f24dc19047bf8ff90504d7810848f220247444c1ad5de8dcd96b431663c1a8edea829967f7da2a9f54a664a6e8ae8586ad99ef892f72,3/13/2025 12:23,CLEAR,DAYLIGHT,ONE-WAY,DRY,39,W,MONROE ST,12,5,3,41.88061127,-87.62928262,POINT (-87.62928262226 41.880611266477)
b68bc5b71dc3dc8e30cebc282dc6503077c3f4a62ba08dc8d83c21e7db9e4bfdc34f97d01b7a51cbccc633c6e5b6affe48ee87f9c4ae1035c5954212dd203d03,3/13/2025 8:00,CLEAR,DAYLIGHT,RAMP,DRY,126,N,DEARBORN ST,8,5,3,41.88382008,-87.62958324,POINT (-87.62958323651 41.88382008291)
29b196b6f99ee5a33945be635574e5c3d7c82e9974886f18aa61770b855ee6d240553f65476e2d82e7ec60c2828b2a2026cf24de92ed514a5969f5328603857a,3/12/2025 23:30,CLEAR,DARKNESS,OTHER,DRY,32,E,OHIO ST,23,4,3,41.89260251,-87.62682327,POINT (-87.62682326645 41.892602513485)
efbaa26263fdda122061374a637aa9371dfd3f137b57c549ebe03eeae13f693d293bda4bd3097a479a2a4d9bc74ca139340dd3e7ff8cead78270f0f757b159de,3/12/2025 18:40,CLEAR,DAYLIGHT,NOT DIVIDED,DRY,36,E,GRAND AVE,18,4,3,41.89179598,-87.62664745,POINT (-87.62664744621 41.891795981143)
468aab59ee31376a77ee95ce52731b525a56b2dea0132f94eddb68cbb9992c470ff1402213fdef50092359248017a1048c35c12888a92fba256bb45fd37e9ec0,3/12/2025 17:50,UNKNOWN,UNKNOWN,UNKNOWN,UNKNOWN,230,N,MICHIGAN AVE,17,4,3,41.88651729,-87.62467769,POINT (-87.624677686429 41.88651728872)
0a57c9b5053edf07dfedb4f32812bcbdb58eb371fcb82603d15691e888ddaeb072605f230cf2704cee2dd37acc6a95d70fee28847921d137d8d2ff62aecfd543,3/12/2025 17:30,CLEAR,DAYLIGHT,NOT DIVIDED,DRY,50,N,WABASH AVE,17,4,3,41.88316737,-87.62637835,POINT (-87.626378345803 41.883167372244)
8d85d1de44d32ca27f1731cb5037feb738f601676b716bdf530d01555c50d35e0422ba3f89ad4f0acbbf9bef745a54a0011ad649fd2fa5537b30e6fe5714971d,3/12/2025 17:23,CLEAR,DAYLIGHT,ONE-WAY,DRY,201,S,DEARBORN ST,17,4,3,41.87937584,-87.6292039,POINT (-87.629203901922 41.879375838435)
756adc5aa12a92c0be7a138e84f2a25c4ace26d071a8fe9b971df13421e90a15894b571d40cdfeeb7c852878f28f316d8e5b0ff8bb98263337edb12d3e1e8207,3/12/2025 13:33,CLEAR,DAYLIGHT,ONE-WAY,DRY,130,E,RANDOLPH ST,13,4,3,41.88458837,-87.62327256,POINT (-87.623272561055 41.884588371969)
a0e2380b7d43a9c363003e3540b29e5e621c1e7e91068e62b9d027d3be356a80eb4bc26add3137281635ee5ac7fcffa853eb6468c7513d7c76dd0d010f18d40c,3/12/2025 13:10,CLEAR,DAYLIGHT,ONE-WAY,DRY,130,E,SOUTH WATER ST,13,4,3,41.88693064,-87.62333612,POINT (-87.623336121251 41.886930641264)
38bfa3e5522e02e42c5f76ac7a5f3765ec59ecb4776e4e30a180084d6b3510597d9def2a9158244d03ce2e37809ef63b4fd747159f9377064503e53f23540b38,3/12/2025 12:53,CLEAR,DAYLIGHT,DIVIDED - W/MEDIAN (NOT RAISED),DRY,610,N,STATE ST,12,4,3,41.89278466,-87.62825757,POINT (-87.628257569489 41.892784664143)