CRASH_RECORD_ID,CRASH_DATE,WEATHER_CONDITION,LIGHTING_CONDITION,TRAFFICWAY_TYPE,ROADWAY_SURFACE_COND,STREET_NO,STREET_DIRECTION,STREET_NAME,CRASH_HOUR,CRASH_DAY_OF_WEEK,CRASH_MONTH,LATITUDE,LONGITUDE,LOCATION
7219842d77038e219b04c37b9da0582773aaf156930f3a7aea4680d831397f2b0969b2b51efd03fce4671d0b9eb60668b9d8edbda192a51a7daaad906af61d2f,3/12/2025 12:40,CLEAR,DAYLIGHT,ONE-WAY,DRY,343,S,DEARBORN ST,12,4,3,41.87714679,-87.62912123,POINT (-87.629121233169 41.877146786216)
b82aa59216a8f91c7cfb36512166548438d7f8b586b8415af1113a829da2ac087ba0e132b66d634ee07e88f8786c17cc7fd256fe5217dbfbc6c226186470a0e2,3/12/2025 8:45,CLEAR,DAYLIGHT,OTHER,DRY,20,E,RANDOLPH ST,8,4,3,41.88460285,-87.62718694,POINT (-87.627186940196 41.884602854888)
c36fd57ae300a182d781b2056588fb5f88d9569c9568da7a584f4ede0f345b47a2a0b74c0199d73b3cfcb7c714f24cfcbdf6997c2addf3db9e7b1aff2617be42,3/12/2025 8:30,CLEAR,DAYLIGHT,PARKING LOT,DRY,20,E,RANDOLPH ST,8,4,3,41.88460285,-87.62718694,POINT (-87.627186940196 41.884602854888)
25ac43cd856fda3801a91ef9d25c861ba03db216c4fdc48581fe7d12b5def0a2e1e8eb285a2e1ea301facf2f42e6cd6d5b6509263b0630f12b11a06a8fd29646,3/12/2025 8:00,UNKNOWN,UNKNOWN,NOT DIVIDED,UNKNOWN,214,N,POST PL,8,4,3,41.88614279,-87.63491564,POINT (-87.634915637214 41.886142790319)
0ae4e15023e8510a77ae9ebd1517380713578af76faeed7fc3895135b9bb2dc206eca50dc15b374e3fd9737901b20252e2dacf5d1e0311fc21e63bc19338b853,3/12/2025 7:04,CLEAR,DAYLIGHT,FOUR WAY,DRY,55,E,WACKER DR,7,4,3,41.88733856,-87.62595122,POINT (-87.625951222548 41.887338558814)
36dc8e6d0ecf4ef82ebd8b1926b18fa4b52268027d32b5e60799ed04421d4e48369a2f86a414a3ed773af4ab77280d92f7424233800c4e27381631a5f45164d4,3/12/2025 6:06,CLEAR,DAWN,DIVIDED - W/MEDIAN BARRIER,DRY,100,S,LAKE SHORE DR NB,6,4,3,41.88085605,-87.61763589,POINT (-87.617635891755 41.880856047671)
6d9b6d48065eee6d61f43d1473083009223c610afc5dbb89207761f1437f1105c740238f97c3d34062988036d40c71106c3ba2f83c8e1e71f23b489d323988f2,3/11/2025 21:38,CLEAR,"DARKNESS, LIGHTED ROAD",FOUR WAY,DRY,401,N,LOWER MICHIGAN AVE,21,3,3,41.88936014,-87.62413833,POINT (-87.624138329491 41.889360144459)
9d70686aafca143ba943777c5a28ce33ed6fbfd35df218b751daf615cac2d6ec466a4e79289f9e95725a4183473b0413c75380b258d4b2db481aca3e6a02541a,3/11/2025 20:35,CLEAR,"DARKNESS, LIGHTED ROAD",ONE-WAY,DRY,50,E,OHIO ST,20,3,3,41.89261824,-87.62616035,POINT (-87.626160348476 41.892618240004)
44f8872a439b2c7340b0c6c12cc758f60b9bbdd5bd0c76d46c804e5465f4bf2b3a57f01c378c8d57bd68a6bcf9fc56017bf71d717ae8e7e86d43ced43028e73a,3/11/2025 19:20,CLEAR,"DARKNESS, LIGHTED ROAD",DIVIDED - W/MEDIAN BARRIER,DRY,238,N,STATE ST,19,3,3,41.88673295,-87.62811343,POINT (-87.628113434678 41.88673295078)
9264849c328b682ff5612ce83e0db185a20dabc4770c0b34c08915620a677799ad6255fed85571e96490c9742bf60f8e258f5edca0ef0af1f1bda0eb1fd534ac,3/11/2025 17:50,CLEAR,DAYLIGHT,DIVIDED - W/MEDIAN (NOT RAISED),DRY,111,S,MICHIGAN AVE,17,3,3,41.88052782,-87.62420947,POINT (-87.624209465859 41.880527821931)
7d86a4945cf9df080e5ea0da44c5374a41b7a95401762bde706b4379bffc23ea62724960082aea1532d9d92f992a2a707dff62c5a9d330535ca60eac4430a927,3/11/2025 17:20,UNKNOWN,DUSK,DIVIDED - W/MEDIAN (NOT RAISED),UNKNOWN,70,E,LAKE ST,17,3,3,41.88584225,-87.625455,POINT (-87.625454995532 41.885842253862)
102b8fa5a30b0279ba59e8c2ee74696f1bfaf8eb64963ee9576a2951239186662944813f345be0721bf137de8f4a6cab72e36d11311e12c12bd983045883db10,3/11/2025 14:58,CLEAR,DAYLIGHT,DIVIDED - W/MEDIAN BARRIER,DRY,345,E,WACKER DR,14,3,3,41.88749493,-87.61867271,POINT (-87.618672709476 41.887494931177)
fa59f7f904503a6160b139066f71050d5aa3b9e4d357c42f11602255cbd7ded874ba2937173c59543c49913c7a7741b1fa7be9ad0b919e1a8fe30fc051abbff2,3/11/2025 14:34,CLEAR,DAYLIGHT,ONE-WAY,DRY,19,W,LAKE ST,14,3,3,41.88564039,-87.62868113,POINT (-87.628681127327 41.885640387067)
2028d9dbd481206ff6ffbe0bb386ab05028a04e6e0be0434f77dd7a321d8dd1a84339944cd48993cf4ed91580aa53dc32347a954cac1eb2187ab66c00c06c400,3/11/2025 8:12,CLEAR,DAYLIGHT,DIVIDED - W/MEDIAN BARRIER,DRY,47,E,IDA B WELLS DR,8,3,3,41.87558205,-87.62579754,POINT (-87.625797543323 41.875582050895)
0ff2e320e0432f3e48b52ac5a85c3fc809b84d40d24c9a49366c1e724c4d58bfc122349c7a59776621e87f99e2007d38476b1894c1d4a04ede10f75a4129b61d,3/11/2025 7:25,CLEAR,DAYLIGHT,NOT DIVIDED,DRY,300,E,RANDOLPH ST,7,3,3,41.88462378,-87.62047604,POINT (-87.62047604443 41.884623784636)
8f350a72737f9ddba74233f1b8e7e94d21f689c23f6c65615ac594d792b529804a7095fa782a6bbe9c407f6c7154cc7f751df582acd494e2e94c4886cf5a0d0d,3/11/2025 5:30,CLEAR,"DARKNESS, LIGHTED ROAD",T-INTERSECTION,DRY,221,W,LOWER WACKER DR,5,3,3,41.88668184,-87.63472941,POINT (-87.634729405046 41.886681843855)
ba3f38b52e147f050766d99c57fdb5edadf2b745cae2aa6baf1515e7198b2767ca0f66f26d8e6eeb8e84c5c7c8fe97fd8e217bad194a35aa035e5f019c7f3279,3/10/2025 14:27,CLEAR,DAYLIGHT,ONE-WAY,DRY,7,W,MADISON ST,14,2,3,41.88190631,-87.62809668,POINT (-87.628096675208 41.881906312234)
1b314c23f68d1efde7600f443a6d9600e46fa447570a85189e1d5374cc4ffbd857176a317425f2c6f4493590b1cbabcd6d1ef119fec81380547475a3750cc931,3/10/2025 11:03,CLEAR,DAYLIGHT,ONE-WAY,DRY,36,W,MONROE ST,11,2,3,41.88083388,-87.62913514,POINT (-87.629135142809 41.880833876927)
6c8ebf1bfbca701a0cfb035d9332c93c71b7181663eb6392a5acccf1df2591d8641bac66fe187346ee164954bd364ea89c998959d12b7ba9ee15f458d0512475,3/10/2025 10:10,CLEAR,DAYLIGHT,DRIVEWAY,DRY,55,W,ILLINOIS ST,10,2,3,41.89071594,-87.63014745,POINT (-87.630147445061 41.890715938888)
d72a9e79a2859f0d3df67720a8cf8b445fc72e69476cbcb8d6c3a22da794270c3d49dc9db6122fb200bc40dd51566e03d02c1bd70eb508c6f6670ac594075c27,3/10/2025 9:15,CLEAR,DAYLIGHT,PARKING LOT,DRY,69,W,WASHINGTON ST,9,2,3,41.88310048,-87.63014723,POINT (-87.630147229272 41.883100479248)
79001f62d1d613baa0cbc0be88401464a69a30d2b62f577cdce1f6c1625ca13a7509b5978e1d2a5bb162b0f6b8b6ebf6cf517df7360ab3a49de03929cddd8fec,3/9/2025 17:00,CLEAR,DAYLIGHT,NOT DIVIDED,DRY,145,N,LA SALLE ST,17,1,3,41.88434894,-87.63228638,POINT (-87.632286376049 41.884348940984)
010aec61bcfd7b8ec88ff65f1719a8c157fe6d2022fe286ad8a471f1cf0401fa7ff235444e259e5ea0b3f31a4f8a8e0dee1eb250816079945fa7f234f565fe74,3/9/2025 16:34,CLEAR,DAYLIGHT,NOT DIVIDED,DRY,100,S,COLUMBUS DR,16,1,3,41.88080566,-87.62093499,POINT (-87.620934991819 41.880805655312)
438d030bfed1c02702e812fc6479f8ac233e7a1215af9c4d9b07e231fa6f5623b38dad44ec6cc6f8061767247ee786666bfe113a561d8661e52ddc94adad45b7,3/9/2025 12:08,CLEAR,DAYLIGHT,ONE-WAY,DRY,23,E,WASHINGTON ST,12,1,3,41.88310888,-87.62705804,POINT (-87.627058040568 41.883108878462)
73b30d15ce28bf1d1a4441c2a11fdc0bfe5c347251baa51c0fc9154d3e93e15e84a98b8515511ed771ca41c22d24f2bbd9a0bd2bb1881d496d1ae4056147d618,3/9/2025 1:02,CLEAR,"DARKNESS, LIGHTED ROAD",DIVIDED - W/MEDIAN BARRIER,DRY,161,W,KINZIE ST,1,1,3,41.88906211,-87.63348521,POINT (-87.63348520694 41.88906211073)
34ae08377c22ad2d03f540f7c9858c438f8bad8064723e4b7eff7afb4e57f96a7a4373766ef81d20c2e741c7e076107be76a3c1eb0e4757ed20dd7f3a4a8468c,3/8/2025 21:30,CLEAR,"DARKNESS, LIGHTED ROAD",DIVIDED - W/MEDIAN BARRIER,DRY,2,N,MICHIGAN AVE,21,7,3,41.88216417,-87.62451427,POINT (-87.624514273622 41.88216416733)
162492e7104c9c57484bb13a0b44bb1b005bd07b2e239a8ae6b7d7097e5b651d878d4ed27c6c1b9079d01b26521539f1933ed671e5ddb883abec6677cad7c8da,3/8/2025 19:20,UNKNOWN,"DARKNESS, LIGHTED ROAD",DIVIDED - W/MEDIAN BARRIER,OTHER,250,W,LOWER WACKER DR,19,7,3,41.88701536,-87.63539341,POINT (-87.635393413252 41.887015356921)
8d0c51b61096ef6488057fc2a8877993f8185557bd8f8bc588be0f720cc7376f840810a8ae367295a0556617e18db85e551351d57b6ceb4c280021dad4d063db,3/8/2025 16:30,CLEAR,"DARKNESS, LIGHTED ROAD",DIVIDED - W/MEDIAN (NOT RAISED),DRY,189,N,MICHIGAN AVE,16,7,3,41.88545215,-87.62434811,POINT (-87.624348109434 41.885452149942)
8c3fb183a0b63dc344238bb4a5a00583e3678f486ef58719ed311abcf4b4e14fc98b20aa5438d7603bbe6051a91bc729e68824235c9b2b1bc5734be2667a6890,3/8/2025 15:25,UNKNOWN,DAYLIGHT,NOT DIVIDED,UNKNOWN,200,N,MICHIGAN AVE,15,7,3,41.88580155,-87.62465977,POINT (-87.624659771063 41.885801546318)
3aa3b5c954059ff0ebd09368d49acfa5fe1a4b013dc12a482a4989e8b7b2f1e067593b6cb9bb78e9e7029bb275f466e3f41be56287f45161287687216739a82e,3/8/2025 14:07,CLEAR,DAYLIGHT,NOT DIVIDED,DRY,626,N,MICHIGAN AVE,14,7,3,41.89337221,-87.62436142,POINT (-87.624361418497 41.893372214284)
3a50440bfe878edb01ef6073aae1acd2cba652d9f0fe04e0b89107f8855b9899ec82f89f43e4718e3b3608abae8a510d0d0ea30da928ec612257e5767e909164,3/8/2025 13:12,CLEAR,DAYLIGHT,DIVIDED - W/MEDIAN BARRIER,DRY,244,N,STATE ST,13,7,3,41.8869214,-87.62813142,POINT (-87.628131416664 41.886921401022)
f755847819773492896fe23e5f6b286d4bfffb48157e0a6cfb441fd7a5211c519f83108d9da3b3d76a9a6cf30632bc51e9adf0ed2a66c9697d67f078017dd48d,3/8/2025 9:45,CLEAR,DAYLIGHT,FOUR WAY,DRY,339,N,COLUMBUS DR,9,7,3,41.88775834,-87.62053742,POINT (-87.62053741652 41.887758336823)
a105c10d3ebdfa2762a34051dc68db5a0328eb70abb3dee3c57fe7f1ed5f9dcaff0946d7ad505ce5c46b601bd195e934e1c041e67cb8bafff6fb1d58f3322869,3/8/2025 2:00,UNKNOWN,UNKNOWN,NOT DIVIDED,UNKNOWN,169,W,KINZIE ST,2,7,3,41.88905786,-87.63384154,POINT (-87.633841538291 41.889057859241)
f41b7944492bf4da76a393e9e69d6cc3b8ce4283c1543a9fa01c8231f2ab5ac279694e0d1b45aa8cfa68a82818aa29eac7e718c0ce9a45ed28184ed6986f6b16,3/8/2025 1:55,OTHER,"DARKNESS, LIGHTED ROAD",ONE-WAY,ICE,150,E,IDA B WELLS DR,1,7,3,41.87585922,-87.62240879,POINT (-87.622408785167 41.875859216548)
3af3b8e2729c8b221c9b6174d5f138d81839e775ae7024b98212d69f5ddcb5ca2ccdfec85830c9afef2a12ca11708d33f6a1343b1b4278128eb569596746067a,3/7/2025 20:26,CLEAR,"DARKNESS, LIGHTED ROAD",ONE-WAY,WET,198,N,WELLS ST,20,6,3,41.88569501,-87.63407596,POINT (-87.634075956083 41.885695007662)
4f45389a0a5038e84ccffbab65469c899677e4fecaf08b1140ea3c6c56e534310201772e452d1c12038eaec5ca953b9700da0226c2dfb0e9198b8faa5c465c2f,3/7/2025 18:33,RAIN,"DARKNESS, LIGHTED ROAD",OTHER,WET,199,N,COLUMBUS DR,18,6,3,41.88589685,-87.62053128,POINT (-87.620531282755 41.885896846521)
fcd7b6095c58a179b030305b0619205ea1491f19381251d5aff585281b76dbdd1ec702e1070e24f9283ab7b907ef530d8a19cf9d76e0d2443d571b46954cc378,3/7/2025 18:00,CLOUDY/OVERCAST,DUSK,RAMP,WET,499,E,LOWER WACKER DR,18,6,3,41.88726183,-87.61586441,POINT (-87.615864407125 41.887261828845)
49a22f9699a604901c9fddecee9a048b955c556dda37b86894bc311b60d4343dad2af3e1ec90f8638ff75bbb39149caee7aad5fe4fe9ecd9ae6572e9d6552756,3/7/2025 17:31,FREEZING RAIN/DRIZZLE,"DARKNESS, LIGHTED ROAD",DIVIDED - W/MEDIAN BARRIER,WET,245,N,STATE ST,17,6,3,41.88693009,-87.62783786,POINT (-87.627837858375 41.886930086738)
66b12bf6668fbf15e85c3442692c116dc5bdd563ee61dd1ff7aed1309d5a7638dc2306f9c391a92545bf51dde932f7c04bed8b09e84e96a8ec40443cbfa40e6f,3/7/2025 15:35,CLEAR,DAYLIGHT,NOT DIVIDED,SNOW OR SLUSH,491,N,COLUMBUS DR,15,6,3,41.89093055,-87.6200794,POINT (-87.620079402908 41.8909305471)
bc26f3616b93b238ef78d53b5a0d4a3b1bc61dc2e463b5d340be0c9c833dfbb5f03054a484f79bc5c2b3d4ec9d022e86536a9a91280f115184cc3d075843d25a,3/7/2025 9:29,CLEAR,DAYLIGHT,UNKNOWN,DRY,101,S,COLUMBUS DR,9,6,3,41.88081398,-87.62064144,POINT (-87.620641442845 41.880813975967)
cc4ada4326b699901224de14676c2768d89ef7dc7cfee5d7ee589d11fd347e63890fe4a93b938ebfed447b27f49e4f50fe9a56333666e21119eb7142343f1e58,3/6/2025 18:40,UNKNOWN,UNKNOWN,NOT DIVIDED,UNKNOWN,33,W,KINZIE ST,18,5,3,41.88912549,-87.62942249,POINT (-87.629422488805 41.889125488003)
d33f13a4948d09fecfcad111109ac399b6ed3311d411de7f99129a35330a6dd48dcc245e6c62808845d9f922386062d8de7e71216bbe8c5a2103d8448c988fd8,3/6/2025 15:45,UNKNOWN,UNKNOWN,FOUR WAY,UNKNOWN,30,S,MICHIGAN AVE,15,5,3,41.88137106,-87.62449175,POINT (-87.624491751871 41.881371061538)
94041e12569fd421b039c72b79d2f7670a1d300625f7cddbe0ba896f1c962a75172d41771cb450ed8755d87367cae861766aaf875953915dc76fbc15a6ecff5c,3/6/2025 15:08,CLEAR,DAYLIGHT,FOUR WAY,UNKNOWN,100,E,LOWER WACKER DR,15,5,3,41.88843209,-87.62442469,POINT (-87.624424686932 41.88843209205)
75abe5076849846bce3aaecb969f14ce79bcbaf3757a761672691a1f225a6a56aca47920cdcbc51f78dea01cf8bd4258e54e69a4afca77160fc58dd9612f41ff,3/6/2025 12:40,CLEAR,DAYLIGHT,DIVIDED - W/MEDIAN (NOT RAISED),DRY,36,E,CONGRESS PKWY,12,5,3,41.87579421,-87.6262805,POINT (-87.626280504313 41.875794208351)
7a562196483ef627ee3b0c8281c9468a1e7371a3708f8b5293cf61b7e9cf3e46fbf402426ec6abc5b2206c1e06ba1fd9ac0c13df0c4793352b42ece6bec8f8e9,3/6/2025 10:20,CLEAR,DAYLIGHT,ONE-WAY,DRY,131,S,WABASH AVE,10,5,3,41.88004476,-87.62600028,POINT (-87.626000280067 41.880044763707)
9f5aa3cfbe57e422872e30a4bf3efe31c065f2978444ab556cabdeda3393a51dc3c78ca0ee76070443867a4090ed041bfefeb143cdf8c764d6f600d816cb4dbc,3/6/2025 10:19,CLEAR,DAYLIGHT,NOT DIVIDED,DRY,300,N,LOWER COLUMBUS DR,10,5,3,41.88688372,-87.62088012,POINT (-87.620880115813 41.886883717417)
cbb97a1dd6c20606fd17da57a3a48d74c52dc3c2e073407a5c4715490f4f9f6a96fbd60f7a8fc41418d4da8bf3883a34ce8436da174b112de2b72963bdb9ba37,3/6/2025 10:00,CLEAR,DAYLIGHT,ONE-WAY,DRY,161,N,CLARK ST,10,5,3,41.8847797,-87.63080067,POINT (-87.630800667486 41.884779704626)
b440ca50b05007b23ad8920055610a3e6e2716764985a6f185fce6bf6d45bfd34eb3405b3dac6eea95bba60d5ed3e5aecaf1330752b6ddd45ad2597155ee490b,3/6/2025 9:10,CLEAR,DAYLIGHT,DIVIDED - W/MEDIAN BARRIER,DRY,123,N,WACKER DR,9,5,3,41.88374822,-87.63666184,POINT (-87.63666183831 41.883748216941)
6183d6508bd74c664de50845a37675d2c699fbbbe05fdc58a8228f42ee9ab442d75ea27474a3a2bee632c054d6cca3da15a49b616765e379a591f84fb325983c,3/6/2025 9:00,CLEAR,DAYLIGHT,ONE-WAY,DRY,180,W,WASHINGTON ST,9,5,3,41.88331789,-87.63329669,POINT (-87.633296691093 41.883317894491)
117aef62bc31332e1938cd887c88e5f493852b0b7f4c39553da59b5214b64b10de1176de05bf4244bc6e4bbb3ed00f3f01712cca76bfbcdca3aa461cccc07f46,3/5/2025 22:45,CLEAR,"DARKNESS, LIGHTED ROAD",DIVIDED - W/MEDIAN (NOT RAISED),DRY,98,S,LAKE SHORE DR SB,22,4,3,41.8809827,-87.61763334,POINT (-87.617633344219 41.88098270091)
d94d5ec1ff80f06afbf03eb2c841949298245a9efcad200ea98e64da0319dd68894e8a1fc8af8ca20f72496e198963bd5ee5ad0530844e9ad15cda2917e03bc2,3/5/2025 17:50,RAIN,DAWN,DIVIDED - W/MEDIAN (NOT RAISED),WET,30,N,LA SALLE ST,17,4,3,41.88269467,-87.63253143,POINT (-87.632531426661 41.882694668611)
5ee4919c17f09828a61fead7f38f7bc95f843159da8c03e9b04b52d527b874dfc79bba8963d1bc058e03c91a49dee3ae264987f6a76198d243c10ea9fbdc56e0,3/5/2025 14:50,RAIN,DAYLIGHT,ONE-WAY,WET,145,N,DEARBORN ST,14,4,3,41.88433967,-87.62930247,POINT (-87.629302474107 41.884339671462)
2eec2bf12e5a31c021c9c61bb8780f4e1155d64ca4fb4353df50f9d0d49256991bf86e196d7b6860937af84851b45f8a8df37bf08f475cebdc5c93c4a900a5e0,3/5/2025 13:50,RAIN,DAYLIGHT,ONE-WAY,UNKNOWN,161,E,GRAND AVE,13,4,3,41.89164658,-87.62293819,POINT (-87.622938192076 41.89164658196)
905bc8002c861382fcdeb91f2c270fee7602a9b9fe9f02b19aa36f3235d5fb63a3d6b67a3ec03c9b45b003a529f4bd218f37c9c593b0e68dc2f30e3901d99241,3/5/2025 13:48,CLEAR,DAYLIGHT,DIVIDED - W/MEDIAN BARRIER,DRY,145,W,KINZIE ST,13,4,3,41.88907632,-87.63277596,POINT (-87.632775960612 41.889076319454)
4b2586461bb2d227e8d2b43771f94e67a15d42add09c9ac917016842758349db51ab662d308967ecce36e8bc8461eebf743d1ac5bc16caf1afb631ce5fb1c50b,3/5/2025 11:12,UNKNOWN,UNKNOWN,NOT DIVIDED,UNKNOWN,360,E,JACKSON DR,11,4,3,41.87847143,-87.61852513,POINT (-87.618525129775 41.878471434459)
4d1c7f60f1a886cf8631788d3374052cd75e31ce7fb74cc3647c2dc37b3a8ff6b21f6a0a24020d3d10ba10b2527c072707810568479aff5a852e70020cfd8592,3/5/2025 8:30,CLEAR,DAYLIGHT,DIVIDED - W/MEDIAN BARRIER,DRY,150,E,RANDOLPH ST,8,4,3,41.88462845,-87.6226127,POINT (-87.622612699047 41.88462844514)
ef909f9214b6e127c90323fc98308753ca076a5bdd7067ba4cc1f9db4849a5996fca3e4dc9abe4d25cc5f4517a88861504867c5e58e42afed6aeb7507a0d7871,3/5/2025 8:04,RAIN,DAYLIGHT,NOT DIVIDED,WET,210,N,WABASH AVE,8,4,3,41.88604244,-87.62644432,POINT (-87.62644432372 41.886042436162)
d88a91233d872a6b4c2f7aebb917d8a136a3268bcc914a0fd0ce6275fb9d956008c3692e194c73eb3b8070dbf0c1d8aecbea4c1da289367a96d5c6858321fa0a,3/5/2025 7:55,CLEAR,DAYLIGHT,NOT DIVIDED,DRY,300,S,LAKE SHORE DR NB,7,4,3,41.87831013,-87.6175759,POINT (-87.617575903416 41.878310134581)
e9196e3fb0e30e3ebc797226f95c11424bf9f65685b85e3608a5c62dff1c43cbacd070b7feac876a210ea3d986a0b4c9088464ede29e4a880778e4a6bc1afd95,3/5/2025 5:45,RAIN,"DARKNESS, LIGHTED ROAD",NOT DIVIDED,WET,153,S,LAKE SHORE DR NB,5,4,3,41.87971667,-87.61708502,POINT (-87.617085023372 41.879716670801)
614863dd6f192f49f376f7ff481505351f11ecc4ac088812665de952e5a6146e37a3a9540a43e42e5430d57c8837f4907a81f881b31787edeb8bfa3308e128ab,3/4/2025 19:21,RAIN,"DARKNESS, LIGHTED ROAD",OTHER,WET,300,S,LAKE SHORE DR SB,19,3,3,41.87831013,-87.6175759,POINT (-87.617575903416 41.878310134581)
3bb496c1b10124497a0a7f5411bed003c2ace81db510aeee284615b51b6ed732b02b1c176ac1352d724acbd5e92cbc2ab8510596fc08d0603bb6e5a60e710e47,3/4/2025 13:22,RAIN,DAYLIGHT,FOUR WAY,WET,299,S,STATE ST,13,3,3,41.87820977,-87.62753115,POINT (-87.627531144988 41.878209772522)
5f2c74c3f526c35dc70a42a7f6dd5fbe836664fa28117a8ba2ae830c38b9fd0e345b34d06692f0005d1c011fc7920f56f0436f1b19f7dbcfffbe64d55c17784a,3/4/2025 13:00,RAIN,DAYLIGHT,NOT DIVIDED,UNKNOWN,303,E,WACKER DR,13,3,3,41.88770538,-87.62058814,POINT (-87.620588143928 41.887705379378)
5e5273eb6a0ba7c58b5fb843f11eaa814c95eb370e73317fc95d332537d374a6a4ae95ea33e91bef1a56495d754d9bed1f79164819d9b9eeaceb25036fc52a70,3/4/2025 12:18,RAIN,DAYLIGHT,NOT DIVIDED,WET,600,N,ST CLAIR ST,12,3,3,41.89259351,-87.6228409,POINT (-87.62284090321 41.892593508354)
37827d84bdb88b6a540ff968c984e61b5196d5c8b4fe27e6119e54dfe77cf4ae59a2890ff17b16d740ba062cb0008c01bf9acdc9fcf2480664e9089ca3d70e97,3/4/2025 6:24,RAIN,DAWN,ONE-WAY,WET,201,W,LAKE ST,6,3,3,41.88561893,-87.63397143,POINT (-87.633971425199 41.885618927077)
d51d8be71010dfd2615816f34431571103a04eeccce9094a23e3c04a2f88542fccc70827fca547b4ee0c6e9961df98907034def9a127bfdae75e74d9c929e24b,3/3/2025 11:54,CLOUDY/OVERCAST,DAYLIGHT,NOT DIVIDED,UNKNOWN,616,N,RUSH ST,11,2,3,41.89313081,-87.62555906,POINT (-87.625559064282 41.893130810873)
0d85a36c067f45a86f7bd5508bc995b3957d724650fc8c6fb7abe095ef86b08898146f01d8de93273b62dde3fe8a953004d7037c7f1126b8cdda2179a86f44c6,3/3/2025 6:38,CLEAR,DAWN,DIVIDED - W/MEDIAN (NOT RAISED),DRY,140,W,WACKER DR,6,2,3,41.88703998,-87.63218921,POINT (-87.632189214385 41.887039984032)
2e605e0c80bb23f6aa36c27a049617be449263479d28c621736cabecdb7bba55650254e58b45ebea26a76536a692f66cb25c7b3d3af60a73e4c5541fab74fa25,3/3/2025 2:40,CLEAR,DAYLIGHT,DIVIDED - W/MEDIAN (NOT RAISED),DRY,400,E,LOWER WACKER DR,2,2,3,41.88755113,-87.61735601,POINT (-87.617356008287 41.8875511317)
d0f6ac9bf6d9bf862c91cbedee962839b583815fe42eadf3240bf5559e86c533337a32b013cf594b00af78ac9e087f41daa43e5d5f2f3e0bf5e573571b630ae5,3/2/2025 23:46,CLEAR,"DARKNESS, LIGHTED ROAD",FOUR WAY,DRY,150,N,COLUMBUS DR,23,1,3,41.88458537,-87.62079215,POINT (-87.620792152563 41.884585370634)
b9d6f0155ba920cfc379f7fe8a571ab183d65c3323b6499aaa5fe5c9bf54594b201dfdeec676e582f1b69d6b8fed2995f9d1ab27bd32c1fed7e1f9469b9eaf3b,3/2/2025 21:18,CLEAR,"DARKNESS, LIGHTED ROAD",ONE-WAY,DRY,400,E,ILLINOIS ST,21,1,3,41.89116308,-87.61754788,POINT (-87.617547881573 41.891163078971)
8e2e566ed413c10b4e31bd1991bd78f26cd711301d14e836b112f4c2664c7daa54537902efeed39bcee13038b204581fd8f8eb77fd88bc794b8d95cf57489274,3/2/2025 13:45,CLEAR,DAYLIGHT,T-INTERSECTION,DRY,218,W,LAKE ST,13,1,3,41.8858412,-87.63465132,POINT (-87.634651317566 41.885841199831)
de6fab3fe60faec5a047de9a6e00c4599ad00efa40bfe2a09140d637e477ddcfb0115a5bbcce41e555af38dd4f729840bc8e77effaf723a614f2a0d0aa325541,3/1/2025 22:51,CLEAR,"DARKNESS, LIGHTED ROAD",DIVIDED - W/MEDIAN BARRIER,DRY,170,N,MICHIGAN AVE,22,7,3,41.88501331,-87.62462595,POINT (-87.624625953963 41.88501331469)
f9631189e1b100209e7e7beb5340eed1db818d340b3604ee49b9829fa341c77b6e50eb998219f9563379a52072435f970dc8b537381154bdc656dfffe9c74a1b,3/1/2025 22:16,UNKNOWN,"DARKNESS, LIGHTED ROAD",PARKING LOT,UNKNOWN,404,N,STATE ST,22,7,3,41.8894362,-87.62814055,POINT (-87.62814055141 41.889436195223)
75c5b578202f0e2be8e7335ea713f029f341f1f2dc24749fd22347241c2ab014e0d1c0d14a07c0232afc456ccbfd99e890152b850d96bb8bde674d8b1502b55c,3/1/2025 21:29,CLEAR,"DARKNESS, LIGHTED ROAD",FOUR WAY,DRY,50,E,ADAMS ST,21,7,3,41.8796405,-87.62583248,POINT (-87.625832483096 41.879640500465)
5a554fc9e0451845bc72d3f73a7808d674c7fdfe9721d9f39fa7537e4612d51c20a4a857cfa497ae232f919270d55e3aa68e6146cfeb05c4c3660666ab5792a1,3/1/2025 21:15,CLEAR,"DARKNESS, LIGHTED ROAD",PARKING LOT,DRY,611,N,WABASH AVE,21,7,3,41.8928934,-87.62659995,POINT (-87.62659995265 41.892893400241)
33fdfa869f6e8ba3e4b93941fe40c5c9b0070e8d0d0d04aa0faec1aa594f59a5a92bb4d8abf80ede4370698a3a74dc01f432de93acfa09134ded38cf2aa9e885,3/1/2025 15:50,CLEAR,DAYLIGHT,DIVIDED - W/MEDIAN (NOT RAISED),DRY,440,S,STATE ST,15,7,3,41.87593286,-87.62777344,POINT (-87.627773436384 41.875932855182)
c3d90e32fa86e104253380fe3be2ffbc372558fa7db76bce84bcaec7fa9a2fff06094c369e761a96275c7eab7cb2ad6f3826d8246f3317bf4245909376ebe218,3/1/2025 12:15,CLEAR,DAYLIGHT,NOT DIVIDED,DRY,399,E,JACKSON DR,12,7,3,41.87826909,-87.61720934,POINT (-87.61720934423 41.87826909091)